player,team,def_int,def_int_yds,def_int_td,def_int_long,pass_defended,sacks,tackles_combined,tackles_solo,tackles_assists,tackles_loss,qb_hits,fumbles_rec,fumbles_rec_yds,fumbles_rec_td,fumbles_forced,game_id
Marshawn Kneeland,DAL,0.0,0.0,0.0,0.0,0.0,1.0,3.0,2.0,1.0,1.0,1.0,0.0,0.0,0.0,0.0,2025_01_DAL_PHI
Malik Hooker,DAL,0.0,0.0,0.0,0.0,0.0,0.0,9.0,4.0,5.0,0.0,0.0,0.0,0.0,0.0,0.0,2025_01_DAL_PHI
Kenneth Murray,DAL,0.0,0.0,0.0,0.0,0.0,0.0,9.0,4.0,5.0,0.0,0.0,0.0,0.0,0.0,0.0,2025_01_DAL_PHI
Damone Clark,DAL,0.0,0.0,0.0,0.0,0.0,0.0,6.0,3.0,3.0,0.0,0.0,0.0,0.0,0.0,0.0,2025_01_DAL_PHI
Kaiir Elam,DAL,0.0,0.0,0.0,0.0,0.0,0.0,6.0,4.0,2.0,0.0,0.0,0.0,0.0,0.0,0.0,2025_01_DAL_PHI
Jack Sanborn,DAL,0.0,0.0,0.0,0.0,0.0,0.0,6.0,2.0,4.0,1.0,0.0,0.0,0.0,0.0,0.0,2025_01_DAL_PHI
Kenny Clark,DAL,0.0,0.0,0.0,0.0,0.0,0.0,5.0,2.0,3.0,0.0,0.0,0.0,0.0,0.0,0.0,2025_01_DAL_PHI
Solomon Thomas,DAL,0.0,0.0,0.0,0.0,0.0,0.0,5.0,3.0,2.0,1.0,0.0,0.0,0.0,0.0,0.0,2025_01_DAL_PHI
Sam Williams,DAL,0.0,0.0,0.0,0.0,0.0,0.0,5.0,3.0,2.0,1.0,1.0,0.0,0.0,0.0,0.0,2025_01_DAL_PHI
DaRon Bland,DAL,0.0,0.0,0.0,0.0,0.0,0.0,3.0,2.0,1.0,0.0,0.0,0.0,0.0,0.0,0.0,2025_01_DAL_PHI
Marist Liufau,DAL,0.0,0.0,0.0,0.0,0.0,0.0,3.0,3.0,0.0,0.0,0.0,0.0,0.0,0.0,0.0,2025_01_DAL_PHI
Osa Odighizuwa,DAL,0.0,0.0,0.0,0.0,0.0,0.0,3.0,1.0,2.0,0.0,1.0,0.0,0.0,0.0,0.0,2025_01_DAL_PHI
James Houston,DAL,0.0,0.0,0.0,0.0,0.0,0.0,2.0,2.0,0.0,1.0,0.0,0.0,0.0,0.0,0.0,2025_01_DAL_PHI
Trevon Diggs,DAL,0.0,0.0,0.0,0.0,0.0,0.0,1.0,1.0,0.0,0.0,0.0,0.0,0.0,0.0,0.0,2025_01_DAL_PHI
Donovan Ezeiruaku,DAL,0.0,0.0,0.0,0.0,0.0,0.0,1.0,1.0,0.0,0.0,1.0,0.0,0.0,0.0,0.0,2025_01_DAL_PHI
Jay Toia,DAL,0.0,0.0,0.0,0.0,0.0,0.0,1.0,0.0,1.0,0.0,0.0,0.0,0.0,0.0,0.0,2025_01_DAL_PHI
Donovan Wilson,DAL,0.0,0.0,0.0,0.0,0.0,0.0,1.0,0.0,1.0,0.0,0.0,0.0,0.0,0.0,0.0,2025_01_DAL_PHI
Dante Fowler,DAL,0.0,0.0,0.0,0.0,0.0,0.0,0.0,0.0,0.0,0.0,1.0,0.0,0.0,0.0,0.0,2025_01_DAL_PHI
Zack Baun,PHI,0.0,0.0,0.0,0.0,1.0,0.0,9.0,6.0,3.0,1.0,0.0,0.0,0.0,0.0,0.0,2025_01_DAL_PHI
Adoree' Jackson,PHI,0.0,0.0,0.0,0.0,1.0,0.0,7.0,5.0,2.0,0.0,0.0,0.0,0.0,0.0,0.0,2025_01_DAL_PHI
Jordan Davis,PHI,0.0,0.0,0.0,0.0,1.0,0.0,6.0,3.0,3.0,1.0,0.0,0.0,0.0,0.0,0.0,2025_01_DAL_PHI
Cooper DeJean,PHI,0.0,0.0,0.0,0.0,1.0,0.0,5.0,3.0,2.0,0.0,0.0,0.0,0.0,0.0,0.0,2025_01_DAL_PHI
Quinyon Mitchell,PHI,0.0,0.0,0.0,0.0,1.0,0.0,4.0,3.0,1.0,0.0,0.0,1.0,6.0,0.0,0.0,2025_01_DAL_PHI
Andrew Mukuba,PHI,0.0,0.0,0.0,0.0,0.0,0.0,4.0,3.0,1.0,0.0,0.0,0.0,0.0,0.0,0.0,2025_01_DAL_PHI
Nolan Smith,PHI,0.0,0.0,0.0,0.0,0.0,0.0,4.0,1.0,3.0,0.0,0.0,0.0,0.0,0.0,0.0,2025_01_DAL_PHI
Jakorian Bennett,PHI,0.0,0.0,0.0,0.0,0.0,0.0,3.0,3.0,0.0,0.0,0.0,0.0,0.0,0.0,0.0,2025_01_DAL_PHI
Reed Blankenship,PHI,0.0,0.0,0.0,0.0,0.0,0.0,3.0,3.0,0.0,0.0,0.0,0.0,0.0,0.0,0.0,2025_01_DAL_PHI
Jihaad Campbell,PHI,0.0,0.0,0.0,0.0,1.0,0.0,3.0,0.0,3.0,0.0,0.0,0.0,0.0,0.0,1.0,2025_01_DAL_PHI
Jalyx Hunt,PHI,0.0,0.0,0.0,0.0,0.0,0.0,3.0,1.0,2.0,1.0,0.0,0.0,0.0,0.0,0.0,2025_01_DAL_PHI
Sydney Brown,PHI,0.0,0.0,0.0,0.0,0.0,0.0,2.0,1.0,1.0,0.0,0.0,0.0,0.0,0.0,0.0,2025_01_DAL_PHI
Jeremiah Trotter Jr.,PHI,0.0,0.0,0.0,0.0,0.0,0.0,2.0,0.0,2.0,0.0,0.0,0.0,0.0,0.0,0.0,2025_01_DAL_PHI
Kylen Granson,PHI,0.0,0.0,0.0,0.0,0.0,0.0,1.0,1.0,0.0,0.0,0.0,0.0,0.0,0.0,0.0,2025_01_DAL_PHI
John Metchie,PHI,0.0,0.0,0.0,0.0,0.0,0.0,1.0,1.0,0.0,0.0,0.0,0.0,0.0,0.0,0.0,2025_01_DAL_PHI
Moro Ojomo,PHI,0.0,0.0,0.0,0.0,0.0,0.0,1.0,0.0,1.0,0.0,1.0,0.0,0.0,0.0,0.0,2025_01_DAL_PHI
Joshua Uche,PHI,0.0,0.0,0.0,0.0,0.0,0.0,1.0,0.0,1.0,0.0,0.0,0.0,0.0,0.0,0.0,2025_01_DAL_PHI
Byron Young,PHI,0.0,0.0,0.0,0.0,0.0,0.0,1.0,0.0,1.0,0.0,0.0,0.0,0.0,0.0,0.0,2025_01_DAL_PHI
Drue Tranquill,KAN,0.0,0.0,0.0,0.0,0.0,2.0,5.0,4.0,1.0,2.0,2.0,0.0,0.0,0.0,0.0,2025_01_KC_LAC
George Karlaftis III,KAN,0.0,0.0,0.0,0.0,0.0,1.0,3.0,2.0,1.0,2.0,1.0,0.0,0.0,0.0,0.0,2025_01_KC_LAC
Chamarri Conner,KAN,0.0,0.0,0.0,0.0,0.0,0.0,10.0,7.0,3.0,0.0,0.0,0.0,0.0,0.0,1.0,2025_01_KC_LAC
Nick Bolton,KAN,0.0,0.0,0.0,0.0,0.0,0.0,8.0,6.0,2.0,0.0,0.0,0.0,0.0,0.0,0.0,2025_01_KC_LAC
Jaylen Watson,KAN,0.0,0.0,0.0,0.0,1.0,0.0,6.0,5.0,1.0,0.0,0.0,0.0,0.0,0.0,0.0,2025_01_KC_LAC
Trent McDuffie,KAN,0.0,0.0,0.0,0.0,1.0,0.0,5.0,4.0,1.0,0.0,0.0,0.0,0.0,0.0,0.0,2025_01_KC_LAC
Jaden Hicks,KAN,0.0,0.0,0.0,0.0,0.0,0.0,4.0,3.0,1.0,0.0,0.0,0.0,0.0,0.0,0.0,2025_01_KC_LAC
Bryan Cook,KAN,0.0,0.0,0.0,0.0,0.0,0.0,3.0,2.0,1.0,0.0,0.0,0.0,0.0,0.0,0.0,2025_01_KC_LAC
Leo Chenal,KAN,0.0,0.0,0.0,0.0,0.0,0.0,2.0,1.0,1.0,0.0,0.0,0.0,0.0,0.0,0.0,2025_01_KC_LAC
Michael Danna,KAN,0.0,0.0,0.0,0.0,0.0,0.0,2.0,1.0,1.0,1.0,0.0,0.0,0.0,0.0,0.0,2025_01_KC_LAC
Chris Jones,KAN,0.0,0.0,0.0,0.0,0.0,0.0,2.0,0.0,2.0,0.0,0.0,0.0,0.0,0.0,0.0,2025_01_KC_LAC
Charles Omenihu,KAN,0.0,0.0,0.0,0.0,0.0,0.0,2.0,2.0,0.0,0.0,1.0,0.0,0.0,0.0,0.0,2025_01_KC_LAC
Nohl Williams,KAN,0.0,0.0,0.0,0.0,0.0,0.0,2.0,1.0,1.0,0.0,0.0,0.0,0.0,0.0,0.0,2025_01_KC_LAC
Jack Cochrane,KAN,0.0,0.0,0.0,0.0,0.0,0.0,1.0,0.0,1.0,0.0,0.0,0.0,0.0,0.0,0.0,2025_01_KC_LAC
Kristian Fulton,KAN,0.0,0.0,0.0,0.0,0.0,0.0,1.0,1.0,0.0,0.0,0.0,0.0,0.0,0.0,0.0,2025_01_KC_LAC
Ashton Gillotte,KAN,0.0,0.0,0.0,0.0,0.0,0.0,1.0,1.0,0.0,0.0,0.0,0.0,0.0,0.0,0.0,2025_01_KC_LAC
Cooper McDonald,KAN,0.0,0.0,0.0,0.0,0.0,0.0,1.0,0.0,1.0,0.0,0.0,0.0,0.0,0.0,0.0,2025_01_KC_LAC
Derrick Nnadi,KAN,0.0,0.0,0.0,0.0,0.0,0.0,1.0,1.0,0.0,0.0,0.0,0.0,0.0,0.0,0.0,2025_01_KC_LAC
Jerry Tillery,KAN,0.0,0.0,0.0,0.0,0.0,0.0,1.0,1.0,0.0,1.0,0.0,0.0,0.0,0.0,0.0,2025_01_KC_LAC
Patrick Mahomes,KAN,0.0,0.0,0.0,0.0,0.0,0.0,0.0,0.0,0.0,0.0,0.0,1.0,0.0,0.0,0.0,2025_01_KC_LAC
Daiyan Henley,LAC,0.0,0.0,0.0,0.0,0.0,1.0,8.0,3.0,5.0,1.0,1.0,0.0,0.0,0.0,0.0,2025_01_KC_LAC
Da'Shawn Hand,LAC,0.0,0.0,0.0,0.0,0.0,1.0,2.0,1.0,1.0,1.0,2.0,0.0,0.0,0.0,0.0,2025_01_KC_LAC
Alohi Gilman,LAC,0.0,0.0,0.0,0.0,0.0,0.0,9.0,4.0,5.0,0.0,0.0,0.0,0.0,0.0,0.0,2025_01_KC_LAC
Derwin James,LAC,0.0,0.0,0.0,0.0,0.0,0.0,7.0,5.0,2.0,1.0,2.0,0.0,0.0,0.0,0.0,2025_01_KC_LAC
Troy Dye,LAC,0.0,0.0,0.0,0.0,0.0,0.0,5.0,3.0,2.0,0.0,0.0,0.0,0.0,0.0,0.0,2025_01_KC_LAC
Cam Hart,LAC,0.0,0.0,0.0,0.0,0.0,0.0,4.0,4.0,0.0,0.0,0.0,0.0,0.0,0.0,0.0,2025_01_KC_LAC
Elijah Molden,LAC,0.0,0.0,0.0,0.0,0.0,0.0,4.0,4.0,0.0,0.0,0.0,0.0,0.0,0.0,0.0,2025_01_KC_LAC
Caleb Murphy,LAC,0.0,0.0,0.0,0.0,0.0,0.0,4.0,2.0,2.0,0.0,0.0,0.0,0.0,0.0,0.0,2025_01_KC_LAC
Donte Jackson,LAC,0.0,0.0,0.0,0.0,1.0,0.0,3.0,3.0,0.0,0.0,0.0,0.0,0.0,0.0,0.0,2025_01_KC_LAC
Del'Shawn Phillips,LAC,0.0,0.0,0.0,0.0,0.0,0.0,3.0,0.0,3.0,0.0,0.0,0.0,0.0,0.0,0.0,2025_01_KC_LAC
Tarheeb Still,LAC,0.0,0.0,0.0,0.0,0.0,0.0,3.0,3.0,0.0,0.0,0.0,0.0,0.0,0.0,0.0,2025_01_KC_LAC
Benjamin St-Juste,LAC,0.0,0.0,0.0,0.0,0.0,0.0,2.0,1.0,1.0,0.0,0.0,0.0,0.0,0.0,0.0,2025_01_KC_LAC
Ja'Sir Taylor,LAC,0.0,0.0,0.0,0.0,0.0,0.0,2.0,1.0,1.0,0.0,0.0,0.0,0.0,0.0,0.0,2025_01_KC_LAC
Khalil Mack,LAC,0.0,0.0,0.0,0.0,0.0,0.0,1.0,1.0,0.0,0.0,1.0,0.0,0.0,0.0,0.0,2025_01_KC_LAC
Teair Tart,LAC,0.0,0.0,0.0,0.0,2.0,0.0,1.0,1.0,0.0,0.0,0.0,0.0,0.0,0.0,0.0,2025_01_KC_LAC
Tuli Tuipulotu,LAC,0.0,0.0,0.0,0.0,0.0,0.0,1.0,0.0,1.0,0.0,2.0,0.0,0.0,0.0,0.0,2025_01_KC_LAC
Kendall Williamson,LAC,0.0,0.0,0.0,0.0,0.0,0.0,1.0,0.0,1.0,0.0,0.0,0.0,0.0,0.0,0.0,2025_01_KC_LAC
Bud Dupree,LAC,0.0,0.0,0.0,0.0,1.0,0.0,0.0,0.0,0.0,0.0,0.0,0.0,0.0,0.0,0.0,2025_01_KC_LAC
Haason Reddick,TAM,0.0,0.0,0.0,0.0,0.0,1.0,3.0,1.0,2.0,1.0,1.0,0.0,0.0,0.0,0.0,2025_01_TB_ATL
Tykee Smith,TAM,0.0,0.0,0.0,0.0,1.0,0.0,11.0,7.0,4.0,0.0,0.0,0.0,0.0,0.0,0.0,2025_01_TB_ATL
SirVocea Dennis,TAM,0.0,0.0,0.0,0.0,1.0,0.0,10.0,7.0,3.0,2.0,0.0,0.0,0.0,0.0,0.0,2025_01_TB_ATL
Zyon McCollum,TAM,0.0,0.0,0.0,0.0,0.0,0.0,10.0,7.0,3.0,1.0,0.0,0.0,0.0,0.0,0.0,2025_01_TB_ATL
Lavonte David,TAM,0.0,0.0,0.0,0.0,0.0,0.0,9.0,3.0,6.0,1.0,1.0,0.0,0.0,0.0,0.0,2025_01_TB_ATL
Jamel Dean,TAM,0.0,0.0,0.0,0.0,3.0,0.0,6.0,6.0,0.0,0.0,0.0,0.0,0.0,0.0,0.0,2025_01_TB_ATL
Jacob Parrish,TAM,0.0,0.0,0.0,0.0,0.0,0.0,5.0,3.0,2.0,1.0,0.0,0.0,0.0,0.0,0.0,2025_01_TB_ATL
Antoine Winfield Jr.,TAM,0.0,0.0,0.0,0.0,1.0,0.0,4.0,1.0,3.0,0.0,0.0,0.0,0.0,0.0,0.0,2025_01_TB_ATL
YaYa Diaby,TAM,0.0,0.0,0.0,0.0,0.0,0.0,3.0,3.0,0.0,1.0,2.0,0.0,0.0,0.0,0.0,2025_01_TB_ATL
Anthony Nelson,TAM,0.0,0.0,0.0,0.0,0.0,0.0,3.0,1.0,2.0,0.0,0.0,0.0,0.0,0.0,0.0,2025_01_TB_ATL
John Bullock,TAM,0.0,0.0,0.0,0.0,0.0,0.0,2.0,0.0,2.0,0.0,0.0,0.0,0.0,0.0,0.0,2025_01_TB_ATL
Ryan Miller,TAM,0.0,0.0,0.0,0.0,0.0,0.0,2.0,1.0,1.0,0.0,0.0,0.0,0.0,0.0,0.0,2025_01_TB_ATL
Vita Vea,TAM,0.0,0.0,0.0,0.0,0.0,0.0,2.0,1.0,1.0,0.0,0.0,0.0,0.0,0.0,0.0,2025_01_TB_ATL
Rashad Wisdom,TAM,0.0,0.0,0.0,0.0,0.0,0.0,2.0,0.0,2.0,0.0,0.0,0.0,0.0,0.0,0.0,2025_01_TB_ATL
Payne Durham,TAM,0.0,0.0,0.0,0.0,0.0,0.0,1.0,0.0,1.0,0.0,0.0,0.0,0.0,0.0,0.0,2025_01_TB_ATL
Greg Gaines,TAM,0.0,0.0,0.0,0.0,0.0,0.0,1.0,0.0,1.0,0.0,0.0,0.0,0.0,0.0,0.0,2025_01_TB_ATL
Logan Hall,TAM,0.0,0.0,0.0,0.0,0.0,0.0,1.0,1.0,0.0,0.0,0.0,0.0,0.0,0.0,0.0,2025_01_TB_ATL
Deion Jones,TAM,0.0,0.0,0.0,0.0,0.0,0.0,1.0,0.0,1.0,0.0,0.0,0.0,0.0,0.0,0.0,2025_01_TB_ATL
Ko Kieft,TAM,0.0,0.0,0.0,0.0,0.0,0.0,1.0,1.0,0.0,0.0,0.0,0.0,0.0,0.0,0.0,2025_01_TB_ATL
Billy Bowman,ATL,0.0,0.0,0.0,0.0,0.0,0.5,6.0,3.0,3.0,0.0,1.0,0.0,0.0,0.0,0.0,2025_01_TB_ATL
Divine Deablo,ATL,0.0,0.0,0.0,0.0,1.0,0.5,6.0,1.0,5.0,1.0,1.0,0.0,0.0,0.0,0.0,2025_01_TB_ATL
Jessie Bates III,ATL,0.0,0.0,0.0,0.0,0.0,0.0,6.0,2.0,4.0,0.0,0.0,0.0,0.0,0.0,0.0,2025_01_TB_ATL
AJ Terrell,ATL,0.0,0.0,0.0,0.0,2.0,0.0,6.0,6.0,0.0,0.0,0.0,0.0,0.0,0.0,0.0,2025_01_TB_ATL
Xavier Watts,ATL,0.0,0.0,0.0,0.0,2.0,0.0,6.0,6.0,0.0,0.0,0.0,0.0,0.0,0.0,0.0,2025_01_TB_ATL
Arnold Ebiketie,ATL,0.0,0.0,0.0,0.0,0.0,0.0,5.0,3.0,2.0,1.0,0.0,0.0,0.0,0.0,0.0,2025_01_TB_ATL
Kaden Elliss,ATL,0.0,0.0,0.0,0.0,1.0,0.0,5.0,3.0,2.0,0.0,0.0,0.0,0.0,0.0,0.0,2025_01_TB_ATL
Jalon Walker,ATL,0.0,0.0,0.0,0.0,0.0,0.0,3.0,2.0,1.0,0.0,0.0,0.0,0.0,0.0,0.0,2025_01_TB_ATL
Zach Harrison,ATL,0.0,0.0,0.0,0.0,0.0,0.0,2.0,0.0,2.0,0.0,0.0,0.0,0.0,0.0,0.0,2025_01_TB_ATL
Mike Hughes,ATL,0.0,0.0,0.0,0.0,1.0,0.0,2.0,0.0,2.0,0.0,0.0,0.0,0.0,0.0,0.0,2025_01_TB_ATL
Ruke Orhorhoro,ATL,0.0,0.0,0.0,0.0,0.0,0.0,2.0,0.0,2.0,0.0,0.0,0.0,0.0,0.0,0.0,2025_01_TB_ATL
Feleipe Franks,ATL,0.0,0.0,0.0,0.0,0.0,0.0,1.0,1.0,0.0,0.0,0.0,0.0,0.0,0.0,0.0,2025_01_TB_ATL
Younghoe Koo,ATL,0.0,0.0,0.0,0.0,0.0,0.0,1.0,1.0,0.0,0.0,0.0,0.0,0.0,0.0,0.0,2025_01_TB_ATL
Bradley Pinion,ATL,0.0,0.0,0.0,0.0,0.0,0.0,1.0,1.0,0.0,0.0,0.0,0.0,0.0,0.0,0.0,2025_01_TB_ATL
James Pearce,ATL,0.0,0.0,0.0,0.0,0.0,0.0,0.0,0.0,0.0,0.0,1.0,0.0,0.0,0.0,0.0,2025_01_TB_ATL
Bijan Robinson,ATL,0.0,0.0,0.0,0.0,0.0,0.0,0.0,0.0,0.0,0.0,0.0,1.0,0.0,0.0,0.0,2025_01_TB_ATL
Jordan Battle,CIN,1.0,2.0,0.0,2.0,1.0,0.0,12.0,5.0,7.0,0.0,0.0,0.0,0.0,0.0,0.0,2025_01_CIN_CLE
DJ Turner,CIN,1.0,7.0,0.0,7.0,2.0,0.0,2.0,0.0,2.0,0.0,0.0,0.0,0.0,0.0,0.0,2025_01_CIN_CLE
B.J. Hill,CIN,0.0,0.0,0.0,0.0,0.0,1.0,7.0,3.0,4.0,1.0,1.0,0.0,0.0,0.0,0.0,2025_01_CIN_CLE
Trey Hendrickson,CIN,0.0,0.0,0.0,0.0,0.0,1.0,3.0,3.0,0.0,1.0,3.0,0.0,0.0,0.0,0.0,2025_01_CIN_CLE
Demetrius Knight,CIN,0.0,0.0,0.0,0.0,1.0,0.0,10.0,8.0,2.0,0.0,0.0,0.0,0.0,0.0,0.0,2025_01_CIN_CLE
Daxton Hill,CIN,0.0,0.0,0.0,0.0,0.0,0.0,9.0,5.0,4.0,0.0,0.0,0.0,0.0,0.0,0.0,2025_01_CIN_CLE
Logan Wilson,CIN,0.0,0.0,0.0,0.0,2.0,0.0,7.0,4.0,3.0,0.0,0.0,0.0,0.0,0.0,0.0,2025_01_CIN_CLE
Geno Stone,CIN,0.0,0.0,0.0,0.0,0.0,0.0,5.0,1.0,4.0,0.0,0.0,0.0,0.0,0.0,0.0,2025_01_CIN_CLE
Tycen Anderson,CIN,0.0,0.0,0.0,0.0,0.0,0.0,4.0,2.0,2.0,0.0,0.0,0.0,0.0,0.0,0.0,2025_01_CIN_CLE
Barrett Carter,CIN,0.0,0.0,0.0,0.0,0.0,0.0,4.0,3.0,1.0,0.0,0.0,0.0,0.0,0.0,0.0,2025_01_CIN_CLE
Mike Pennel,CIN,0.0,0.0,0.0,0.0,0.0,0.0,4.0,1.0,3.0,1.0,0.0,0.0,0.0,0.0,0.0,2025_01_CIN_CLE
Josh Newton,CIN,0.0,0.0,0.0,0.0,0.0,0.0,3.0,3.0,0.0,0.0,0.0,0.0,0.0,0.0,0.0,2025_01_CIN_CLE
Tedarrell Slaton,CIN,0.0,0.0,0.0,0.0,0.0,0.0,3.0,0.0,3.0,0.0,1.0,0.0,0.0,0.0,0.0,2025_01_CIN_CLE
Oren Burks,CIN,0.0,0.0,0.0,0.0,0.0,0.0,2.0,1.0,1.0,1.0,0.0,0.0,0.0,0.0,0.0,2025_01_CIN_CLE
Kris Jenkins,CIN,0.0,0.0,0.0,0.0,0.0,0.0,2.0,2.0,0.0,0.0,0.0,0.0,0.0,0.0,0.0,2025_01_CIN_CLE
Myles Murphy,CIN,0.0,0.0,0.0,0.0,0.0,0.0,2.0,1.0,1.0,0.0,0.0,0.0,0.0,0.0,0.0,2025_01_CIN_CLE
Samaje Perine,CIN,0.0,0.0,0.0,0.0,0.0,0.0,2.0,0.0,2.0,0.0,0.0,0.0,0.0,0.0,0.0,2025_01_CIN_CLE
Tahj Brooks,CIN,0.0,0.0,0.0,0.0,0.0,0.0,1.0,1.0,0.0,0.0,0.0,0.0,0.0,0.0,0.0,2025_01_CIN_CLE
Shaka Heyward,CIN,0.0,0.0,0.0,0.0,0.0,0.0,1.0,0.0,1.0,0.0,0.0,0.0,0.0,0.0,0.0,2025_01_CIN_CLE
Joseph Ossai,CIN,0.0,0.0,0.0,0.0,0.0,0.0,1.0,1.0,0.0,0.0,0.0,0.0,0.0,0.0,0.0,2025_01_CIN_CLE
Cam Taylor-Britt,CIN,0.0,0.0,0.0,0.0,0.0,0.0,1.0,0.0,1.0,0.0,0.0,0.0,0.0,0.0,0.0,2025_01_CIN_CLE
William Wagner,CIN,0.0,0.0,0.0,0.0,0.0,0.0,1.0,0.0,1.0,0.0,0.0,0.0,0.0,0.0,0.0,2025_01_CIN_CLE
Myles Garrett,CLE,0.0,0.0,0.0,0.0,0.0,2.0,5.0,5.0,0.0,4.0,3.0,0.0,0.0,0.0,0.0,2025_01_CIN_CLE
Isaiah McGuire,CLE,0.0,0.0,0.0,0.0,0.0,1.0,6.0,4.0,2.0,2.0,2.0,0.0,0.0,0.0,0.0,2025_01_CIN_CLE
Carson Schwesinger,CLE,0.0,0.0,0.0,0.0,0.0,0.0,8.0,3.0,5.0,1.0,1.0,0.0,0.0,0.0,0.0,2025_01_CIN_CLE
Devin Bush Jr.,CLE,0.0,0.0,0.0,0.0,1.0,0.0,7.0,4.0,3.0,1.0,1.0,0.0,0.0,0.0,0.0,2025_01_CIN_CLE
Ronnie Hickman,CLE,0.0,0.0,0.0,0.0,1.0,0.0,5.0,3.0,2.0,0.0,0.0,0.0,0.0,0.0,0.0,2025_01_CIN_CLE
Grant Delpit,CLE,0.0,0.0,0.0,0.0,0.0,0.0,4.0,2.0,2.0,0.0,0.0,0.0,0.0,0.0,0.0,2025_01_CIN_CLE
Mohamoud Diabate,CLE,0.0,0.0,0.0,0.0,0.0,0.0,3.0,2.0,1.0,0.0,0.0,0.0,0.0,0.0,0.0,2025_01_CIN_CLE
Mason Graham,CLE,0.0,0.0,0.0,0.0,0.0,0.0,3.0,0.0,3.0,0.0,0.0,0.0,0.0,0.0,0.0,2025_01_CIN_CLE
Myles Harden,CLE,0.0,0.0,0.0,0.0,0.0,0.0,3.0,3.0,0.0,0.0,0.0,0.0,0.0,0.0,0.0,2025_01_CIN_CLE
Greg Newsome II,CLE,0.0,0.0,0.0,0.0,2.0,0.0,3.0,3.0,0.0,0.0,0.0,0.0,0.0,0.0,0.0,2025_01_CIN_CLE
Adin Huntington,CLE,0.0,0.0,0.0,0.0,0.0,0.0,2.0,1.0,1.0,0.0,0.0,0.0,0.0,0.0,0.0,2025_01_CIN_CLE
Denzel Ward,CLE,0.0,0.0,0.0,0.0,1.0,0.0,2.0,2.0,0.0,0.0,0.0,0.0,0.0,0.0,0.0,2025_01_CIN_CLE
Jerome Baker,CLE,0.0,0.0,0.0,0.0,0.0,0.0,1.0,0.0,1.0,0.0,0.0,0.0,0.0,0.0,0.0,2025_01_CIN_CLE
Shelby Harris,CLE,0.0,0.0,0.0,0.0,0.0,0.0,1.0,0.0,1.0,0.0,0.0,0.0,0.0,0.0,0.0,2025_01_CIN_CLE
Donovan McMillon,CLE,0.0,0.0,0.0,0.0,0.0,0.0,1.0,1.0,0.0,0.0,0.0,0.0,0.0,0.0,0.0,2025_01_CIN_CLE
Alex Wright,CLE,0.0,0.0,0.0,0.0,0.0,0.0,1.0,0.0,1.0,0.0,0.0,0.0,0.0,0.0,0.0,2025_01_CIN_CLE
Bradley Chubb,MIA,0.0,0.0,0.0,0.0,0.0,1.0,1.0,1.0,0.0,1.0,1.0,0.0,0.0,0.0,0.0,2025_01_MIA_IND
Jordyn Brooks,MIA,0.0,0.0,0.0,0.0,0.0,0.0,14.0,5.0,9.0,1.0,0.0,0.0,0.0,0.0,0.0,2025_01_MIA_IND
Tyrel Dodson,MIA,0.0,0.0,0.0,0.0,0.0,0.0,13.0,6.0,7.0,1.0,0.0,0.0,0.0,0.0,0.0,2025_01_MIA_IND
Minkah Fitzpatrick,MIA,0.0,0.0,0.0,0.0,1.0,0.0,9.0,6.0,3.0,0.0,0.0,0.0,0.0,0.0,0.0,2025_01_MIA_IND
Jack Jones,MIA,0.0,0.0,0.0,0.0,1.0,0.0,8.0,3.0,5.0,0.0,0.0,0.0,0.0,0.0,0.0,2025_01_MIA_IND
Ifeatu Melifonwu,MIA,0.0,0.0,0.0,0.0,0.0,0.0,6.0,6.0,0.0,0.0,0.0,0.0,0.0,0.0,0.0,2025_01_MIA_IND
Jordan Phillips,MIA,0.0,0.0,0.0,0.0,0.0,0.0,5.0,2.0,3.0,0.0,0.0,0.0,0.0,0.0,0.0,2025_01_MIA_IND
Kenneth Grant,MIA,0.0,0.0,0.0,0.0,0.0,0.0,4.0,1.0,3.0,0.0,0.0,0.0,0.0,0.0,0.0,2025_01_MIA_IND
Zach Sieler,MIA,0.0,0.0,0.0,0.0,0.0,0.0,3.0,3.0,0.0,0.0,0.0,0.0,0.0,0.0,0.0,2025_01_MIA_IND
Dante Trader,MIA,0.0,0.0,0.0,0.0,0.0,0.0,3.0,2.0,1.0,0.0,0.0,0.0,0.0,0.0,0.0,2025_01_MIA_IND
Matthew Butler,MIA,0.0,0.0,0.0,0.0,0.0,0.0,2.0,2.0,0.0,0.0,0.0,0.0,0.0,0.0,0.0,2025_01_MIA_IND
Storm Duck,MIA,0.0,0.0,0.0,0.0,1.0,0.0,2.0,1.0,1.0,0.0,0.0,0.0,0.0,0.0,0.0,2025_01_MIA_IND
Matt Judon,MIA,0.0,0.0,0.0,0.0,0.0,0.0,2.0,1.0,1.0,0.0,0.0,0.0,0.0,0.0,0.0,2025_01_MIA_IND
Jason Marshall,MIA,0.0,0.0,0.0,0.0,0.0,0.0,2.0,1.0,1.0,0.0,1.0,0.0,0.0,0.0,0.0,2025_01_MIA_IND
Jaelan Phillips,MIA,0.0,0.0,0.0,0.0,0.0,0.0,2.0,1.0,1.0,0.0,0.0,0.0,0.0,0.0,0.0,2025_01_MIA_IND
Ashtyn Davis,MIA,0.0,0.0,0.0,0.0,0.0,0.0,1.0,1.0,0.0,1.0,0.0,0.0,0.0,0.0,0.0,2025_01_MIA_IND
Rasul Douglas,MIA,0.0,0.0,0.0,0.0,1.0,0.0,1.0,1.0,0.0,0.0,0.0,0.0,0.0,0.0,0.0,2025_01_MIA_IND
Chop Robinson,MIA,0.0,0.0,0.0,0.0,0.0,0.0,1.0,1.0,0.0,0.0,0.0,0.0,0.0,0.0,0.0,2025_01_MIA_IND
Camryn Bynum,IND,1.0,14.0,0.0,14.0,2.0,0.0,3.0,1.0,2.0,0.0,0.0,0.0,0.0,0.0,0.0,2025_01_MIA_IND
Laiatu Latu,IND,1.0,2.0,0.0,2.0,1.0,0.0,1.0,1.0,0.0,0.0,0.0,0.0,0.0,0.0,0.0,2025_01_MIA_IND
Nick Cross,IND,0.0,0.0,0.0,0.0,0.0,1.0,6.0,4.0,2.0,1.0,1.0,0.0,0.0,0.0,0.0,2025_01_MIA_IND
Kenny Moore,IND,0.0,0.0,0.0,0.0,1.0,1.0,4.0,2.0,2.0,0.0,1.0,0.0,0.0,0.0,1.0,2025_01_MIA_IND
Samson Ebukam,IND,0.0,0.0,0.0,0.0,0.0,1.0,1.0,1.0,0.0,1.0,3.0,0.0,0.0,0.0,0.0,2025_01_MIA_IND
Joe Bachie,IND,0.0,0.0,0.0,0.0,0.0,0.0,6.0,1.0,5.0,0.0,0.0,0.0,0.0,0.0,0.0,2025_01_MIA_IND
Charvarius Ward,IND,0.0,0.0,0.0,0.0,0.0,0.0,6.0,4.0,2.0,0.0,0.0,0.0,0.0,0.0,0.0,2025_01_MIA_IND
Zaire Franklin,IND,0.0,0.0,0.0,0.0,0.0,0.0,4.0,2.0,2.0,0.0,0.0,0.0,0.0,0.0,0.0,2025_01_MIA_IND
Mekhi Blackmon,IND,0.0,0.0,0.0,0.0,0.0,0.0,3.0,2.0,1.0,0.0,0.0,0.0,0.0,0.0,0.0,2025_01_MIA_IND
DeForest Buckner,IND,0.0,0.0,0.0,0.0,0.0,0.0,3.0,0.0,3.0,0.0,0.0,0.0,0.0,0.0,0.0,2025_01_MIA_IND
Rodney Thomas II,IND,0.0,0.0,0.0,0.0,0.0,0.0,3.0,3.0,0.0,1.0,0.0,0.0,0.0,0.0,0.0,2025_01_MIA_IND
Austin Ajiake,IND,0.0,0.0,0.0,0.0,0.0,0.0,2.0,1.0,1.0,0.0,0.0,0.0,0.0,0.0,0.0,2025_01_MIA_IND
Grover Stewart,IND,0.0,0.0,0.0,0.0,0.0,0.0,2.0,0.0,2.0,0.0,1.0,0.0,0.0,0.0,0.0,2025_01_MIA_IND
Adetomiwa Adebawore,IND,0.0,0.0,0.0,0.0,0.0,0.0,1.0,0.0,1.0,0.0,0.0,0.0,0.0,0.0,0.0,2025_01_MIA_IND
Ashton Dulin,IND,0.0,0.0,0.0,0.0,0.0,0.0,1.0,1.0,0.0,0.0,0.0,0.0,0.0,0.0,0.0,2025_01_MIA_IND
Eric Johnson,IND,0.0,0.0,0.0,0.0,0.0,0.0,1.0,1.0,0.0,0.0,0.0,0.0,0.0,0.0,0.0,2025_01_MIA_IND
Tyquan Lewis,IND,0.0,0.0,0.0,0.0,0.0,0.0,1.0,0.0,1.0,0.0,0.0,0.0,0.0,0.0,0.0,2025_01_MIA_IND
Cameron McGrone,IND,0.0,0.0,0.0,0.0,0.0,0.0,1.0,1.0,0.0,0.0,0.0,0.0,0.0,0.0,0.0,2025_01_MIA_IND
Andrew Ogletree,IND,0.0,0.0,0.0,0.0,0.0,0.0,1.0,1.0,0.0,0.0,0.0,0.0,0.0,0.0,0.0,2025_01_MIA_IND
Segun Olubi,IND,0.0,0.0,0.0,0.0,0.0,0.0,1.0,1.0,0.0,0.0,0.0,0.0,0.0,0.0,0.0,2025_01_MIA_IND
Kwity Paye,IND,0.0,0.0,0.0,0.0,0.0,0.0,1.0,1.0,0.0,1.0,0.0,0.0,0.0,0.0,0.0,2025_01_MIA_IND
Neville Gallimore,IND,0.0,0.0,0.0,0.0,1.0,0.0,0.0,0.0,0.0,0.0,0.0,0.0,0.0,0.0,0.0,2025_01_MIA_IND
Xavien Howard,IND,0.0,0.0,0.0,0.0,0.0,0.0,0.0,0.0,0.0,0.0,0.0,1.0,2.0,0.0,0.0,2025_01_MIA_IND
Jaycee Horn,CAR,1.0,10.0,0.0,10.0,1.0,0.0,2.0,1.0,1.0,0.0,0.0,0.0,0.0,0.0,0.0,2025_01_CAR_JAX
Tre'von Moehrig,CAR,0.0,0.0,0.0,0.0,0.0,0.0,11.0,7.0,4.0,0.0,0.0,0.0,0.0,0.0,0.0,2025_01_CAR_JAX
Christian Rozeboom,CAR,0.0,0.0,0.0,0.0,0.0,0.0,8.0,7.0,1.0,0.0,0.0,0.0,0.0,0.0,0.0,2025_01_CAR_JAX
A'Shawn Robinson,CAR,0.0,0.0,0.0,0.0,0.0,0.0,6.0,4.0,2.0,0.0,1.0,0.0,0.0,0.0,0.0,2025_01_CAR_JAX
Nick Scott,CAR,0.0,0.0,0.0,0.0,1.0,0.0,5.0,2.0,3.0,0.0,0.0,0.0,0.0,0.0,0.0,2025_01_CAR_JAX
Trevin Wallace,CAR,0.0,0.0,0.0,0.0,0.0,0.0,5.0,5.0,0.0,0.0,0.0,0.0,0.0,0.0,0.0,2025_01_CAR_JAX
Derrick Brown,CAR,0.0,0.0,0.0,0.0,0.0,0.0,4.0,3.0,1.0,0.0,0.0,0.0,0.0,0.0,0.0,2025_01_CAR_JAX
Michael Jackson,CAR,0.0,0.0,0.0,0.0,1.0,0.0,4.0,4.0,0.0,1.0,0.0,0.0,0.0,0.0,0.0,2025_01_CAR_JAX
Tershawn Wharton,CAR,0.0,0.0,0.0,0.0,0.0,0.0,4.0,1.0,3.0,0.0,0.0,0.0,0.0,0.0,0.0,2025_01_CAR_JAX
Bobby Brown,CAR,0.0,0.0,0.0,0.0,0.0,0.0,3.0,1.0,2.0,0.0,0.0,0.0,0.0,0.0,0.0,2025_01_CAR_JAX
Brycen Tremayne,CAR,0.0,0.0,0.0,0.0,0.0,0.0,2.0,1.0,1.0,0.0,0.0,0.0,0.0,0.0,0.0,2025_01_CAR_JAX
Akayleb Evans,CAR,0.0,0.0,0.0,0.0,0.0,0.0,1.0,1.0,0.0,0.0,0.0,0.0,0.0,0.0,0.0,2025_01_CAR_JAX
Patrick Jones II,CAR,0.0,0.0,0.0,0.0,0.0,0.0,1.0,1.0,0.0,0.0,0.0,0.0,0.0,0.0,0.0,2025_01_CAR_JAX
Lathan Ransom,CAR,0.0,0.0,0.0,0.0,0.0,0.0,1.0,0.0,1.0,0.0,0.0,0.0,0.0,0.0,0.0,2025_01_CAR_JAX
Demani Richardson,CAR,0.0,0.0,0.0,0.0,0.0,0.0,1.0,0.0,1.0,0.0,0.0,0.0,0.0,0.0,0.0,2025_01_CAR_JAX
Chau Smith-Wade,CAR,0.0,0.0,0.0,0.0,0.0,0.0,1.0,1.0,0.0,0.0,0.0,0.0,0.0,0.0,0.0,2025_01_CAR_JAX
Princely Umanmielen,CAR,0.0,0.0,0.0,0.0,0.0,0.0,1.0,1.0,0.0,0.0,0.0,0.0,0.0,0.0,0.0,2025_01_CAR_JAX
D.J. Wonnum,CAR,0.0,0.0,0.0,0.0,1.0,0.0,0.0,0.0,0.0,0.0,0.0,0.0,0.0,0.0,0.0,2025_01_CAR_JAX
Foyesade Oluokun,JAX,1.0,0.0,0.0,0.0,1.0,0.0,10.0,6.0,4.0,0.0,0.0,0.0,0.0,0.0,1.0,2025_01_CAR_JAX
Jourdan Lewis,JAX,1.0,0.0,0.0,0.0,3.0,0.0,5.0,3.0,2.0,0.0,1.0,1.0,0.0,0.0,0.0,2025_01_CAR_JAX
Dawuane Smoot,JAX,0.0,0.0,0.0,0.0,0.0,1.0,2.0,1.0,1.0,1.0,1.0,0.0,0.0,0.0,0.0,2025_01_CAR_JAX
Andrew Wingard,JAX,0.0,0.0,0.0,0.0,0.0,0.0,8.0,4.0,4.0,0.0,0.0,0.0,0.0,0.0,0.0,2025_01_CAR_JAX
Eric Murray,JAX,0.0,0.0,0.0,0.0,2.0,0.0,7.0,3.0,4.0,0.0,1.0,0.0,0.0,0.0,0.0,2025_01_CAR_JAX
Tyson Campbell,JAX,0.0,0.0,0.0,0.0,1.0,0.0,6.0,4.0,2.0,1.0,0.0,0.0,0.0,0.0,0.0,2025_01_CAR_JAX
Jarrian Jones,JAX,0.0,0.0,0.0,0.0,0.0,0.0,4.0,4.0,0.0,0.0,0.0,0.0,0.0,0.0,0.0,2025_01_CAR_JAX
Devin Lloyd,JAX,0.0,0.0,0.0,0.0,0.0,0.0,4.0,0.0,4.0,0.0,0.0,0.0,0.0,0.0,0.0,2025_01_CAR_JAX
Dennis Gardeck,JAX,0.0,0.0,0.0,0.0,0.0,0.0,2.0,2.0,0.0,0.0,0.0,0.0,0.0,0.0,0.0,2025_01_CAR_JAX
Ventrell Miller,JAX,0.0,0.0,0.0,0.0,1.0,0.0,2.0,1.0,1.0,0.0,0.0,0.0,0.0,0.0,0.0,2025_01_CAR_JAX
Travon Walker,JAX,0.0,0.0,0.0,0.0,0.0,0.0,2.0,1.0,1.0,0.0,0.0,0.0,0.0,0.0,0.0,2025_01_CAR_JAX
Arik Armstead,JAX,0.0,0.0,0.0,0.0,0.0,0.0,1.0,0.0,1.0,0.0,1.0,0.0,0.0,0.0,0.0,2025_01_CAR_JAX
Travis Hunter,JAX,0.0,0.0,0.0,0.0,0.0,0.0,1.0,0.0,1.0,0.0,0.0,0.0,0.0,0.0,0.0,2025_01_CAR_JAX
Antonio Johnson,JAX,0.0,0.0,0.0,0.0,0.0,0.0,1.0,1.0,0.0,0.0,0.0,0.0,0.0,0.0,0.0,2025_01_CAR_JAX
Rayuan Lane,JAX,0.0,0.0,0.0,0.0,0.0,0.0,1.0,0.0,1.0,0.0,0.0,0.0,0.0,0.0,0.0,2025_01_CAR_JAX
Emmanuel Ogbah,JAX,0.0,0.0,0.0,0.0,0.0,0.0,1.0,0.0,1.0,0.0,0.0,0.0,0.0,0.0,0.0,2025_01_CAR_JAX
Khalen Saunders,JAX,0.0,0.0,0.0,0.0,0.0,0.0,1.0,0.0,1.0,0.0,0.0,0.0,0.0,0.0,0.0,2025_01_CAR_JAX
Josh Hines-Allen,JAX,0.0,0.0,0.0,0.0,0.0,0.0,0.0,0.0,0.0,0.0,1.0,0.0,0.0,0.0,0.0,2025_01_CAR_JAX
Austin Johnson,JAX,0.0,0.0,0.0,0.0,1.0,0.0,0.0,0.0,0.0,0.0,0.0,0.0,0.0,0.0,0.0,2025_01_CAR_JAX
Isaiah Pola-Mao,LVR,1.0,0.0,0.0,0.0,1.0,0.0,7.0,5.0,2.0,1.0,0.0,0.0,0.0,0.0,0.0,2025_01_LVR_NE
Malcolm Koonce,LVR,0.0,0.0,0.0,0.0,0.0,1.0,3.0,1.0,2.0,1.0,2.0,0.0,0.0,0.0,1.0,2025_01_LVR_NE
Tyree Wilson,LVR,0.0,0.0,0.0,0.0,0.0,1.0,3.0,2.0,1.0,1.0,2.0,0.0,0.0,0.0,0.0,2025_01_LVR_NE
Maxx Crosby,LVR,0.0,0.0,0.0,0.0,1.0,1.0,2.0,1.0,1.0,1.0,2.0,0.0,0.0,0.0,0.0,2025_01_LVR_NE
Jonah Laulu,LVR,0.0,0.0,0.0,0.0,0.0,1.0,2.0,2.0,0.0,0.0,0.0,0.0,0.0,0.0,0.0,2025_01_LVR_NE
Devin White,LVR,0.0,0.0,0.0,0.0,0.0,0.0,11.0,8.0,3.0,1.0,0.0,0.0,0.0,0.0,0.0,2025_01_LVR_NE
Kyu Blu Kelly,LVR,0.0,0.0,0.0,0.0,1.0,0.0,9.0,7.0,2.0,0.0,0.0,0.0,0.0,0.0,0.0,2025_01_LVR_NE
Germaine Pratt,LVR,0.0,0.0,0.0,0.0,0.0,0.0,8.0,1.0,7.0,0.0,0.0,0.0,0.0,0.0,0.0,2025_01_LVR_NE
Eric Stokes,LVR,0.0,0.0,0.0,0.0,0.0,0.0,5.0,3.0,2.0,1.0,0.0,0.0,0.0,0.0,0.0,2025_01_LVR_NE
Jamal Adams,LVR,0.0,0.0,0.0,0.0,0.0,0.0,3.0,3.0,0.0,0.0,1.0,0.0,0.0,0.0,0.0,2025_01_LVR_NE
Thomas Booker,LVR,0.0,0.0,0.0,0.0,1.0,0.0,3.0,1.0,2.0,0.0,1.0,0.0,0.0,0.0,0.0,2025_01_LVR_NE
Adam Butler,LVR,0.0,0.0,0.0,0.0,0.0,0.0,3.0,0.0,3.0,0.0,1.0,0.0,0.0,0.0,0.0,2025_01_LVR_NE
Jeremy Chinn,LVR,0.0,0.0,0.0,0.0,0.0,0.0,3.0,3.0,0.0,0.0,0.0,0.0,0.0,0.0,0.0,2025_01_LVR_NE
Tommy Eichenberg,LVR,0.0,0.0,0.0,0.0,0.0,0.0,2.0,1.0,1.0,0.0,0.0,0.0,0.0,0.0,0.0,2025_01_LVR_NE
Darnay Holmes,LVR,0.0,0.0,0.0,0.0,0.0,0.0,2.0,1.0,1.0,0.0,0.0,0.0,0.0,0.0,0.0,2025_01_LVR_NE
Justin Shorter,LVR,0.0,0.0,0.0,0.0,0.0,0.0,2.0,0.0,2.0,0.0,0.0,0.0,0.0,0.0,0.0,2025_01_LVR_NE
Charles Snowden,LVR,0.0,0.0,0.0,0.0,0.0,0.0,2.0,1.0,1.0,0.0,0.0,0.0,0.0,0.0,0.0,2025_01_LVR_NE
Alex Bachman,LVR,0.0,0.0,0.0,0.0,0.0,0.0,1.0,0.0,1.0,0.0,0.0,0.0,0.0,0.0,0.0,2025_01_LVR_NE
Jacob Bobenmoyer,LVR,0.0,0.0,0.0,0.0,0.0,0.0,1.0,0.0,1.0,0.0,0.0,0.0,0.0,0.0,0.0,2025_01_LVR_NE
Decamerion Richardson,LVR,0.0,0.0,0.0,0.0,0.0,0.0,1.0,1.0,0.0,0.0,0.0,0.0,0.0,0.0,0.0,2025_01_LVR_NE
Elandon Roberts,LVR,0.0,0.0,0.0,0.0,0.0,0.0,1.0,1.0,0.0,0.0,0.0,0.0,0.0,0.0,0.0,2025_01_LVR_NE
Jaylinn Hawkins,NWE,1.0,1.0,0.0,1.0,1.0,1.0,5.0,5.0,0.0,2.0,1.0,0.0,0.0,0.0,0.0,2025_01_LVR_NE
Harold Landry,NWE,0.0,0.0,0.0,0.0,0.0,2.5,5.0,4.0,1.0,3.0,4.0,0.0,0.0,0.0,0.0,2025_01_LVR_NE
K'Lavon Chaisson,NWE,0.0,0.0,0.0,0.0,0.0,0.5,3.0,0.0,3.0,0.0,1.0,0.0,0.0,0.0,0.0,2025_01_LVR_NE
Christian Elliss,NWE,0.0,0.0,0.0,0.0,0.0,0.0,8.0,5.0,3.0,0.0,0.0,0.0,0.0,0.0,0.0,2025_01_LVR_NE
Craig Woodson,NWE,0.0,0.0,0.0,0.0,0.0,0.0,7.0,5.0,2.0,2.0,0.0,0.0,0.0,0.0,0.0,2025_01_LVR_NE
Alex Austin,NWE,0.0,0.0,0.0,0.0,1.0,0.0,5.0,3.0,2.0,1.0,0.0,0.0,0.0,0.0,0.0,2025_01_LVR_NE
Christian Barmore,NWE,0.0,0.0,0.0,0.0,0.0,0.0,5.0,1.0,4.0,0.0,0.0,0.0,0.0,0.0,0.0,2025_01_LVR_NE
Carlton Davis,NWE,0.0,0.0,0.0,0.0,2.0,0.0,4.0,2.0,2.0,0.0,0.0,0.0,0.0,0.0,0.0,2025_01_LVR_NE
Marcus Jones,NWE,0.0,0.0,0.0,0.0,1.0,0.0,4.0,3.0,1.0,1.0,0.0,0.0,0.0,0.0,0.0,2025_01_LVR_NE
Milton Williams,NWE,0.0,0.0,0.0,0.0,0.0,0.0,4.0,1.0,3.0,1.0,2.0,0.0,0.0,0.0,0.0,2025_01_LVR_NE
Robert Spillane,NWE,0.0,0.0,0.0,0.0,0.0,0.0,3.0,3.0,0.0,0.0,0.0,0.0,0.0,0.0,0.0,2025_01_LVR_NE
Khyiris Tonga,NWE,0.0,0.0,0.0,0.0,0.0,0.0,3.0,2.0,1.0,0.0,1.0,0.0,0.0,0.0,0.0,2025_01_LVR_NE
Kyle Dugger,NWE,0.0,0.0,0.0,0.0,0.0,0.0,2.0,0.0,2.0,0.0,0.0,0.0,0.0,0.0,0.0,2025_01_LVR_NE
Jack Gibbens,NWE,0.0,0.0,0.0,0.0,0.0,0.0,2.0,1.0,1.0,0.0,0.0,0.0,0.0,0.0,0.0,2025_01_LVR_NE
Dell Pettus,NWE,0.0,0.0,0.0,0.0,0.0,0.0,2.0,1.0,1.0,0.0,0.0,0.0,0.0,0.0,0.0,2025_01_LVR_NE
Mark Robinson,NWE,0.0,0.0,0.0,0.0,0.0,0.0,2.0,1.0,1.0,0.0,0.0,0.0,0.0,0.0,0.0,2025_01_LVR_NE
Keion White,NWE,0.0,0.0,0.0,0.0,0.0,0.0,2.0,1.0,1.0,0.0,0.0,0.0,0.0,0.0,0.0,2025_01_LVR_NE
Cory Durden,NWE,0.0,0.0,0.0,0.0,0.0,0.0,1.0,0.0,1.0,0.0,0.0,0.0,0.0,0.0,0.0,2025_01_LVR_NE
D.J. James,NWE,0.0,0.0,0.0,0.0,0.0,0.0,1.0,1.0,0.0,0.0,0.0,0.0,0.0,0.0,0.0,2025_01_LVR_NE
Marte Mapu,NWE,0.0,0.0,0.0,0.0,0.0,0.0,1.0,1.0,0.0,0.0,0.0,0.0,0.0,0.0,0.0,2025_01_LVR_NE
Will Campbell,NWE,0.0,0.0,0.0,0.0,0.0,0.0,0.0,0.0,0.0,0.0,0.0,1.0,0.0,0.0,0.0,2025_01_LVR_NE
Baron Browning,ARI,0.0,0.0,0.0,0.0,0.0,1.0,3.0,1.0,2.0,1.0,1.0,0.0,0.0,0.0,0.0,2025_01_ARI_NO
Budda Baker,ARI,0.0,0.0,0.0,0.0,1.0,0.0,10.0,5.0,5.0,1.0,0.0,0.0,0.0,0.0,0.0,2025_01_ARI_NO
Jalen Thompson,ARI,0.0,0.0,0.0,0.0,0.0,0.0,8.0,4.0,4.0,0.0,0.0,0.0,0.0,0.0,0.0,2025_01_ARI_NO
Mack Wilson,ARI,0.0,0.0,0.0,0.0,1.0,0.0,8.0,4.0,4.0,1.0,0.0,0.0,0.0,0.0,0.0,2025_01_ARI_NO
Akeem Davis-Gaither,ARI,0.0,0.0,0.0,0.0,1.0,0.0,7.0,3.0,4.0,0.0,0.0,0.0,0.0,0.0,0.0,2025_01_ARI_NO
Max Melton,ARI,0.0,0.0,0.0,0.0,1.0,0.0,6.0,4.0,2.0,0.0,0.0,0.0,0.0,0.0,0.0,2025_01_ARI_NO
Calais Campbell,ARI,0.0,0.0,0.0,0.0,0.0,0.0,5.0,3.0,2.0,0.0,0.0,0.0,0.0,0.0,0.0,2025_01_ARI_NO
Zaven Collins,ARI,0.0,0.0,0.0,0.0,0.0,0.0,5.0,2.0,3.0,0.0,0.0,0.0,0.0,0.0,0.0,2025_01_ARI_NO
Garrett Williams,ARI,0.0,0.0,0.0,0.0,0.0,0.0,4.0,2.0,2.0,0.0,0.0,0.0,0.0,0.0,0.0,2025_01_ARI_NO
Dante Stills,ARI,0.0,0.0,0.0,0.0,0.0,0.0,3.0,2.0,1.0,0.0,0.0,0.0,0.0,0.0,0.0,2025_01_ARI_NO
Dadrion Taylor-Demerson,ARI,0.0,0.0,0.0,0.0,2.0,0.0,3.0,3.0,0.0,0.0,0.0,0.0,0.0,0.0,0.0,2025_01_ARI_NO
Jordan Burch,ARI,0.0,0.0,0.0,0.0,0.0,0.0,2.0,2.0,0.0,0.0,0.0,0.0,0.0,0.0,0.0,2025_01_ARI_NO
L.J. Collier,ARI,0.0,0.0,0.0,0.0,0.0,0.0,1.0,1.0,0.0,0.0,0.0,0.0,0.0,0.0,0.0,2025_01_ARI_NO
Emari Demercado,ARI,0.0,0.0,0.0,0.0,0.0,0.0,1.0,1.0,0.0,0.0,0.0,0.0,0.0,0.0,0.0,2025_01_ARI_NO
Greg Dortch,ARI,0.0,0.0,0.0,0.0,0.0,0.0,1.0,0.0,1.0,0.0,0.0,0.0,0.0,0.0,0.0,2025_01_ARI_NO
Elijah Higgins,ARI,0.0,0.0,0.0,0.0,0.0,0.0,1.0,0.0,1.0,0.0,0.0,0.0,0.0,0.0,0.0,2025_01_ARI_NO
Will Johnson,ARI,0.0,0.0,0.0,0.0,3.0,0.0,1.0,1.0,0.0,0.0,0.0,0.0,0.0,0.0,0.0,2025_01_ARI_NO
Owen Pappoe,ARI,0.0,0.0,0.0,0.0,0.0,0.0,1.0,0.0,1.0,0.0,0.0,0.0,0.0,0.0,0.0,2025_01_ARI_NO
Cody Simon,ARI,0.0,0.0,0.0,0.0,0.0,0.0,1.0,1.0,0.0,0.0,0.0,0.0,0.0,0.0,0.0,2025_01_ARI_NO
Josh Sweat,ARI,0.0,0.0,0.0,0.0,0.0,0.0,1.0,1.0,0.0,0.0,1.0,0.0,0.0,0.0,0.0,2025_01_ARI_NO
Carl Granderson,NOR,0.0,0.0,0.0,0.0,2.0,1.5,6.0,5.0,1.0,1.0,1.0,0.0,0.0,0.0,0.0,2025_01_ARI_NO
Cameron Jordan,NOR,0.0,0.0,0.0,0.0,1.0,1.5,3.0,2.0,1.0,2.0,2.0,0.0,0.0,0.0,0.0,2025_01_ARI_NO
Pete Werner,NOR,0.0,0.0,0.0,0.0,0.0,1.0,9.0,7.0,2.0,0.0,1.0,0.0,0.0,0.0,0.0,2025_01_ARI_NO
Alontae Taylor,NOR,0.0,0.0,0.0,0.0,0.0,1.0,2.0,1.0,1.0,1.0,1.0,0.0,0.0,0.0,0.0,2025_01_ARI_NO
Demario Davis,NOR,0.0,0.0,0.0,0.0,0.0,0.0,9.0,6.0,3.0,2.0,0.0,0.0,0.0,0.0,0.0,2025_01_ARI_NO
Julian Blackmon,NOR,0.0,0.0,0.0,0.0,1.0,0.0,7.0,4.0,3.0,0.0,0.0,0.0,0.0,0.0,0.0,2025_01_ARI_NO
Kool-Aid McKinstry,NOR,0.0,0.0,0.0,0.0,1.0,0.0,7.0,5.0,2.0,1.0,0.0,0.0,0.0,0.0,0.0,2025_01_ARI_NO
Justin Reid,NOR,0.0,0.0,0.0,0.0,0.0,0.0,6.0,3.0,3.0,0.0,0.0,0.0,0.0,0.0,0.0,2025_01_ARI_NO
Isaac Yiadom,NOR,0.0,0.0,0.0,0.0,0.0,0.0,4.0,2.0,2.0,0.0,0.0,0.0,0.0,0.0,0.0,2025_01_ARI_NO
Davon Godchaux,NOR,0.0,0.0,0.0,0.0,0.0,0.0,3.0,1.0,2.0,0.0,0.0,0.0,0.0,0.0,0.0,2025_01_ARI_NO
Chris Rumph,NOR,0.0,0.0,0.0,0.0,0.0,0.0,3.0,1.0,2.0,0.0,0.0,0.0,0.0,0.0,0.0,2025_01_ARI_NO
Nathan Shepherd,NOR,0.0,0.0,0.0,0.0,0.0,0.0,3.0,1.0,2.0,0.0,0.0,0.0,0.0,0.0,0.0,2025_01_ARI_NO
Bryan Bresee,NOR,0.0,0.0,0.0,0.0,0.0,0.0,2.0,1.0,1.0,0.0,0.0,0.0,0.0,0.0,0.0,2025_01_ARI_NO
Isaiah Stalbird,NOR,0.0,0.0,0.0,0.0,0.0,0.0,2.0,2.0,0.0,0.0,0.0,0.0,0.0,0.0,0.0,2025_01_ARI_NO
Jaylan Ford,NOR,0.0,0.0,0.0,0.0,0.0,0.0,1.0,0.0,1.0,0.0,0.0,0.0,0.0,0.0,0.0,2025_01_ARI_NO
Jack Stoll,NOR,0.0,0.0,0.0,0.0,0.0,0.0,1.0,1.0,0.0,0.0,0.0,0.0,0.0,0.0,0.0,2025_01_ARI_NO
Danny Stutsman,NOR,0.0,0.0,0.0,0.0,0.0,0.0,1.0,1.0,0.0,0.0,0.0,0.0,0.0,0.0,0.0,2025_01_ARI_NO
Jonah Williams,NOR,0.0,0.0,0.0,0.0,0.0,0.0,1.0,0.0,1.0,0.0,0.0,0.0,0.0,0.0,0.0,2025_01_ARI_NO
Alex Highsmith,PIT,0.0,0.0,0.0,0.0,0.0,1.0,8.0,5.0,3.0,1.0,3.0,0.0,0.0,0.0,0.0,2025_01_PIT_NYJ
Chuck Clark,PIT,0.0,0.0,0.0,0.0,0.0,0.0,8.0,6.0,2.0,1.0,0.0,0.0,0.0,0.0,0.0,2025_01_PIT_NYJ
Patrick Queen,PIT,0.0,0.0,0.0,0.0,0.0,0.0,8.0,5.0,3.0,0.0,1.0,0.0,0.0,0.0,0.0,2025_01_PIT_NYJ
Juan Thornhill,PIT,0.0,0.0,0.0,0.0,0.0,0.0,8.0,4.0,4.0,0.0,0.0,1.0,0.0,0.0,0.0,2025_01_PIT_NYJ
DeShon Elliott,PIT,0.0,0.0,0.0,0.0,0.0,0.0,6.0,5.0,1.0,0.0,0.0,0.0,0.0,0.0,0.0,2025_01_PIT_NYJ
Darius Slay,PIT,0.0,0.0,0.0,0.0,0.0,0.0,5.0,5.0,0.0,0.0,0.0,0.0,0.0,0.0,0.0,2025_01_PIT_NYJ
T.J. Watt,PIT,0.0,0.0,0.0,0.0,1.0,0.0,5.0,3.0,2.0,2.0,0.0,0.0,0.0,0.0,0.0,2025_01_PIT_NYJ
Payton Wilson,PIT,0.0,0.0,0.0,0.0,0.0,0.0,5.0,3.0,2.0,1.0,1.0,0.0,0.0,0.0,0.0,2025_01_PIT_NYJ
Cameron Heyward,PIT,0.0,0.0,0.0,0.0,1.0,0.0,3.0,3.0,0.0,1.0,0.0,0.0,0.0,0.0,0.0,2025_01_PIT_NYJ
Jalen Ramsey,PIT,0.0,0.0,0.0,0.0,2.0,0.0,3.0,2.0,1.0,0.0,1.0,0.0,0.0,0.0,0.0,2025_01_PIT_NYJ
Keeanu Benton,PIT,0.0,0.0,0.0,0.0,0.0,0.0,2.0,1.0,1.0,0.0,0.0,0.0,0.0,0.0,0.0,2025_01_PIT_NYJ
Yahya Black,PIT,0.0,0.0,0.0,0.0,0.0,0.0,2.0,0.0,2.0,0.0,0.0,0.0,0.0,0.0,0.0,2025_01_PIT_NYJ
Brandin Echols,PIT,0.0,0.0,0.0,0.0,0.0,0.0,2.0,2.0,0.0,0.0,0.0,0.0,0.0,0.0,0.0,2025_01_PIT_NYJ
Malik Harrison,PIT,0.0,0.0,0.0,0.0,0.0,0.0,2.0,1.0,1.0,0.0,0.0,0.0,0.0,0.0,0.0,2025_01_PIT_NYJ
Carson Bruener,PIT,0.0,0.0,0.0,0.0,0.0,0.0,1.0,0.0,1.0,0.0,0.0,0.0,0.0,0.0,0.0,2025_01_PIT_NYJ
Daniel Ekuale,PIT,0.0,0.0,0.0,0.0,0.0,0.0,1.0,1.0,0.0,0.0,0.0,0.0,0.0,0.0,0.0,2025_01_PIT_NYJ
Kenneth Gainwell,PIT,0.0,0.0,0.0,0.0,0.0,0.0,1.0,1.0,0.0,0.0,0.0,1.0,0.0,0.0,1.0,2025_01_PIT_NYJ
Miles Killebrew,PIT,0.0,0.0,0.0,0.0,0.0,0.0,1.0,1.0,0.0,0.0,0.0,0.0,0.0,0.0,0.0,2025_01_PIT_NYJ
Joey Porter Jr.,PIT,0.0,0.0,0.0,0.0,0.0,0.0,1.0,1.0,0.0,0.0,0.0,0.0,0.0,0.0,0.0,2025_01_PIT_NYJ
Jack Sawyer,PIT,0.0,0.0,0.0,0.0,0.0,0.0,1.0,0.0,1.0,0.0,0.0,0.0,0.0,0.0,0.0,2025_01_PIT_NYJ
Ben Skowronek,PIT,0.0,0.0,0.0,0.0,0.0,0.0,1.0,1.0,0.0,0.0,0.0,1.0,0.0,0.0,0.0,2025_01_PIT_NYJ
Will McDonald,NYJ,0.0,0.0,0.0,0.0,0.0,2.0,3.0,2.0,1.0,2.0,3.0,0.0,0.0,0.0,0.0,2025_01_PIT_NYJ
Quincy Williams,NYJ,0.0,0.0,0.0,0.0,0.0,1.0,6.0,4.0,2.0,1.0,1.0,0.0,0.0,0.0,0.0,2025_01_PIT_NYJ
Quinnen Williams,NYJ,0.0,0.0,0.0,0.0,0.0,1.0,5.0,4.0,1.0,2.0,3.0,0.0,0.0,0.0,1.0,2025_01_PIT_NYJ
Tony Adams,NYJ,0.0,0.0,0.0,0.0,0.0,0.0,6.0,3.0,3.0,0.0,0.0,0.0,0.0,0.0,0.0,2025_01_PIT_NYJ
Jamien Sherwood,NYJ,0.0,0.0,0.0,0.0,0.0,0.0,6.0,3.0,3.0,1.0,0.0,0.0,0.0,0.0,0.0,2025_01_PIT_NYJ
Andre Cisco,NYJ,0.0,0.0,0.0,0.0,0.0,0.0,5.0,2.0,3.0,0.0,0.0,0.0,0.0,0.0,0.0,2025_01_PIT_NYJ
Marcelino McCrary-Ball,NYJ,0.0,0.0,0.0,0.0,0.0,0.0,5.0,4.0,1.0,0.0,0.0,0.0,0.0,0.0,1.0,2025_01_PIT_NYJ
Michael Carter II,NYJ,0.0,0.0,0.0,0.0,1.0,0.0,4.0,3.0,1.0,1.0,0.0,0.0,0.0,0.0,0.0,2025_01_PIT_NYJ
Brandon Stephens,NYJ,0.0,0.0,0.0,0.0,1.0,0.0,4.0,3.0,1.0,0.0,0.0,0.0,0.0,0.0,0.0,2025_01_PIT_NYJ
Jay Tufele,NYJ,0.0,0.0,0.0,0.0,0.0,0.0,3.0,2.0,1.0,0.0,0.0,0.0,0.0,0.0,0.0,2025_01_PIT_NYJ
Jowon Briggs,NYJ,0.0,0.0,0.0,0.0,0.0,0.0,2.0,0.0,2.0,0.0,0.0,0.0,0.0,0.0,0.0,2025_01_PIT_NYJ
Sauce Gardner,NYJ,0.0,0.0,0.0,0.0,2.0,0.0,2.0,0.0,2.0,0.0,0.0,0.0,0.0,0.0,0.0,2025_01_PIT_NYJ
Jermaine Johnson II,NYJ,0.0,0.0,0.0,0.0,0.0,0.0,2.0,0.0,2.0,0.0,0.0,0.0,0.0,0.0,0.0,2025_01_PIT_NYJ
Cam Jones,NYJ,0.0,0.0,0.0,0.0,0.0,0.0,2.0,0.0,2.0,0.0,0.0,0.0,0.0,0.0,0.0,2025_01_PIT_NYJ
Harrison Phillips,NYJ,0.0,0.0,0.0,0.0,0.0,0.0,2.0,2.0,0.0,0.0,0.0,0.0,0.0,0.0,0.0,2025_01_PIT_NYJ
Qwan'tez Stiggers,NYJ,0.0,0.0,0.0,0.0,0.0,0.0,2.0,0.0,2.0,0.0,0.0,0.0,0.0,0.0,0.0,2025_01_PIT_NYJ
Isaiah Davis,NYJ,0.0,0.0,0.0,0.0,0.0,0.0,1.0,0.0,1.0,0.0,0.0,0.0,0.0,0.0,0.0,2025_01_PIT_NYJ
Xavier Gipson,NYJ,0.0,0.0,0.0,0.0,0.0,0.0,1.0,1.0,0.0,0.0,0.0,0.0,0.0,0.0,0.0,2025_01_PIT_NYJ
Francisco Mauigoa,NYJ,0.0,0.0,0.0,0.0,0.0,0.0,1.0,0.0,1.0,0.0,0.0,0.0,0.0,0.0,0.0,2025_01_PIT_NYJ
Malachi Moore,NYJ,0.0,0.0,0.0,0.0,0.0,0.0,1.0,0.0,1.0,0.0,0.0,0.0,0.0,0.0,0.0,2025_01_PIT_NYJ
Brian Burns,NYG,0.0,0.0,0.0,0.0,0.0,2.0,6.0,2.0,4.0,2.0,2.0,0.0,0.0,0.0,0.0,2025_01_NYG_WAS
Abdul Carter,NYG,0.0,0.0,0.0,0.0,0.0,0.5,3.0,1.0,2.0,0.0,1.0,0.0,0.0,0.0,0.0,2025_01_NYG_WAS
Kayvon Thibodeaux,NYG,0.0,0.0,0.0,0.0,0.0,0.5,2.0,1.0,1.0,1.0,1.0,0.0,0.0,0.0,0.0,2025_01_NYG_WAS
Bobby Okereke,NYG,0.0,0.0,0.0,0.0,0.0,0.0,16.0,7.0,9.0,0.0,0.0,0.0,0.0,0.0,0.0,2025_01_NYG_WAS
Jevon Holland,NYG,0.0,0.0,0.0,0.0,1.0,0.0,8.0,3.0,5.0,0.0,0.0,0.0,0.0,0.0,0.0,2025_01_NYG_WAS
Paulson Adebo,NYG,0.0,0.0,0.0,0.0,1.0,0.0,7.0,6.0,1.0,0.0,0.0,0.0,0.0,0.0,0.0,2025_01_NYG_WAS
Tyler Nubin,NYG,0.0,0.0,0.0,0.0,0.0,0.0,6.0,1.0,5.0,0.0,0.0,0.0,0.0,0.0,0.0,2025_01_NYG_WAS
Dane Belton,NYG,0.0,0.0,0.0,0.0,0.0,0.0,4.0,2.0,2.0,0.0,0.0,0.0,0.0,0.0,0.0,2025_01_NYG_WAS
Andru Phillips,NYG,0.0,0.0,0.0,0.0,0.0,0.0,4.0,3.0,1.0,0.0,0.0,0.0,0.0,0.0,0.0,2025_01_NYG_WAS
Dexter Lawrence,NYG,0.0,0.0,0.0,0.0,0.0,0.0,3.0,0.0,3.0,0.0,0.0,0.0,0.0,0.0,0.0,2025_01_NYG_WAS
Micah McFadden,NYG,0.0,0.0,0.0,0.0,0.0,0.0,3.0,2.0,1.0,0.0,1.0,0.0,0.0,0.0,0.0,2025_01_NYG_WAS
Cordale Flott,NYG,0.0,0.0,0.0,0.0,1.0,0.0,2.0,1.0,1.0,0.0,0.0,0.0,0.0,0.0,0.0,2025_01_NYG_WAS
Darius Muasau,NYG,0.0,0.0,0.0,0.0,0.0,0.0,2.0,1.0,1.0,0.0,0.0,0.0,0.0,0.0,0.0,2025_01_NYG_WAS
Roy Robertson-Harris,NYG,0.0,0.0,0.0,0.0,0.0,0.0,2.0,0.0,2.0,0.0,0.0,0.0,0.0,0.0,0.0,2025_01_NYG_WAS
Elijah Garcia,NYG,0.0,0.0,0.0,0.0,0.0,0.0,1.0,1.0,0.0,0.0,0.0,0.0,0.0,0.0,0.0,2025_01_NYG_WAS
Nic Jones,NYG,0.0,0.0,0.0,0.0,0.0,0.0,1.0,1.0,0.0,0.0,0.0,0.0,0.0,0.0,0.0,2025_01_NYG_WAS
Rakeem Nunez-Roches,NYG,0.0,0.0,0.0,0.0,0.0,0.0,1.0,0.0,1.0,0.0,0.0,0.0,0.0,0.0,0.0,2025_01_NYG_WAS
Russell Wilson,NYG,0.0,0.0,0.0,0.0,0.0,0.0,0.0,0.0,0.0,0.0,0.0,1.0,0.0,0.0,0.0,2025_01_NYG_WAS
Daron Payne,WAS,0.0,0.0,0.0,0.0,2.0,1.0,4.0,2.0,2.0,1.0,1.0,0.0,0.0,0.0,0.0,2025_01_NYG_WAS
Dorance Armstrong Jr.,WAS,0.0,0.0,0.0,0.0,0.0,1.0,3.0,3.0,0.0,1.0,1.0,0.0,0.0,0.0,0.0,2025_01_NYG_WAS
Bobby Wagner,WAS,0.0,0.0,0.0,0.0,0.0,0.0,10.0,5.0,5.0,1.0,0.0,0.0,0.0,0.0,0.0,2025_01_NYG_WAS
Frankie Luvu,WAS,0.0,0.0,0.0,0.0,0.0,0.0,7.0,2.0,5.0,0.0,0.0,0.0,0.0,0.0,0.0,2025_01_NYG_WAS
Quan Martin,WAS,0.0,0.0,0.0,0.0,0.0,0.0,5.0,3.0,2.0,0.0,1.0,0.0,0.0,0.0,0.0,2025_01_NYG_WAS
Will Harris,WAS,0.0,0.0,0.0,0.0,0.0,0.0,4.0,3.0,1.0,0.0,0.0,0.0,0.0,0.0,1.0,2025_01_NYG_WAS
Javon Kinlaw,WAS,0.0,0.0,0.0,0.0,0.0,0.0,4.0,1.0,3.0,1.0,2.0,0.0,0.0,0.0,0.0,2025_01_NYG_WAS
Deatrich Wise Jr.,WAS,0.0,0.0,0.0,0.0,0.0,0.0,4.0,2.0,2.0,1.0,1.0,0.0,0.0,0.0,0.0,2025_01_NYG_WAS
Percy Butler,WAS,0.0,0.0,0.0,0.0,0.0,0.0,3.0,1.0,2.0,0.0,0.0,0.0,0.0,0.0,0.0,2025_01_NYG_WAS
Marshon Lattimore,WAS,0.0,0.0,0.0,0.0,1.0,0.0,3.0,1.0,2.0,0.0,0.0,0.0,0.0,0.0,0.0,2025_01_NYG_WAS
Trey Amos,WAS,0.0,0.0,0.0,0.0,1.0,0.0,2.0,2.0,0.0,0.0,0.0,0.0,0.0,0.0,0.0,2025_01_NYG_WAS
Nick Bellore,WAS,0.0,0.0,0.0,0.0,0.0,0.0,2.0,1.0,1.0,0.0,0.0,0.0,0.0,0.0,0.0,2025_01_NYG_WAS
Mike Sainristil,WAS,0.0,0.0,0.0,0.0,0.0,0.0,2.0,1.0,1.0,0.0,0.0,0.0,0.0,0.0,0.0,2025_01_NYG_WAS
Colson Yankoff,WAS,0.0,0.0,0.0,0.0,0.0,0.0,2.0,1.0,1.0,0.0,0.0,0.0,0.0,0.0,0.0,2025_01_NYG_WAS
Eddie Goldman,WAS,0.0,0.0,0.0,0.0,0.0,0.0,1.0,1.0,0.0,1.0,0.0,0.0,0.0,0.0,0.0,2025_01_NYG_WAS
Noah Igbinoghene,WAS,0.0,0.0,0.0,0.0,1.0,0.0,1.0,1.0,0.0,0.0,0.0,0.0,0.0,0.0,0.0,2025_01_NYG_WAS
Jacob Martin,WAS,0.0,0.0,0.0,0.0,0.0,0.0,1.0,0.0,1.0,0.0,0.0,0.0,0.0,0.0,0.0,2025_01_NYG_WAS
Von Miller,WAS,0.0,0.0,0.0,0.0,0.0,0.0,1.0,1.0,0.0,0.0,1.0,0.0,0.0,0.0,0.0,2025_01_NYG_WAS
Jer'Zhan Newton,WAS,0.0,0.0,0.0,0.0,0.0,0.0,1.0,1.0,0.0,1.0,1.0,0.0,0.0,0.0,0.0,2025_01_NYG_WAS
Jeremy Reaves,WAS,0.0,0.0,0.0,0.0,1.0,0.0,1.0,1.0,0.0,0.0,0.0,0.0,0.0,0.0,0.0,2025_01_NYG_WAS
Roger McCreary,TEN,1.0,0.0,0.0,0.0,1.0,0.0,5.0,4.0,1.0,0.0,0.0,0.0,0.0,0.0,0.0,2025_01_TEN_DEN
Xavier Woods,TEN,1.0,16.0,0.0,16.0,1.0,0.0,2.0,0.0,2.0,0.0,0.0,0.0,0.0,0.0,0.0,2025_01_TEN_DEN
Jeffery Simmons,TEN,0.0,0.0,0.0,0.0,0.0,1.0,4.0,3.0,1.0,1.0,4.0,0.0,0.0,0.0,1.0,2025_01_TEN_DEN
Cody Barton,TEN,0.0,0.0,0.0,0.0,0.0,0.0,9.0,5.0,4.0,0.0,0.0,0.0,0.0,0.0,0.0,2025_01_TEN_DEN
Jarvis Brownlee,TEN,0.0,0.0,0.0,0.0,1.0,0.0,9.0,6.0,3.0,2.0,0.0,0.0,0.0,0.0,0.0,2025_01_TEN_DEN
Cedric Gray,TEN,0.0,0.0,0.0,0.0,0.0,0.0,8.0,5.0,3.0,0.0,0.0,0.0,0.0,0.0,0.0,2025_01_TEN_DEN
Amani Hooker,TEN,0.0,0.0,0.0,0.0,1.0,0.0,5.0,3.0,2.0,0.0,0.0,0.0,0.0,0.0,0.0,2025_01_TEN_DEN
Sebastian Joseph-Day,TEN,0.0,0.0,0.0,0.0,0.0,0.0,5.0,2.0,3.0,0.0,0.0,1.0,0.0,0.0,0.0,2025_01_TEN_DEN
Darrell Baker,TEN,0.0,0.0,0.0,0.0,0.0,0.0,4.0,3.0,1.0,0.0,0.0,0.0,0.0,0.0,0.0,2025_01_TEN_DEN
Quandre Diggs,TEN,0.0,0.0,0.0,0.0,0.0,0.0,3.0,2.0,1.0,0.0,0.0,0.0,0.0,0.0,0.0,2025_01_TEN_DEN
Jaylen Harrell,TEN,0.0,0.0,0.0,0.0,0.0,0.0,3.0,2.0,1.0,0.0,0.0,0.0,0.0,0.0,0.0,2025_01_TEN_DEN
L'Jarius Sneed,TEN,0.0,0.0,0.0,0.0,1.0,0.0,3.0,3.0,0.0,0.0,0.0,0.0,0.0,0.0,0.0,2025_01_TEN_DEN
Dre'Mont Jones,TEN,0.0,0.0,0.0,0.0,0.0,0.0,2.0,0.0,2.0,0.0,0.0,0.0,0.0,0.0,0.0,2025_01_TEN_DEN
James Lynch,TEN,0.0,0.0,0.0,0.0,0.0,0.0,2.0,1.0,1.0,0.0,0.0,0.0,0.0,0.0,0.0,2025_01_TEN_DEN
David Martin-Robinson,TEN,0.0,0.0,0.0,0.0,0.0,0.0,2.0,1.0,1.0,0.0,0.0,0.0,0.0,0.0,0.0,2025_01_TEN_DEN
Oluwafemi Oladejo,TEN,0.0,0.0,0.0,0.0,0.0,0.0,2.0,0.0,2.0,0.0,1.0,0.0,0.0,0.0,0.0,2025_01_TEN_DEN
T'Vondre Sweat,TEN,0.0,0.0,0.0,0.0,0.0,0.0,2.0,2.0,0.0,0.0,0.0,0.0,0.0,0.0,0.0,2025_01_TEN_DEN
Jihad Ward,TEN,0.0,0.0,0.0,0.0,0.0,0.0,2.0,1.0,1.0,0.0,0.0,0.0,0.0,0.0,0.0,2025_01_TEN_DEN
Johnny Hekker,TEN,0.0,0.0,0.0,0.0,0.0,0.0,1.0,1.0,0.0,0.0,0.0,0.0,0.0,0.0,0.0,2025_01_TEN_DEN
Arden Key,TEN,0.0,0.0,0.0,0.0,0.0,0.0,1.0,1.0,0.0,0.0,0.0,0.0,0.0,0.0,0.0,2025_01_TEN_DEN
Dorian Mausi,TEN,0.0,0.0,0.0,0.0,0.0,0.0,0.0,0.0,0.0,0.0,0.0,1.0,0.0,0.0,0.0,2025_01_TEN_DEN
Justin Strnad,DEN,0.0,0.0,0.0,0.0,0.0,1.0,5.0,3.0,2.0,1.0,2.0,0.0,0.0,0.0,0.0,2025_01_TEN_DEN
Nik Bonitto,DEN,0.0,0.0,0.0,0.0,0.0,1.0,3.0,3.0,0.0,2.0,3.0,0.0,0.0,0.0,0.0,2025_01_TEN_DEN
Jonah Elliss,DEN,0.0,0.0,0.0,0.0,0.0,1.0,3.0,3.0,0.0,1.0,1.0,0.0,0.0,0.0,0.0,2025_01_TEN_DEN
Jonathon Cooper,DEN,0.0,0.0,0.0,0.0,0.0,1.0,2.0,2.0,0.0,1.0,1.0,0.0,0.0,0.0,0.0,2025_01_TEN_DEN
Ja'Quan McMillian,DEN,0.0,0.0,0.0,0.0,0.0,1.0,2.0,1.0,1.0,1.0,1.0,0.0,0.0,0.0,1.0,2025_01_TEN_DEN
Zach Allen,DEN,0.0,0.0,0.0,0.0,0.0,1.0,1.0,1.0,0.0,1.0,3.0,0.0,0.0,0.0,0.0,2025_01_TEN_DEN
Talanoa Hufanga,DEN,0.0,0.0,0.0,0.0,0.0,0.0,10.0,7.0,3.0,0.0,0.0,0.0,0.0,0.0,1.0,2025_01_TEN_DEN
Brandon Jones,DEN,0.0,0.0,0.0,0.0,0.0,0.0,7.0,3.0,4.0,0.0,0.0,1.0,0.0,0.0,0.0,2025_01_TEN_DEN
Riley Moss,DEN,0.0,0.0,0.0,0.0,2.0,0.0,7.0,5.0,2.0,0.0,0.0,0.0,0.0,0.0,0.0,2025_01_TEN_DEN
Alex Singleton,DEN,0.0,0.0,0.0,0.0,1.0,0.0,6.0,2.0,4.0,0.0,0.0,0.0,0.0,0.0,0.0,2025_01_TEN_DEN
Eyioma Uwazurike,DEN,0.0,0.0,0.0,0.0,0.0,0.0,3.0,0.0,3.0,0.0,0.0,0.0,0.0,0.0,0.0,2025_01_TEN_DEN
Kris Abrams-Draine,DEN,0.0,0.0,0.0,0.0,0.0,0.0,1.0,1.0,0.0,0.0,0.0,0.0,0.0,0.0,0.0,2025_01_TEN_DEN
Jahdae Barron,DEN,0.0,0.0,0.0,0.0,0.0,0.0,1.0,1.0,0.0,0.0,0.0,1.0,0.0,0.0,0.0,2025_01_TEN_DEN
John Franklin-Myers,DEN,0.0,0.0,0.0,0.0,0.0,0.0,1.0,0.0,1.0,0.0,0.0,0.0,0.0,0.0,0.0,2025_01_TEN_DEN
Jordan Jackson,DEN,0.0,0.0,0.0,0.0,0.0,0.0,1.0,0.0,1.0,0.0,0.0,0.0,0.0,0.0,0.0,2025_01_TEN_DEN
D.J. Jones,DEN,0.0,0.0,0.0,0.0,0.0,0.0,1.0,1.0,0.0,0.0,1.0,0.0,0.0,0.0,0.0,2025_01_TEN_DEN
Devon Key,DEN,0.0,0.0,0.0,0.0,0.0,0.0,1.0,1.0,0.0,0.0,0.0,0.0,0.0,0.0,0.0,2025_01_TEN_DEN
Trent Sherfield,DEN,0.0,0.0,0.0,0.0,0.0,0.0,1.0,1.0,0.0,0.0,0.0,0.0,0.0,0.0,0.0,2025_01_TEN_DEN
Dondrea Tillman,DEN,0.0,0.0,0.0,0.0,0.0,0.0,1.0,0.0,1.0,0.0,0.0,0.0,0.0,0.0,0.0,2025_01_TEN_DEN
Nick Bosa,SFO,0.0,0.0,0.0,0.0,0.0,1.0,6.0,6.0,0.0,3.0,1.0,1.0,0.0,0.0,1.0,2025_01_SF_SEA
Fred Warner,SFO,0.0,0.0,0.0,0.0,0.0,0.0,8.0,4.0,4.0,1.0,0.0,0.0,0.0,0.0,0.0,2025_01_SF_SEA
Marques Sigle,SFO,0.0,0.0,0.0,0.0,0.0,0.0,6.0,5.0,1.0,0.0,0.0,1.0,0.0,0.0,0.0,2025_01_SF_SEA
Dee Winters,SFO,0.0,0.0,0.0,0.0,0.0,0.0,6.0,5.0,1.0,2.0,0.0,0.0,0.0,0.0,0.0,2025_01_SF_SEA
Luke Gifford,SFO,0.0,0.0,0.0,0.0,0.0,0.0,4.0,1.0,3.0,0.0,0.0,0.0,0.0,0.0,0.0,2025_01_SF_SEA
Renardo Green,SFO,0.0,0.0,0.0,0.0,1.0,0.0,4.0,2.0,2.0,0.0,0.0,0.0,0.0,0.0,0.0,2025_01_SF_SEA
Jason Pinnock,SFO,0.0,0.0,0.0,0.0,0.0,0.0,4.0,4.0,0.0,0.0,0.0,0.0,0.0,0.0,0.0,2025_01_SF_SEA
Jordan Elliott,SFO,0.0,0.0,0.0,0.0,0.0,0.0,3.0,0.0,3.0,0.0,0.0,0.0,0.0,0.0,0.0,2025_01_SF_SEA
Tatum Bethune,SFO,0.0,0.0,0.0,0.0,0.0,0.0,2.0,1.0,1.0,0.0,0.0,0.0,0.0,0.0,0.0,2025_01_SF_SEA
Deommodore Lenoir,SFO,0.0,0.0,0.0,0.0,0.0,0.0,2.0,2.0,0.0,0.0,0.0,0.0,0.0,0.0,0.0,2025_01_SF_SEA
Sam Okuayinonu,SFO,0.0,0.0,0.0,0.0,0.0,0.0,2.0,2.0,0.0,0.0,0.0,0.0,0.0,0.0,1.0,2025_01_SF_SEA
Alfred Collins,SFO,0.0,0.0,0.0,0.0,0.0,0.0,1.0,0.0,1.0,0.0,0.0,0.0,0.0,0.0,0.0,2025_01_SF_SEA
Kalia Davis,SFO,0.0,0.0,0.0,0.0,0.0,0.0,1.0,1.0,0.0,1.0,0.0,0.0,0.0,0.0,0.0,2025_01_SF_SEA
Chase Lucas,SFO,0.0,0.0,0.0,0.0,0.0,0.0,1.0,1.0,0.0,0.0,0.0,0.0,0.0,0.0,0.0,2025_01_SF_SEA
Colton McKivitz,SFO,0.0,0.0,0.0,0.0,0.0,0.0,1.0,1.0,0.0,0.0,0.0,0.0,0.0,0.0,0.0,2025_01_SF_SEA
Upton Stout,SFO,0.0,0.0,0.0,0.0,1.0,0.0,1.0,1.0,0.0,0.0,0.0,0.0,0.0,0.0,0.0,2025_01_SF_SEA
Mykel Williams,SFO,0.0,0.0,0.0,0.0,0.0,0.0,1.0,0.0,1.0,0.0,0.0,0.0,0.0,0.0,0.0,2025_01_SF_SEA
Yetur Gross-Matos,SFO,0.0,0.0,0.0,0.0,0.0,0.0,0.0,0.0,0.0,0.0,1.0,0.0,0.0,0.0,0.0,2025_01_SF_SEA
Skyy Moore,SFO,0.0,0.0,0.0,0.0,0.0,0.0,0.0,0.0,0.0,0.0,0.0,1.0,0.0,0.0,0.0,2025_01_SF_SEA
Ernest Jones,SEA,1.0,7.0,0.0,7.0,2.0,0.0,8.0,3.0,5.0,1.0,0.0,0.0,0.0,0.0,0.0,2025_01_SF_SEA
Josh Jobe,SEA,1.0,0.0,0.0,0.0,1.0,0.0,2.0,1.0,1.0,0.0,0.0,0.0,0.0,0.0,0.0,2025_01_SF_SEA
Julian Love,SEA,0.0,0.0,0.0,0.0,0.0,1.0,10.0,8.0,2.0,1.0,1.0,0.0,0.0,0.0,0.0,2025_01_SF_SEA
Coby Bryant,SEA,0.0,0.0,0.0,0.0,0.0,0.0,8.0,6.0,2.0,0.0,0.0,0.0,0.0,0.0,0.0,2025_01_SF_SEA
Devon Witherspoon,SEA,0.0,0.0,0.0,0.0,0.0,0.0,8.0,7.0,1.0,1.0,0.0,0.0,0.0,0.0,0.0,2025_01_SF_SEA
Tyrice Knight,SEA,0.0,0.0,0.0,0.0,0.0,0.0,7.0,4.0,3.0,0.0,0.0,0.0,0.0,0.0,0.0,2025_01_SF_SEA
Leonard Williams,SEA,0.0,0.0,0.0,0.0,0.0,0.0,7.0,3.0,4.0,1.0,1.0,0.0,0.0,0.0,0.0,2025_01_SF_SEA
DeMarcus Lawrence,SEA,0.0,0.0,0.0,0.0,0.0,0.0,6.0,2.0,4.0,2.0,1.0,0.0,0.0,0.0,0.0,2025_01_SF_SEA
Byron Murphy,SEA,0.0,0.0,0.0,0.0,0.0,0.0,6.0,2.0,4.0,0.0,1.0,0.0,0.0,0.0,0.0,2025_01_SF_SEA
Jarran Reed,SEA,0.0,0.0,0.0,0.0,0.0,0.0,5.0,2.0,3.0,0.0,2.0,0.0,0.0,0.0,0.0,2025_01_SF_SEA
Riq Woolen,SEA,0.0,0.0,0.0,0.0,1.0,0.0,4.0,3.0,1.0,0.0,0.0,0.0,0.0,0.0,0.0,2025_01_SF_SEA
Derick Hall,SEA,0.0,0.0,0.0,0.0,0.0,0.0,2.0,0.0,2.0,0.0,2.0,0.0,0.0,0.0,0.0,2025_01_SF_SEA
Boye Mafe,SEA,0.0,0.0,0.0,0.0,0.0,0.0,2.0,1.0,1.0,0.0,0.0,0.0,0.0,0.0,0.0,2025_01_SF_SEA
Eric Saubert,SEA,0.0,0.0,0.0,0.0,0.0,0.0,2.0,1.0,1.0,0.0,0.0,0.0,0.0,0.0,0.0,2025_01_SF_SEA
Drake Thomas,SEA,0.0,0.0,0.0,0.0,0.0,0.0,2.0,0.0,2.0,0.0,0.0,0.0,0.0,0.0,0.0,2025_01_SF_SEA
AJ Barner,SEA,0.0,0.0,0.0,0.0,0.0,0.0,1.0,1.0,0.0,0.0,0.0,0.0,0.0,0.0,0.0,2025_01_SF_SEA
Nick Emmanwori,SEA,0.0,0.0,0.0,0.0,0.0,0.0,1.0,1.0,0.0,1.0,0.0,0.0,0.0,0.0,0.0,2025_01_SF_SEA
George Holani,SEA,0.0,0.0,0.0,0.0,0.0,0.0,1.0,0.0,1.0,0.0,0.0,0.0,0.0,0.0,0.0,2025_01_SF_SEA
Nehemiah Pritchett,SEA,0.0,0.0,0.0,0.0,0.0,0.0,1.0,1.0,0.0,0.0,0.0,0.0,0.0,0.0,0.0,2025_01_SF_SEA
Brady Russell,SEA,0.0,0.0,0.0,0.0,0.0,0.0,1.0,1.0,0.0,0.0,0.0,0.0,0.0,0.0,0.0,2025_01_SF_SEA
Chazz Surratt,SEA,0.0,0.0,0.0,0.0,0.0,0.0,1.0,0.0,1.0,0.0,0.0,0.0,0.0,0.0,0.0,2025_01_SF_SEA
Jack Campbell,DET,0.0,0.0,0.0,0.0,0.0,0.0,9.0,5.0,4.0,0.0,0.0,0.0,0.0,0.0,0.0,2025_01_DET_GB
Terrion Arnold,DET,0.0,0.0,0.0,0.0,1.0,0.0,6.0,3.0,3.0,0.0,0.0,0.0,0.0,0.0,0.0,2025_01_DET_GB
Derrick Barnes,DET,0.0,0.0,0.0,0.0,0.0,0.0,6.0,4.0,2.0,1.0,0.0,0.0,0.0,0.0,0.0,2025_01_DET_GB
Brian Branch,DET,0.0,0.0,0.0,0.0,0.0,0.0,5.0,4.0,1.0,1.0,0.0,0.0,0.0,0.0,0.0,2025_01_DET_GB
D.J. Reed,DET,0.0,0.0,0.0,0.0,0.0,0.0,5.0,4.0,1.0,0.0,0.0,0.0,0.0,0.0,0.0,2025_01_DET_GB
Alex Anzalone,DET,0.0,0.0,0.0,0.0,0.0,0.0,4.0,2.0,2.0,0.0,0.0,0.0,0.0,0.0,0.0,2025_01_DET_GB
Marcus Davenport,DET,0.0,0.0,0.0,0.0,0.0,0.0,3.0,2.0,1.0,0.0,0.0,0.0,0.0,0.0,0.0,2025_01_DET_GB
Amik Robertson,DET,0.0,0.0,0.0,0.0,0.0,0.0,3.0,3.0,0.0,0.0,0.0,0.0,0.0,0.0,0.0,2025_01_DET_GB
Tyleik Williams,DET,0.0,0.0,0.0,0.0,0.0,0.0,2.0,1.0,1.0,0.0,0.0,0.0,0.0,0.0,0.0,2025_01_DET_GB
Jake Bates,DET,0.0,0.0,0.0,0.0,0.0,0.0,1.0,1.0,0.0,0.0,0.0,0.0,0.0,0.0,0.0,2025_01_DET_GB
Khalil Dorsey,DET,0.0,0.0,0.0,0.0,0.0,0.0,1.0,1.0,0.0,0.0,0.0,0.0,0.0,0.0,0.0,2025_01_DET_GB
Kerby Joseph,DET,0.0,0.0,0.0,0.0,0.0,0.0,1.0,1.0,0.0,0.0,0.0,0.0,0.0,0.0,0.0,2025_01_DET_GB
Roy Lopez,DET,0.0,0.0,0.0,0.0,0.0,0.0,1.0,0.0,1.0,0.0,0.0,0.0,0.0,0.0,0.0,2025_01_DET_GB
Avonte Maddox,DET,0.0,0.0,0.0,0.0,0.0,0.0,1.0,1.0,0.0,0.0,0.0,0.0,0.0,0.0,0.0,2025_01_DET_GB
Anthony Pittman,DET,0.0,0.0,0.0,0.0,0.0,0.0,1.0,1.0,0.0,0.0,0.0,0.0,0.0,0.0,0.0,2025_01_DET_GB
Craig Reynolds,DET,0.0,0.0,0.0,0.0,0.0,0.0,1.0,1.0,0.0,0.0,0.0,0.0,0.0,0.0,0.0,2025_01_DET_GB
Aidan Hutchinson,DET,0.0,0.0,0.0,0.0,0.0,0.0,0.0,0.0,0.0,0.0,1.0,0.0,0.0,0.0,0.0,2025_01_DET_GB
Al-Quadin Muhammad,DET,0.0,0.0,0.0,0.0,0.0,0.0,0.0,0.0,0.0,0.0,1.0,0.0,0.0,0.0,0.0,2025_01_DET_GB
Evan Williams,GNB,1.0,0.0,0.0,0.0,1.0,0.0,3.0,1.0,2.0,0.0,0.0,0.0,0.0,0.0,0.0,2025_01_DET_GB
Rashan Gary,GNB,0.0,0.0,0.0,0.0,0.0,1.5,7.0,3.0,4.0,1.0,3.0,0.0,0.0,0.0,0.0,2025_01_DET_GB
Devonte Wyatt,GNB,0.0,0.0,0.0,0.0,0.0,1.0,3.0,1.0,2.0,1.0,3.0,0.0,0.0,0.0,0.0,2025_01_DET_GB
Micah Parsons,GNB,0.0,0.0,0.0,0.0,0.0,1.0,1.0,1.0,0.0,1.0,1.0,0.0,0.0,0.0,0.0,2025_01_DET_GB
Lukas Van Ness,GNB,0.0,0.0,0.0,0.0,0.0,0.5,4.0,1.0,3.0,1.0,1.0,0.0,0.0,0.0,0.0,2025_01_DET_GB
Edgerrin Cooper,GNB,0.0,0.0,0.0,0.0,0.0,0.0,12.0,8.0,4.0,0.0,0.0,0.0,0.0,0.0,0.0,2025_01_DET_GB
Javon Bullard,GNB,0.0,0.0,0.0,0.0,0.0,0.0,9.0,7.0,2.0,0.0,0.0,0.0,0.0,0.0,0.0,2025_01_DET_GB
Quay Walker,GNB,0.0,0.0,0.0,0.0,1.0,0.0,9.0,6.0,3.0,2.0,0.0,0.0,0.0,0.0,0.0,2025_01_DET_GB
Xavier McKinney,GNB,0.0,0.0,0.0,0.0,0.0,0.0,6.0,3.0,3.0,0.0,0.0,0.0,0.0,0.0,0.0,2025_01_DET_GB
Keisean Nixon,GNB,0.0,0.0,0.0,0.0,0.0,0.0,6.0,5.0,1.0,1.0,0.0,0.0,0.0,0.0,0.0,2025_01_DET_GB
Colby Wooden,GNB,0.0,0.0,0.0,0.0,0.0,0.0,6.0,3.0,3.0,2.0,1.0,0.0,0.0,0.0,0.0,2025_01_DET_GB
Isaiah McDuffie,GNB,0.0,0.0,0.0,0.0,0.0,0.0,4.0,1.0,3.0,0.0,0.0,0.0,0.0,0.0,0.0,2025_01_DET_GB
Nick Niemann,GNB,0.0,0.0,0.0,0.0,0.0,0.0,4.0,1.0,3.0,0.0,0.0,0.0,0.0,0.0,0.0,2025_01_DET_GB
Chris Brooks,GNB,0.0,0.0,0.0,0.0,0.0,0.0,3.0,0.0,3.0,0.0,0.0,0.0,0.0,0.0,0.0,2025_01_DET_GB
Kingsley Enagbare,GNB,0.0,0.0,0.0,0.0,0.0,0.0,3.0,0.0,3.0,0.0,0.0,0.0,0.0,0.0,0.0,2025_01_DET_GB
Ty'Ron Hopper,GNB,0.0,0.0,0.0,0.0,0.0,0.0,1.0,1.0,0.0,0.0,0.0,0.0,0.0,0.0,0.0,2025_01_DET_GB
Kitan Oladapo,GNB,0.0,0.0,0.0,0.0,0.0,0.0,1.0,0.0,1.0,0.0,0.0,0.0,0.0,0.0,0.0,2025_01_DET_GB
Nazir Stackhouse,GNB,0.0,0.0,0.0,0.0,0.0,0.0,1.0,0.0,1.0,0.0,0.0,0.0,0.0,0.0,0.0,2025_01_DET_GB
Carrington Valentine,GNB,0.0,0.0,0.0,0.0,0.0,0.0,1.0,1.0,0.0,0.0,0.0,0.0,0.0,0.0,0.0,2025_01_DET_GB
Henry To'oTo'o,HOU,0.0,0.0,0.0,0.0,1.0,1.0,6.0,2.0,4.0,1.0,1.0,0.0,0.0,0.0,0.0,2025_01_HOU_LAR
Will Anderson,HOU,0.0,0.0,0.0,0.0,0.0,1.0,4.0,4.0,0.0,3.0,2.0,0.0,0.0,0.0,0.0,2025_01_HOU_LAR
Folorunso Fatukasi,HOU,0.0,0.0,0.0,0.0,0.0,1.0,3.0,2.0,1.0,1.0,1.0,0.0,0.0,0.0,0.0,2025_01_HOU_LAR
Kamari Lassiter,HOU,0.0,0.0,0.0,0.0,0.0,0.0,9.0,5.0,4.0,0.0,0.0,0.0,0.0,0.0,0.0,2025_01_HOU_LAR
Azeez Al-Shaair,HOU,0.0,0.0,0.0,0.0,0.0,0.0,7.0,3.0,4.0,0.0,0.0,0.0,0.0,0.0,1.0,2025_01_HOU_LAR
Jalen Pitre,HOU,0.0,0.0,0.0,0.0,0.0,0.0,5.0,4.0,1.0,0.0,0.0,0.0,0.0,0.0,0.0,2025_01_HOU_LAR
Derek Stingley Jr.,HOU,0.0,0.0,0.0,0.0,0.0,0.0,5.0,4.0,1.0,0.0,0.0,0.0,0.0,0.0,0.0,2025_01_HOU_LAR
C.J. Gardner-Johnson,HOU,0.0,0.0,0.0,0.0,0.0,0.0,4.0,2.0,2.0,0.0,0.0,0.0,0.0,0.0,0.0,2025_01_HOU_LAR
Calen Bullock,HOU,0.0,0.0,0.0,0.0,0.0,0.0,3.0,3.0,0.0,0.0,0.0,0.0,0.0,0.0,0.0,2025_01_HOU_LAR
Danielle Hunter,HOU,0.0,0.0,0.0,0.0,0.0,0.0,3.0,1.0,2.0,0.0,0.0,1.0,0.0,0.0,0.0,2025_01_HOU_LAR
Sheldon Rankins,HOU,0.0,0.0,0.0,0.0,0.0,0.0,2.0,1.0,1.0,0.0,2.0,0.0,0.0,0.0,0.0,2025_01_HOU_LAR
Jaylin Smith,HOU,0.0,0.0,0.0,0.0,0.0,0.0,2.0,1.0,1.0,0.0,0.0,0.0,0.0,0.0,0.0,2025_01_HOU_LAR
Derek Barnett,HOU,0.0,0.0,0.0,0.0,0.0,0.0,1.0,0.0,1.0,0.0,0.0,0.0,0.0,0.0,0.0,2025_01_HOU_LAR
Ka'imi Fairbairn,HOU,0.0,0.0,0.0,0.0,0.0,0.0,1.0,1.0,0.0,0.0,0.0,0.0,0.0,0.0,0.0,2025_01_HOU_LAR
Christian Harris,HOU,0.0,0.0,0.0,0.0,0.0,0.0,1.0,1.0,0.0,0.0,0.0,0.0,0.0,0.0,0.0,2025_01_HOU_LAR
Dylan Horton,HOU,0.0,0.0,0.0,0.0,0.0,0.0,1.0,1.0,0.0,0.0,0.0,0.0,0.0,0.0,0.0,2025_01_HOU_LAR
Dare Ogunbowale,HOU,0.0,0.0,0.0,0.0,0.0,0.0,1.0,1.0,0.0,0.0,0.0,0.0,0.0,0.0,0.0,2025_01_HOU_LAR
Tim Settle,HOU,0.0,0.0,0.0,0.0,0.0,0.0,1.0,0.0,1.0,0.0,0.0,0.0,0.0,0.0,0.0,2025_01_HOU_LAR
Darrell Taylor,HOU,0.0,0.0,0.0,0.0,0.0,0.0,1.0,1.0,0.0,0.0,0.0,0.0,0.0,0.0,0.0,2025_01_HOU_LAR
Cobie Durant,LAR,1.0,0.0,0.0,0.0,1.0,0.0,2.0,2.0,0.0,0.0,0.0,0.0,0.0,0.0,0.0,2025_01_HOU_LAR
Byron Young,LAR,0.0,0.0,0.0,0.0,0.0,1.0,9.0,5.0,4.0,1.0,2.0,0.0,0.0,0.0,0.0,2025_01_HOU_LAR
Tyler Davis,LAR,0.0,0.0,0.0,0.0,0.0,1.0,4.0,1.0,3.0,1.0,1.0,0.0,0.0,0.0,0.0,2025_01_HOU_LAR
Jaylen McCollough,LAR,0.0,0.0,0.0,0.0,0.0,1.0,3.0,3.0,0.0,1.0,1.0,0.0,0.0,0.0,0.0,2025_01_HOU_LAR
Kamren Curl,LAR,0.0,0.0,0.0,0.0,0.0,0.0,10.0,8.0,2.0,0.0,0.0,0.0,0.0,0.0,0.0,2025_01_HOU_LAR
Nathan Landman,LAR,0.0,0.0,0.0,0.0,0.0,0.0,10.0,6.0,4.0,0.0,1.0,0.0,0.0,0.0,1.0,2025_01_HOU_LAR
Kamren Kinchens,LAR,0.0,0.0,0.0,0.0,1.0,0.0,4.0,2.0,2.0,0.0,0.0,0.0,0.0,0.0,0.0,2025_01_HOU_LAR
Omar Speights,LAR,0.0,0.0,0.0,0.0,0.0,0.0,4.0,3.0,1.0,0.0,0.0,0.0,0.0,0.0,0.0,2025_01_HOU_LAR
Braden Fiske,LAR,0.0,0.0,0.0,0.0,0.0,0.0,3.0,1.0,2.0,0.0,0.0,1.0,0.0,0.0,0.0,2025_01_HOU_LAR
Emmanuel Forbes,LAR,0.0,0.0,0.0,0.0,0.0,0.0,3.0,2.0,1.0,0.0,0.0,0.0,0.0,0.0,0.0,2025_01_HOU_LAR
Kobie Turner,LAR,0.0,0.0,0.0,0.0,0.0,0.0,3.0,1.0,2.0,0.0,0.0,0.0,0.0,0.0,0.0,2025_01_HOU_LAR
Jared Verse,LAR,0.0,0.0,0.0,0.0,0.0,0.0,3.0,1.0,2.0,0.0,1.0,0.0,0.0,0.0,0.0,2025_01_HOU_LAR
Shaun Dolac,LAR,0.0,0.0,0.0,0.0,0.0,0.0,2.0,1.0,1.0,0.0,0.0,0.0,0.0,0.0,0.0,2025_01_HOU_LAR
Quentin Lake,LAR,0.0,0.0,0.0,0.0,0.0,0.0,2.0,1.0,1.0,0.0,0.0,0.0,0.0,0.0,0.0,2025_01_HOU_LAR
Ahkello Witherspoon,LAR,0.0,0.0,0.0,0.0,1.0,0.0,2.0,2.0,0.0,0.0,0.0,0.0,0.0,0.0,0.0,2025_01_HOU_LAR
Nick Hampton,LAR,0.0,0.0,0.0,0.0,0.0,0.0,1.0,0.0,1.0,0.0,0.0,0.0,0.0,0.0,0.0,2025_01_HOU_LAR
Troy Reeder,LAR,0.0,0.0,0.0,0.0,0.0,0.0,1.0,1.0,0.0,0.0,0.0,0.0,0.0,0.0,0.0,2025_01_HOU_LAR
Poona Ford,LAR,0.0,0.0,0.0,0.0,0.0,0.0,0.0,0.0,0.0,0.0,1.0,0.0,0.0,0.0,0.0,2025_01_HOU_LAR
Matthew Stafford,LAR,0.0,0.0,0.0,0.0,0.0,0.0,0.0,0.0,0.0,0.0,0.0,1.0,-18.0,0.0,0.0,2025_01_HOU_LAR
Josaiah Stewart,LAR,0.0,0.0,0.0,0.0,1.0,0.0,0.0,0.0,0.0,0.0,0.0,0.0,0.0,0.0,0.0,2025_01_HOU_LAR
Nnamdi Madubuike,BAL,0.0,0.0,0.0,0.0,0.0,1.0,6.0,4.0,2.0,1.0,1.0,0.0,0.0,0.0,0.0,2025_01_BAL_BUF
Roquan Smith,BAL,0.0,0.0,0.0,0.0,0.0,0.0,10.0,8.0,2.0,0.0,0.0,0.0,0.0,0.0,0.0,2025_01_BAL_BUF
Kyle Hamilton,BAL,0.0,0.0,0.0,0.0,2.0,0.0,9.0,6.0,3.0,0.0,0.0,0.0,0.0,0.0,1.0,2025_01_BAL_BUF
Malaki Starks,BAL,0.0,0.0,0.0,0.0,0.0,0.0,7.0,3.0,4.0,0.0,0.0,0.0,0.0,0.0,0.0,2025_01_BAL_BUF
Chidobe Awuzie,BAL,0.0,0.0,0.0,0.0,0.0,0.0,6.0,2.0,4.0,0.0,0.0,0.0,0.0,0.0,0.0,2025_01_BAL_BUF
Tavius Robinson,BAL,0.0,0.0,0.0,0.0,0.0,0.0,5.0,4.0,1.0,0.0,0.0,0.0,0.0,0.0,0.0,2025_01_BAL_BUF
Nate Wiggins,BAL,0.0,0.0,0.0,0.0,0.0,0.0,5.0,5.0,0.0,0.0,0.0,0.0,0.0,0.0,0.0,2025_01_BAL_BUF
Teddye Buchanan,BAL,0.0,0.0,0.0,0.0,0.0,0.0,4.0,3.0,1.0,0.0,0.0,0.0,0.0,0.0,0.0,2025_01_BAL_BUF
Marlon Humphrey,BAL,0.0,0.0,0.0,0.0,0.0,0.0,4.0,4.0,0.0,0.0,0.0,0.0,0.0,0.0,0.0,2025_01_BAL_BUF
Jaire Alexander,BAL,0.0,0.0,0.0,0.0,0.0,0.0,3.0,2.0,1.0,0.0,0.0,0.0,0.0,0.0,0.0,2025_01_BAL_BUF
Travis Jones,BAL,0.0,0.0,0.0,0.0,0.0,0.0,3.0,2.0,1.0,1.0,0.0,0.0,0.0,0.0,0.0,2025_01_BAL_BUF
Kyle Van Noy,BAL,0.0,0.0,0.0,0.0,0.0,0.0,3.0,1.0,2.0,0.0,1.0,0.0,0.0,0.0,0.0,2025_01_BAL_BUF
T.J. Tampa,BAL,0.0,0.0,0.0,0.0,0.0,0.0,2.0,2.0,0.0,0.0,0.0,0.0,0.0,0.0,0.0,2025_01_BAL_BUF
Rasheen Ali,BAL,0.0,0.0,0.0,0.0,0.0,0.0,1.0,1.0,0.0,0.0,0.0,0.0,0.0,0.0,0.0,2025_01_BAL_BUF
Mike Green,BAL,0.0,0.0,0.0,0.0,0.0,0.0,1.0,1.0,0.0,0.0,0.0,0.0,0.0,0.0,0.0,2025_01_BAL_BUF
Jake Hummel,BAL,0.0,0.0,0.0,0.0,0.0,0.0,1.0,1.0,0.0,0.0,0.0,0.0,0.0,0.0,0.0,2025_01_BAL_BUF
Tyler Loop,BAL,0.0,0.0,0.0,0.0,0.0,0.0,1.0,1.0,0.0,0.0,0.0,0.0,0.0,0.0,0.0,2025_01_BAL_BUF
Keyon Martin,BAL,0.0,0.0,0.0,0.0,0.0,0.0,1.0,1.0,0.0,0.0,0.0,0.0,0.0,0.0,0.0,2025_01_BAL_BUF
Odafe Oweh,BAL,0.0,0.0,0.0,0.0,0.0,0.0,1.0,0.0,1.0,0.0,1.0,0.0,0.0,0.0,0.0,2025_01_BAL_BUF
Trenton Simpson,BAL,0.0,0.0,0.0,0.0,0.0,0.0,1.0,1.0,0.0,1.0,0.0,0.0,0.0,0.0,0.0,2025_01_BAL_BUF
Tylan Wallace,BAL,0.0,0.0,0.0,0.0,0.0,0.0,1.0,1.0,0.0,0.0,0.0,0.0,0.0,0.0,0.0,2025_01_BAL_BUF
Justice Hill,BAL,0.0,0.0,0.0,0.0,0.0,0.0,0.0,0.0,0.0,0.0,0.0,1.0,0.0,0.0,0.0,2025_01_BAL_BUF
Aeneas Peebles,BAL,0.0,0.0,0.0,0.0,1.0,0.0,0.0,0.0,0.0,0.0,0.0,0.0,0.0,0.0,0.0,2025_01_BAL_BUF
Broderick Washington Jr.,BAL,0.0,0.0,0.0,0.0,1.0,0.0,0.0,0.0,0.0,0.0,0.0,0.0,0.0,0.0,0.0,2025_01_BAL_BUF
Ed Oliver,BUF,0.0,0.0,0.0,0.0,0.0,1.0,6.0,6.0,0.0,3.0,1.0,0.0,0.0,0.0,1.0,2025_01_BAL_BUF
Matt Milano,BUF,0.0,0.0,0.0,0.0,0.0,1.0,4.0,4.0,0.0,0.0,1.0,0.0,0.0,0.0,0.0,2025_01_BAL_BUF
Christian Benford,BUF,0.0,0.0,0.0,0.0,0.0,0.0,7.0,5.0,2.0,0.0,0.0,0.0,0.0,0.0,0.0,2025_01_BAL_BUF
Taylor Rapp,BUF,0.0,0.0,0.0,0.0,0.0,0.0,6.0,4.0,2.0,0.0,0.0,0.0,0.0,0.0,0.0,2025_01_BAL_BUF
Dorian Williams,BUF,0.0,0.0,0.0,0.0,0.0,0.0,5.0,4.0,1.0,0.0,0.0,0.0,0.0,0.0,0.0,2025_01_BAL_BUF
Cole Bishop,BUF,0.0,0.0,0.0,0.0,0.0,0.0,4.0,4.0,0.0,0.0,0.0,0.0,0.0,0.0,0.0,2025_01_BAL_BUF
Terrel Bernard,BUF,0.0,0.0,0.0,0.0,0.0,0.0,3.0,2.0,1.0,1.0,0.0,1.0,0.0,0.0,0.0,2025_01_BAL_BUF
Gregory Rousseau,BUF,0.0,0.0,0.0,0.0,1.0,0.0,3.0,3.0,0.0,0.0,0.0,0.0,0.0,0.0,0.0,2025_01_BAL_BUF
Joey Bosa,BUF,0.0,0.0,0.0,0.0,0.0,0.0,2.0,2.0,0.0,0.0,0.0,0.0,0.0,0.0,1.0,2025_01_BAL_BUF
Taron Johnson,BUF,0.0,0.0,0.0,0.0,0.0,0.0,2.0,2.0,0.0,0.0,0.0,0.0,0.0,0.0,0.0,2025_01_BAL_BUF
Cameron Lewis,BUF,0.0,0.0,0.0,0.0,0.0,0.0,2.0,2.0,0.0,0.0,0.0,0.0,0.0,0.0,0.0,2025_01_BAL_BUF
Dorian Strong,BUF,0.0,0.0,0.0,0.0,0.0,0.0,2.0,2.0,0.0,0.0,0.0,0.0,0.0,0.0,0.0,2025_01_BAL_BUF
Joe Andreessen,BUF,0.0,0.0,0.0,0.0,0.0,0.0,1.0,0.0,1.0,0.0,0.0,0.0,0.0,0.0,0.0,2025_01_BAL_BUF
A.J. Epenesa,BUF,0.0,0.0,0.0,0.0,0.0,0.0,1.0,1.0,0.0,0.0,0.0,0.0,0.0,0.0,0.0,2025_01_BAL_BUF
Sam Franklin,BUF,0.0,0.0,0.0,0.0,0.0,0.0,1.0,1.0,0.0,0.0,0.0,0.0,0.0,0.0,0.0,2025_01_BAL_BUF
DaQuan Jones,BUF,0.0,0.0,0.0,0.0,0.0,0.0,1.0,1.0,0.0,1.0,0.0,0.0,0.0,0.0,0.0,2025_01_BAL_BUF
Javon Solomon,BUF,0.0,0.0,0.0,0.0,0.0,0.0,1.0,0.0,1.0,0.0,1.0,0.0,0.0,0.0,0.0,2025_01_BAL_BUF
Shaq Thompson,BUF,0.0,0.0,0.0,0.0,0.0,0.0,1.0,1.0,0.0,0.0,0.0,0.0,0.0,0.0,0.0,2025_01_BAL_BUF
Javon Hargrave,MIN,0.0,0.0,0.0,0.0,0.0,2.0,5.0,3.0,2.0,2.0,1.0,0.0,0.0,0.0,0.0,2025_01_MIN_CHI
Josh Metellus,MIN,0.0,0.0,0.0,0.0,0.0,0.0,6.0,4.0,2.0,0.0,0.0,0.0,0.0,0.0,0.0,2025_01_MIN_CHI
Ivan Pace,MIN,0.0,0.0,0.0,0.0,0.0,0.0,5.0,2.0,3.0,0.0,0.0,0.0,0.0,0.0,0.0,2025_01_MIN_CHI
Isaiah Rodgers,MIN,0.0,0.0,0.0,0.0,0.0,0.0,5.0,3.0,2.0,1.0,0.0,0.0,0.0,0.0,0.0,2025_01_MIN_CHI
Andrew Van Ginkel,MIN,0.0,0.0,0.0,0.0,2.0,0.0,5.0,3.0,2.0,1.0,0.0,0.0,0.0,0.0,0.0,2025_01_MIN_CHI
Eric Wilson,MIN,0.0,0.0,0.0,0.0,0.0,0.0,5.0,3.0,2.0,1.0,0.0,0.0,0.0,0.0,0.0,2025_01_MIN_CHI
Theo Jackson,MIN,0.0,0.0,0.0,0.0,0.0,0.0,4.0,3.0,1.0,0.0,0.0,0.0,0.0,0.0,0.0,2025_01_MIN_CHI
Byron Murphy,MIN,0.0,0.0,0.0,0.0,0.0,0.0,4.0,4.0,0.0,0.0,0.0,0.0,0.0,0.0,0.0,2025_01_MIN_CHI
Jonathan Allen,MIN,0.0,0.0,0.0,0.0,0.0,0.0,3.0,1.0,2.0,0.0,0.0,0.0,0.0,0.0,0.0,2025_01_MIN_CHI
Blake Cashman,MIN,0.0,0.0,0.0,0.0,0.0,0.0,3.0,2.0,1.0,0.0,0.0,0.0,0.0,0.0,0.0,2025_01_MIN_CHI
Tai Felton,MIN,0.0,0.0,0.0,0.0,0.0,0.0,3.0,3.0,0.0,0.0,0.0,0.0,0.0,0.0,0.0,2025_01_MIN_CHI
Dallas Turner,MIN,0.0,0.0,0.0,0.0,0.0,0.0,3.0,1.0,2.0,0.0,0.0,0.0,0.0,0.0,0.0,2025_01_MIN_CHI
Jay Ward,MIN,0.0,0.0,0.0,0.0,0.0,0.0,3.0,2.0,1.0,0.0,0.0,1.0,0.0,0.0,0.0,2025_01_MIN_CHI
Jonathan Greenard,MIN,0.0,0.0,0.0,0.0,0.0,0.0,2.0,2.0,0.0,0.0,2.0,0.0,0.0,0.0,0.0,2025_01_MIN_CHI
Jeff Okudah,MIN,0.0,0.0,0.0,0.0,0.0,0.0,2.0,2.0,0.0,0.0,0.0,0.0,0.0,0.0,0.0,2025_01_MIN_CHI
Jalen Redmond,MIN,0.0,0.0,0.0,0.0,0.0,0.0,2.0,1.0,1.0,0.0,0.0,0.0,0.0,0.0,0.0,2025_01_MIN_CHI
Levi Drake Rodriguez,MIN,0.0,0.0,0.0,0.0,0.0,0.0,2.0,1.0,1.0,1.0,0.0,0.0,0.0,0.0,0.0,2025_01_MIN_CHI
Tavierre Thomas,MIN,0.0,0.0,0.0,0.0,0.0,0.0,2.0,0.0,2.0,0.0,0.0,0.0,0.0,0.0,1.0,2025_01_MIN_CHI
Chaz Chambliss,MIN,0.0,0.0,0.0,0.0,0.0,0.0,1.0,1.0,0.0,0.0,0.0,0.0,0.0,0.0,0.0,2025_01_MIN_CHI
Andrew DePaola,MIN,0.0,0.0,0.0,0.0,0.0,0.0,1.0,0.0,1.0,0.0,0.0,0.0,0.0,0.0,0.0,2025_01_MIN_CHI
Tyrion Ingram-Dawkins,MIN,0.0,0.0,0.0,0.0,1.0,0.0,0.0,0.0,0.0,0.0,0.0,0.0,0.0,0.0,0.0,2025_01_MIN_CHI
Nahshon Wright,CHI,1.0,74.0,1.0,74.0,1.0,0.0,4.0,3.0,1.0,1.0,0.0,0.0,0.0,0.0,0.0,2025_01_MIN_CHI
Gervon Dexter,CHI,0.0,0.0,0.0,0.0,0.0,1.0,3.0,2.0,1.0,1.0,1.0,0.0,0.0,0.0,0.0,2025_01_MIN_CHI
Tanoh Kpassagnon,CHI,0.0,0.0,0.0,0.0,0.0,1.0,2.0,1.0,1.0,1.0,2.0,0.0,0.0,0.0,0.0,2025_01_MIN_CHI
Dayo Odeyingbo,CHI,0.0,0.0,0.0,0.0,1.0,1.0,2.0,1.0,1.0,1.0,2.0,0.0,0.0,0.0,0.0,2025_01_MIN_CHI
Noah Sewell,CHI,0.0,0.0,0.0,0.0,0.0,0.0,9.0,7.0,2.0,0.0,0.0,0.0,0.0,0.0,0.0,2025_01_MIN_CHI
Tremaine Edmunds,CHI,0.0,0.0,0.0,0.0,1.0,0.0,7.0,3.0,4.0,0.0,0.0,0.0,0.0,0.0,0.0,2025_01_MIN_CHI
Jaquan Brisker,CHI,0.0,0.0,0.0,0.0,0.0,0.0,5.0,4.0,1.0,0.0,0.0,0.0,0.0,0.0,0.0,2025_01_MIN_CHI
Kevin Byard,CHI,0.0,0.0,0.0,0.0,0.0,0.0,5.0,5.0,0.0,0.0,0.0,0.0,0.0,0.0,0.0,2025_01_MIN_CHI
Daniel Hardy,CHI,0.0,0.0,0.0,0.0,0.0,0.0,3.0,1.0,2.0,0.0,0.0,0.0,0.0,0.0,0.0,2025_01_MIN_CHI
Ruben Hyppolite,CHI,0.0,0.0,0.0,0.0,0.0,0.0,3.0,1.0,2.0,0.0,0.0,0.0,0.0,0.0,0.0,2025_01_MIN_CHI
Grady Jarrett,CHI,0.0,0.0,0.0,0.0,0.0,0.0,3.0,1.0,2.0,0.0,0.0,0.0,0.0,0.0,0.0,2025_01_MIN_CHI
Tyrique Stevenson,CHI,0.0,0.0,0.0,0.0,1.0,0.0,3.0,3.0,0.0,0.0,0.0,0.0,0.0,0.0,0.0,2025_01_MIN_CHI
Elijah Hicks,CHI,0.0,0.0,0.0,0.0,0.0,0.0,2.0,1.0,1.0,0.0,0.0,0.0,0.0,0.0,0.0,2025_01_MIN_CHI
Jaylon Jones,CHI,0.0,0.0,0.0,0.0,0.0,0.0,2.0,0.0,2.0,0.0,0.0,0.0,0.0,0.0,0.0,2025_01_MIN_CHI
Jonathan Owens,CHI,0.0,0.0,0.0,0.0,0.0,0.0,2.0,2.0,0.0,0.0,0.0,0.0,0.0,0.0,0.0,2025_01_MIN_CHI
Montez Sweat,CHI,0.0,0.0,0.0,0.0,1.0,0.0,2.0,2.0,0.0,2.0,0.0,0.0,0.0,0.0,0.0,2025_01_MIN_CHI
Scott Daly,CHI,0.0,0.0,0.0,0.0,0.0,0.0,1.0,0.0,1.0,0.0,0.0,0.0,0.0,0.0,0.0,2025_01_MIN_CHI
Carl Jones,CHI,0.0,0.0,0.0,0.0,0.0,0.0,1.0,0.0,1.0,0.0,0.0,0.0,0.0,0.0,0.0,2025_01_MIN_CHI
Chris Williams,CHI,0.0,0.0,0.0,0.0,0.0,0.0,1.0,1.0,0.0,0.0,0.0,0.0,0.0,0.0,0.0,2025_01_MIN_CHI
Dorance Armstrong Jr.,WAS,0.0,0.0,0.0,0.0,0.0,1.0,6.0,4.0,2.0,1.0,1.0,0.0,0.0,0.0,0.0,2025_02_WAS_GB
Jacob Martin,WAS,0.0,0.0,0.0,0.0,0.0,0.5,3.0,2.0,1.0,0.0,1.0,0.0,0.0,0.0,0.0,2025_02_WAS_GB
Von Miller,WAS,0.0,0.0,0.0,0.0,0.0,0.5,1.0,0.0,1.0,0.0,1.0,0.0,0.0,0.0,0.0,2025_02_WAS_GB
Bobby Wagner,WAS,0.0,0.0,0.0,0.0,0.0,0.0,11.0,3.0,8.0,0.0,0.0,0.0,0.0,0.0,0.0,2025_02_WAS_GB
Quan Martin,WAS,0.0,0.0,0.0,0.0,1.0,0.0,7.0,4.0,3.0,0.0,1.0,0.0,0.0,0.0,0.0,2025_02_WAS_GB
Marshon Lattimore,WAS,0.0,0.0,0.0,0.0,1.0,0.0,6.0,5.0,1.0,0.0,0.0,0.0,0.0,0.0,0.0,2025_02_WAS_GB
Mike Sainristil,WAS,0.0,0.0,0.0,0.0,0.0,0.0,6.0,5.0,1.0,0.0,0.0,0.0,0.0,0.0,0.0,2025_02_WAS_GB
Will Harris,WAS,0.0,0.0,0.0,0.0,0.0,0.0,5.0,3.0,2.0,0.0,0.0,0.0,0.0,0.0,0.0,2025_02_WAS_GB
Jeremy Reaves,WAS,0.0,0.0,0.0,0.0,0.0,0.0,4.0,2.0,2.0,0.0,0.0,0.0,0.0,0.0,0.0,2025_02_WAS_GB
Trey Amos,WAS,0.0,0.0,0.0,0.0,1.0,0.0,2.0,1.0,1.0,0.0,0.0,0.0,0.0,0.0,0.0,2025_02_WAS_GB
Percy Butler,WAS,0.0,0.0,0.0,0.0,0.0,0.0,2.0,2.0,0.0,0.0,0.0,0.0,0.0,0.0,0.0,2025_02_WAS_GB
Eddie Goldman,WAS,0.0,0.0,0.0,0.0,0.0,0.0,2.0,0.0,2.0,0.0,0.0,0.0,0.0,0.0,0.0,2025_02_WAS_GB
Javontae Jean-Baptiste,WAS,0.0,0.0,0.0,0.0,0.0,0.0,2.0,1.0,1.0,0.0,0.0,0.0,0.0,0.0,0.0,2025_02_WAS_GB
Jonathan Jones,WAS,0.0,0.0,0.0,0.0,0.0,0.0,2.0,1.0,1.0,0.0,0.0,0.0,0.0,0.0,0.0,2025_02_WAS_GB
Frankie Luvu,WAS,0.0,0.0,0.0,0.0,0.0,0.0,2.0,0.0,2.0,0.0,0.0,0.0,0.0,0.0,0.0,2025_02_WAS_GB
Javon Kinlaw,WAS,0.0,0.0,0.0,0.0,0.0,0.0,1.0,1.0,0.0,1.0,0.0,0.0,0.0,0.0,0.0,2025_02_WAS_GB
Jer'Zhan Newton,WAS,0.0,0.0,0.0,0.0,0.0,0.0,1.0,1.0,0.0,0.0,0.0,0.0,0.0,0.0,0.0,2025_02_WAS_GB
Daron Payne,WAS,0.0,0.0,0.0,0.0,0.0,0.0,1.0,0.0,1.0,0.0,0.0,0.0,0.0,0.0,0.0,2025_02_WAS_GB
Deatrich Wise Jr.,WAS,0.0,0.0,0.0,0.0,0.0,0.0,1.0,0.0,1.0,0.0,0.0,0.0,0.0,0.0,0.0,2025_02_WAS_GB
Rashan Gary,GNB,0.0,0.0,0.0,0.0,0.0,1.0,3.0,2.0,1.0,1.0,1.0,0.0,0.0,0.0,0.0,2025_02_WAS_GB
Devonte Wyatt,GNB,0.0,0.0,0.0,0.0,2.0,1.0,2.0,2.0,0.0,1.0,2.0,0.0,0.0,0.0,0.0,2025_02_WAS_GB
Edgerrin Cooper,GNB,0.0,0.0,0.0,0.0,0.0,0.5,10.0,7.0,3.0,0.0,2.0,0.0,0.0,0.0,0.0,2025_02_WAS_GB
Karl Brooks,GNB,0.0,0.0,0.0,0.0,0.0,0.5,3.0,0.0,3.0,0.0,1.0,0.0,0.0,0.0,0.0,2025_02_WAS_GB
Micah Parsons,GNB,0.0,0.0,0.0,0.0,0.0,0.5,2.0,0.0,2.0,0.0,3.0,0.0,0.0,0.0,0.0,2025_02_WAS_GB
Barryn Sorrell,GNB,0.0,0.0,0.0,0.0,0.0,0.5,1.0,0.0,1.0,0.0,1.0,0.0,0.0,0.0,0.0,2025_02_WAS_GB
Quay Walker,GNB,0.0,0.0,0.0,0.0,0.0,0.0,8.0,4.0,4.0,0.0,1.0,0.0,0.0,0.0,0.0,2025_02_WAS_GB
Javon Bullard,GNB,0.0,0.0,0.0,0.0,0.0,0.0,5.0,5.0,0.0,0.0,0.0,0.0,0.0,0.0,0.0,2025_02_WAS_GB
Evan Williams,GNB,0.0,0.0,0.0,0.0,0.0,0.0,5.0,2.0,3.0,0.0,0.0,0.0,0.0,0.0,0.0,2025_02_WAS_GB
Xavier McKinney,GNB,0.0,0.0,0.0,0.0,1.0,0.0,3.0,3.0,0.0,0.0,0.0,0.0,0.0,0.0,0.0,2025_02_WAS_GB
Lukas Van Ness,GNB,0.0,0.0,0.0,0.0,0.0,0.0,3.0,3.0,0.0,1.0,1.0,0.0,0.0,0.0,0.0,2025_02_WAS_GB
Kingsley Enagbare,GNB,0.0,0.0,0.0,0.0,0.0,0.0,2.0,2.0,0.0,0.0,0.0,0.0,0.0,0.0,0.0,2025_02_WAS_GB
Isaiah McDuffie,GNB,0.0,0.0,0.0,0.0,0.0,0.0,2.0,2.0,0.0,0.0,0.0,0.0,0.0,0.0,0.0,2025_02_WAS_GB
Keisean Nixon,GNB,0.0,0.0,0.0,0.0,5.0,0.0,2.0,2.0,0.0,0.0,0.0,0.0,0.0,0.0,0.0,2025_02_WAS_GB
Carrington Valentine,GNB,0.0,0.0,0.0,0.0,0.0,0.0,2.0,2.0,0.0,0.0,0.0,0.0,0.0,0.0,0.0,2025_02_WAS_GB
Malik Heath,GNB,0.0,0.0,0.0,0.0,0.0,0.0,1.0,1.0,0.0,0.0,0.0,0.0,0.0,0.0,0.0,2025_02_WAS_GB
Nate Hobbs,GNB,0.0,0.0,0.0,0.0,0.0,0.0,1.0,1.0,0.0,0.0,0.0,0.0,0.0,0.0,0.0,2025_02_WAS_GB
Ty'Ron Hopper,GNB,0.0,0.0,0.0,0.0,0.0,0.0,1.0,1.0,0.0,0.0,0.0,0.0,0.0,0.0,0.0,2025_02_WAS_GB
Nick Niemann,GNB,0.0,0.0,0.0,0.0,0.0,0.0,1.0,1.0,0.0,0.0,0.0,0.0,0.0,0.0,0.0,2025_02_WAS_GB
Kitan Oladapo,GNB,0.0,0.0,0.0,0.0,0.0,0.0,1.0,1.0,0.0,0.0,0.0,0.0,0.0,0.0,0.0,2025_02_WAS_GB
Savion Williams,GNB,0.0,0.0,0.0,0.0,0.0,0.0,1.0,0.0,1.0,0.0,0.0,0.0,0.0,0.0,0.0,2025_02_WAS_GB
Colby Wooden,GNB,0.0,0.0,0.0,0.0,0.0,0.0,1.0,1.0,0.0,0.0,0.0,0.0,0.0,0.0,0.0,2025_02_WAS_GB
