Year,StatType,Player,Tm,Inside 20_Cmp,Inside 20_Att,Inside 20_Cmp%,Inside 20_Yds,Inside 20_TD,Inside 20_Int,Inside 10_Cmp,Inside 10_Att,Inside 10_Cmp%,Inside 10_Yds,Inside 10_TD,Inside 10_Int,Inside 20_%Rush,Inside 10_%Rush,Inside 5_Att,Inside 5_Yds,Inside 5_TD,Inside 5_%Rush,Inside 20_Tgt,Inside 20_Rec,Inside 20_Ctch%,Inside 20_%Tgt,Inside 10_Tgt,Inside 10_Rec,Inside 10_Ctch%,Inside 10_%Tgt
2015,passing,Tom Brady,NE,53.0,83.0,63.86,388,27,3.0,23.0,40.0,57.5,105,17,2.0,,,,,,,,,,,,,,
2015,passing,Matthew Stafford,DET,48.0,70.0,68.57,323,26,0.0,29.0,38.0,76.32,120,21,0.0,,,,,,,,,,,,,,
2015,passing,Blake Bortles,JAX,49.0,92.0,53.26,325,25,2.0,27.0,51.0,52.94,135,21,2.0,,,,,,,,,,,,,,
2015,passing,Carson Palmer,ARI,43.0,79.0,54.43,359,25,1.0,20.0,42.0,47.62,98,15,1.0,,,,,,,,,,,,,,
2015,passing,Cam Newton,CAR,43.0,70.0,61.43,333,24,0.0,18.0,30.0,60.0,73,12,0.0,,,,,,,,,,,,,,
2015,passing,Ryan Fitzpatrick,NYJ,38.0,72.0,52.78,310,23,1.0,19.0,35.0,54.29,88,14,0.0,,,,,,,,,,,,,,
2015,passing,Philip Rivers,SDG,43.0,71.0,60.56,352,22,2.0,14.0,27.0,51.85,88,12,1.0,,,,,,,,,,,,,,
2015,passing,Kirk Cousins,WAS,50.0,78.0,64.1,345,22,0.0,25.0,41.0,60.98,99,16,0.0,,,,,,,,,,,,,,
2015,passing,Eli Manning,NYG,45.0,83.0,54.22,295,20,5.0,22.0,39.0,56.41,121,15,3.0,,,,,,,,,,,,,,
2015,passing,Aaron Rodgers,GB,45.0,91.0,49.45,247,20,4.0,24.0,51.0,47.06,110,16,2.0,,,,,,,,,,,,,,
2015,passing,Andy Dalton,CIN,30.0,56.0,53.57,265,19,3.0,13.0,26.0,50.0,94,12,3.0,,,,,,,,,,,,,,
2015,passing,Drew Brees,NO,44.0,68.0,64.71,273,19,2.0,17.0,30.0,56.67,72,11,1.0,,,,,,,,,,,,,,
2015,passing,Matt Ryan,ATL,42.0,73.0,57.53,295,17,4.0,21.0,36.0,58.33,99,13,2.0,,,,,,,,,,,,,,
2015,passing,Derek Carr,LVR,23.0,52.0,44.23,184,17,2.0,11.0,21.0,52.38,57,10,0.0,,,,,,,,,,,,,,
2015,passing,Russell Wilson,SEA,29.0,53.0,54.72,240,16,1.0,10.0,25.0,40.0,59,9,0.0,,,,,,,,,,,,,,
2015,passing,Ryan Tannehill,MIA,33.0,68.0,48.53,223,15,3.0,18.0,43.0,41.86,88,11,2.0,,,,,,,,,,,,,,
2015,passing,Ben Roethlisberger,PIT,36.0,64.0,56.25,220,15,0.0,20.0,35.0,57.14,88,12,0.0,,,,,,,,,,,,,,
2015,passing,Jameis Winston,TB,30.0,72.0,41.67,228,15,1.0,16.0,42.0,38.1,95,12,0.0,,,,,,,,,,,,,,
2015,passing,Marcus Mariota,TEN,26.0,40.0,65.0,195,15,0.0,14.0,21.0,66.67,64,11,0.0,,,,,,,,,,,,,,
2015,passing,Alex Smith,KC,34.0,59.0,57.63,202,14,1.0,11.0,19.0,57.89,22,6,0.0,,,,,,,,,,,,,,
2015,passing,Brian Hoyer,HOU,24.0,43.0,55.81,184,14,0.0,11.0,17.0,64.71,62,9,0.0,,,,,,,,,,,,,,
2015,passing,Jay Cutler,CHI,33.0,71.0,46.48,206,11,2.0,17.0,39.0,43.59,82,10,2.0,,,,,,,,,,,,,,
2015,passing,Andrew Luck,IND,23.0,36.0,63.89,154,11,1.0,10.0,16.0,62.5,53,8,0.0,,,,,,,,,,,,,,
2015,passing,Sam Bradford,PHI,25.0,50.0,50.0,159,10,3.0,13.0,21.0,61.9,69,9,1.0,,,,,,,,,,,,,,
2015,passing,Joe Flacco,BAL,30.0,52.0,57.69,209,10,2.0,15.0,26.0,57.69,63,7,1.0,,,,,,,,,,,,,,
2015,passing,Teddy Bridgewater,MIN,20.0,42.0,47.62,140,9,1.0,7.0,17.0,41.18,25,6,0.0,,,,,,,,,,,,,,
2015,passing,Matt Hasselbeck,IND,16.0,36.0,44.44,104,9,2.0,9.0,19.0,47.37,41,7,1.0,,,,,,,,,,,,,,
2015,passing,Josh McCown,CLE,21.0,40.0,52.5,107,9,0.0,9.0,20.0,45.0,30,6,0.0,,,,,,,,,,,,,,
2015,passing,Blaine Gabbert,SF,19.0,28.0,67.86,150,8,0.0,5.0,8.0,62.5,19,4,0.0,,,,,,,,,,,,,,
2015,passing,Brock Osweiler,DEN,18.0,35.0,51.43,144,7,0.0,8.0,16.0,50.0,50,6,0.0,,,,,,,,,,,,,,
2015,passing,Peyton Manning,DEN,20.0,34.0,58.82,112,6,2.0,7.0,13.0,53.85,18,3,1.0,,,,,,,,,,,,,,
2015,passing,Tyrod Taylor,BUF,17.0,31.0,54.84,90,6,1.0,10.0,16.0,62.5,45,6,1.0,,,,,,,,,,,,,,
2015,passing,Ryan Mallett,2TM,12.0,24.0,50.0,74,5,1.0,7.0,12.0,58.33,37,5,0.0,,,,,,,,,,,,,,
2015,passing,Matt Cassel,DAL,8.0,23.0,34.78,69,4,1.0,2.0,9.0,22.22,7,2,1.0,,,,,,,,,,,,,,
2015,passing,Johnny Manziel,CLE,14.0,35.0,40.0,90,4,1.0,5.0,18.0,27.78,21,3,1.0,,,,,,,,,,,,,,
2015,passing,Brandon Weeden,2TM,8.0,19.0,42.11,80,4,0.0,2.0,9.0,22.22,10,1,0.0,,,,,,,,,,,,,,
2015,passing,Tony Romo,DAL,13.0,24.0,54.17,94,4,1.0,5.0,12.0,41.67,11,2,0.0,,,,,,,,,,,,,,
2015,passing,Kellen Moore,DAL,6.0,15.0,40.0,46,4,2.0,4.0,10.0,40.0,26,4,2.0,,,,,,,,,,,,,,
2015,passing,Nick Foles,STL,11.0,30.0,36.67,92,4,2.0,3.0,11.0,27.27,8,1,2.0,,,,,,,,,,,,,,
2015,passing,A.J. McCarron,CIN,8.0,10.0,80.0,56,3,0.0,5.0,7.0,71.43,25,3,0.0,,,,,,,,,,,,,,
2015,passing,Colin Kaepernick,SF,16.0,37.0,43.24,97,3,0.0,6.0,18.0,33.33,18,2,0.0,,,,,,,,,,,,,,
2015,passing,Zach Mettenberger,TEN,7.0,14.0,50.0,53,3,1.0,4.0,10.0,40.0,12,2,1.0,,,,,,,,,,,,,,
2015,passing,Geno Smith,NYJ,3.0,4.0,75.0,14,2,0.0,2.0,3.0,66.67,5,2,0.0,,,,,,,,,,,,,,
2015,passing,Matt Schaub,BAL,5.0,8.0,62.5,33,2,0.0,0.0,0.0,,0,0,0.0,,,,,,,,,,,,,,
2015,passing,Matt McGloin,LVR,3.0,4.0,75.0,28,2,0.0,1.0,1.0,100.0,9,1,0.0,,,,,,,,,,,,,,
2015,passing,Landry Jones,PIT,4.0,9.0,44.44,37,2,0.0,1.0,6.0,16.67,8,1,0.0,,,,,,,,,,,,,,
2015,passing,Alex Tanney,TEN,2.0,2.0,100.0,14,1,0.0,1.0,1.0,100.0,5,1,0.0,,,,,,,,,,,,,,
2015,passing,Kellen Clemens,SDG,1.0,1.0,100.0,19,1,0.0,0.0,0.0,,0,0,0.0,,,,,,,,,,,,,,
2015,passing,Jimmy Clausen,2TM,4.0,9.0,44.44,17,1,1.0,1.0,3.0,33.33,1,1,0.0,,,,,,,,,,,,,,
2015,passing,Michael Vick,PIT,4.0,6.0,66.67,31,1,0.0,1.0,1.0,100.0,9,1,0.0,,,,,,,,,,,,,,
2015,passing,Ryan Lindley,IND,1.0,2.0,50.0,18,1,0.0,0.0,0.0,,0,0,0.0,,,,,,,,,,,,,,
2015,passing,Mark Sanchez,PHI,1.0,3.0,33.33,2,1,1.0,1.0,2.0,50.0,2,1,1.0,,,,,,,,,,,,,,
2015,passing,Dan Orlovsky,DET,2.0,2.0,100.0,12,1,0.0,0.0,0.0,,0,0,0.0,,,,,,,,,,,,,,
2015,passing,EJ Manuel,BUF,3.0,7.0,42.86,27,1,0.0,0.0,2.0,0.0,0,0,0.0,,,,,,,,,,,,,,
2015,passing,Case Keenum,STL,2.0,5.0,40.0,24,1,0.0,1.0,1.0,100.0,7,0,0.0,,,,,,,,,,,,,,
2015,passing,Austin Davis,CLE,2.0,12.0,16.67,14,0,1.0,0.0,2.0,0.0,0,0,1.0,,,,,,,,,,,,,,
2015,passing,Josh Freeman,IND,0.0,1.0,0.0,0,0,0.0,0.0,0.0,,0,0,0.0,,,,,,,,,,,,,,
2015,passing,Drew Stanton,ARI,0.0,3.0,0.0,0,0,1.0,0.0,0.0,,0,0,0.0,,,,,,,,,,,,,,
2015,passing,Jonathan Grimes,HOU,0.0,1.0,0.0,0,0,0.0,0.0,1.0,0.0,0,0,0.0,,,,,,,,,,,,,,
2015,passing,Luke McCown,NO,1.0,2.0,50.0,5,0,0.0,0.0,0.0,,0,0,0.0,,,,,,,,,,,,,,
2015,passing,Colt McCoy,WAS,0.0,1.0,0.0,0,0,0.0,0.0,0.0,,0,0,0.0,,,,,,,,,,,,,,
2015,passing,Chris Hogan,BUF,1.0,1.0,100.0,4,0,0.0,1.0,1.0,100.0,4,0,0.0,,,,,,,,,,,,,,
2015,passing,Charlie Whitehurst,IND,1.0,3.0,33.33,5,0,0.0,0.0,0.0,,0,0,0.0,,,,,,,,,,,,,,
2015,passing,T.J. Yates,HOU,2.0,4.0,50.0,8,0,0.0,1.0,3.0,33.33,4,0,0.0,,,,,,,,,,,,,,
2015,rushing,Devonta Freeman,ATL,,47.0,,114,9,,,25.0,,49,8,,61.8%,62.5%,11.0,6.0,4.0,55.0%,,,,,,,,
2015,rushing,Jonathan Stewart,CAR,,46.0,,126,6,,,21.0,,26,5,,43.8%,42.0%,9.0,6.0,4.0,34.6%,,,,,,,,
2015,rushing,DeAngelo Williams,PIT,,46.0,,135,11,,,30.0,,63,11,,66.7%,66.7%,16.0,19.0,10.0,66.7%,,,,,,,,
2015,rushing,Adrian Peterson,MIN,,45.0,,95,7,,,26.0,,25,7,,62.5%,66.7%,14.0,3.0,4.0,73.7%,,,,,,,,
2015,rushing,Doug Martin,TB,,41.0,,86,6,,,21.0,,32,5,,63.1%,65.6%,8.0,9.0,4.0,53.3%,,,,,,,,
2015,rushing,Chris Ivory,NYJ,,38.0,,93,6,,,23.0,,33,6,,62.3%,74.2%,17.0,10.0,5.0,85.0%,,,,,,,,
2015,rushing,Jeremy Hill,CIN,,36.0,,78,10,,,24.0,,49,10,,43.4%,50.0%,13.0,14.0,8.0,76.5%,,,,,,,,
2015,rushing,Frank Gore,IND,,35.0,,61,5,,,15.0,,15,4,,58.3%,62.5%,8.0,1.0,2.0,66.7%,,,,,,,,
2015,rushing,Latavius Murray,LVR,,33.0,,66,5,,,22.0,,28,5,,70.2%,81.5%,8.0,7.0,4.0,80.0%,,,,,,,,
2015,rushing,LeGarrette Blount,NE,,32.0,,67,5,,,16.0,,24,5,,49.2%,45.7%,9.0,5.0,4.0,45.0%,,,,,,,,
2015,rushing,Mark Ingram,NO,,31.0,,92,6,,,15.0,,43,5,,43.1%,36.6%,9.0,7.0,3.0,36.0%,,,,,,,,
2015,rushing,Giovani Bernard,CIN,,30.0,,142,2,,,14.0,,31,0,,36.1%,29.2%,3.0,-1.0,0.0,17.6%,,,,,,,,
2015,rushing,Matt Forte,CHI,,30.0,,101,4,,,21.0,,41,4,,50.8%,58.3%,10.0,7.0,2.0,52.6%,,,,,,,,
2015,rushing,Chris Johnson,ARI,,30.0,,45,2,,,15.0,,19,2,,49.2%,44.1%,8.0,-3.0,1.0,42.1%,,,,,,,,
2015,rushing,Isaiah Crowell,CLE,,29.0,,74,4,,,17.0,,22,3,,53.7%,70.8%,6.0,4.0,2.0,75.0%,,,,,,,,
2015,rushing,Cam Newton,CAR,,29.0,,72,10,,,19.0,,34,9,,27.6%,38.0%,10.0,18.0,8.0,38.5%,,,,,,,,
2015,rushing,Todd Gurley,STL,,28.0,,102,9,,,16.0,,31,7,,68.3%,64.0%,8.0,10.0,5.0,66.7%,,,,,,,,
2015,rushing,DeMarco Murray,PHI,,28.0,,62,5,,,16.0,,21,4,,50.0%,50.0%,9.0,11.0,3.0,52.9%,,,,,,,,
2015,rushing,Ronnie Hillman,DEN,,26.0,,62,5,,,16.0,,7,3,,51.0%,59.3%,9.0,-2.0,3.0,64.3%,,,,,,,,
2015,rushing,Darren McFadden,DAL,,26.0,,81,3,,,15.0,,29,3,,66.7%,68.2%,6.0,4.0,2.0,60.0%,,,,,,,,
2015,rushing,Alfred Morris,WAS,,25.0,,51,1,,,10.0,,16,1,,41.0%,32.3%,3.0,-1.0,1.0,25.0%,,,,,,,,
2015,rushing,Matt Jones,WAS,,23.0,,33,2,,,13.0,,8,2,,37.7%,41.9%,5.0,6.0,2.0,41.7%,,,,,,,,
2015,rushing,Charcandrick West,KC,,22.0,,57,3,,,14.0,,30,3,,40.7%,38.9%,6.0,8.0,2.0,37.5%,,,,,,,,
2015,rushing,T.J. Yeldon,JAX,,22.0,,63,1,,,10.0,,17,1,,43.1%,33.3%,4.0,-1.0,1.0,22.2%,,,,,,,,
2015,rushing,David Johnson,ARI,,21.0,,52,7,,,12.0,,14,5,,34.4%,35.3%,8.0,8.0,5.0,42.1%,,,,,,,,
2015,rushing,Javorius Allen,BAL,,20.0,,37,1,,,12.0,,15,1,,41.7%,48.0%,7.0,8.0,1.0,46.7%,,,,,,,,
2015,rushing,Alfred Blue,HOU,,20.0,,51,1,,,11.0,,23,1,,35.7%,42.3%,2.0,-3.0,0.0,28.6%,,,,,,,,
2015,rushing,Tim Hightower,NO,,20.0,,61,4,,,11.0,,13,4,,27.8%,26.8%,6.0,-1.0,3.0,24.0%,,,,,,,,
2015,rushing,Rashad Jennings,NYG,,20.0,,47,2,,,10.0,,12,2,,42.6%,41.7%,4.0,6.0,2.0,28.6%,,,,,,,,
2015,rushing,Eddie Lacy,GB,,20.0,,33,3,,,9.0,,14,3,,46.5%,40.9%,7.0,10.0,3.0,63.6%,,,,,,,,
2015,rushing,LeSean McCoy,BUF,,20.0,,56,1,,,9.0,,17,1,,31.3%,31.0%,4.0,3.0,1.0,40.0%,,,,,,,,
2015,rushing,Marshawn Lynch,SEA,,19.0,,20,3,,,13.0,,5,3,,28.4%,37.1%,8.0,10.0,3.0,47.1%,,,,,,,,
2015,rushing,Lamar Miller,MIA,,19.0,,57,6,,,12.0,,22,5,,44.2%,54.5%,6.0,1.0,4.0,66.7%,,,,,,,,
2015,rushing,Tyrod Taylor,BUF,,19.0,,77,3,,,8.0,,16,2,,29.7%,27.6%,1.0,1.0,0.0,10.0%,,,,,,,,
2015,rushing,Danny Woodhead,SDG,,19.0,,34,3,,,9.0,,8,3,,50.0%,56.3%,5.0,3.0,2.0,71.4%,,,,,,,,
2015,rushing,C.J. Anderson,DEN,,18.0,,49,2,,,7.0,,7,1,,35.3%,25.9%,4.0,3.0,1.0,28.6%,,,,,,,,
2015,rushing,Antonio Andrews,TEN,,18.0,,31,3,,,12.0,,20,3,,41.9%,44.4%,6.0,1.0,2.0,37.5%,,,,,,,,
2015,rushing,Joique Bell,DET,,17.0,,47,4,,,10.0,,4,4,,40.5%,50.0%,6.0,2.0,4.0,46.2%,,,,,,,,
2015,rushing,Carlos Hyde,SF,,17.0,,52,3,,,5.0,,0,2,,37.0%,22.7%,3.0,-3.0,1.0,27.3%,,,,,,,,
2015,rushing,Jeremy Langford,CHI,,17.0,,48,6,,,12.0,,26,6,,28.8%,33.3%,6.0,8.0,5.0,31.6%,,,,,,,,
2015,rushing,Mike Tolbert,CAR,,17.0,,47,1,,,9.0,,12,1,,16.2%,18.0%,6.0,4.0,1.0,23.1%,,,,,,,,
2015,rushing,Justin Forsett,BAL,,16.0,,42,2,,,4.0,,-1,1,,33.3%,16.0%,3.0,-1.0,1.0,20.0%,,,,,,,,
2015,rushing,Ryan Mathews,PHI,,16.0,,48,5,,,10.0,,17,5,,28.6%,31.3%,6.0,1.0,4.0,35.3%,,,,,,,,
2015,rushing,Thomas Rawls,SEA,,16.0,,45,3,,,9.0,,13,3,,23.9%,25.7%,4.0,4.0,2.0,23.5%,,,,,,,,
2015,rushing,Le'Veon Bell,PIT,,14.0,,41,3,,,7.0,,8,2,,20.3%,15.6%,3.0,1.0,2.0,12.5%,,,,,,,,
2015,rushing,Tevin Coleman,ATL,,14.0,,39,1,,,8.0,,8,1,,18.4%,20.0%,5.0,3.0,1.0,25.0%,,,,,,,,
2015,rushing,Charles Sims,TB,,14.0,,41,0,,,3.0,,4,0,,21.5%,9.4%,2.0,-1.0,0.0,13.3%,,,,,,,,
2015,rushing,Denard Robinson,JAX,,13.0,,39,1,,,9.0,,12,1,,25.5%,30.0%,5.0,0.0,1.0,27.8%,,,,,,,,
2015,rushing,Andy Dalton,CIN,,12.0,,25,3,,,7.0,,18,3,,14.5%,14.6%,1.0,3.0,1.0,5.9%,,,,,,,,
2015,rushing,James Starks,GB,,12.0,,32,0,,,7.0,,11,0,,27.9%,31.8%,1.0,0.0,0.0,9.1%,,,,,,,,
2015,rushing,Spencer Ware,KC,,12.0,,36,6,,,10.0,,30,6,,22.2%,27.8%,7.0,17.0,5.0,43.8%,,,,,,,,
2015,rushing,Ameer Abdullah,DET,,11.0,,58,1,,,2.0,,4,0,,26.2%,10.0%,2.0,4.0,0.0,15.4%,,,,,,,,
2015,rushing,Melvin Gordon,SDG,,11.0,,27,0,,,5.0,,9,0,,28.9%,31.3%,1.0,0.0,0.0,14.3%,,,,,,,,
2015,rushing,Karlos Williams,BUF,,11.0,,22,4,,,5.0,,2,3,,17.2%,17.2%,3.0,5.0,3.0,30.0%,,,,,,,,
2015,rushing,Jay Ajayi,MIA,,10.0,,34,1,,,6.0,,10,0,,23.3%,27.3%,2.0,0.0,0.0,22.2%,,,,,,,,
2015,rushing,Duke Johnson,CLE,,10.0,,9,0,,,2.0,,-5,0,,18.5%,8.3%,2.0,-5.0,0.0,25.0%,,,,,,,,
2015,rushing,Dion Lewis,NE,,10.0,,51,2,,,5.0,,25,2,,15.4%,14.3%,1.0,2.0,0.0,5.0%,,,,,,,,
2015,rushing,Darren Sproles,PHI,,10.0,,31,3,,,5.0,,10,3,,17.9%,15.6%,2.0,2.0,2.0,11.8%,,,,,,,,
2015,rushing,Terron Ward,ATL,,10.0,,24,1,,,5.0,,6,1,,13.2%,12.5%,2.0,0.0,0.0,10.0%,,,,,,,,
2015,rushing,Andre Williams,NYG,,10.0,,1,1,,,8.0,,-1,1,,21.3%,33.3%,7.0,-3.0,1.0,50.0%,,,,,,,,
2015,rushing,Russell Wilson,SEA,,10.0,,57,1,,,4.0,,16,1,,14.9%,11.4%,1.0,0.0,0.0,5.9%,,,,,,,,
2015,rushing,Teddy Bridgewater,MIN,,9.0,,48,3,,,4.0,,16,2,,12.5%,10.3%,1.0,1.0,1.0,5.3%,,,,,,,,
2015,rushing,Ryan Fitzpatrick,NYJ,,9.0,,48,2,,,5.0,,15,1,,14.8%,16.1%,0.0,0.0,0.0,.0%,,,,,,,,
2015,rushing,Arian Foster,HOU,,9.0,,22,1,,,4.0,,4,1,,16.1%,15.4%,1.0,2.0,1.0,14.3%,,,,,,,,
2015,rushing,Jonas Gray,2TM,,9.0,,23,0,,,3.0,,5,0,,,,0.0,0.0,0.0,,,,,,,,,
2015,rushing,DuJuan Harris,2TM,,9.0,,18,0,,,4.0,,5,0,,,,0.0,0.0,0.0,,,,,,,,,
2015,rushing,Jerick McKinnon,MIN,,9.0,,29,1,,,5.0,,11,1,,12.5%,12.8%,1.0,2.0,0.0,5.3%,,,,,,,,
2015,rushing,Khiry Robinson,NO,,9.0,,29,4,,,6.0,,12,4,,12.5%,14.6%,5.0,6.0,3.0,20.0%,,,,,,,,
2015,rushing,Jameis Winston,TB,,9.0,,34,6,,,8.0,,30,6,,13.8%,25.0%,5.0,13.0,4.0,33.3%,,,,,,,,
2015,rushing,Ahmad Bradshaw,IND,,8.0,,2,0,,,4.0,,0,0,,13.3%,16.7%,1.0,-1.0,0.0,8.3%,,,,,,,,
2015,rushing,Ka'Deem Carey,CHI,,8.0,,13,2,,,2.0,,5,2,,13.6%,5.6%,2.0,5.0,2.0,10.5%,,,,,,,,
2015,rushing,Jamaal Charles,KC,,8.0,,30,3,,,6.0,,24,3,,14.8%,16.7%,1.0,4.0,1.0,6.3%,,,,,,,,
2015,rushing,Joseph Randle,DAL,,8.0,,7,3,,,4.0,,3,3,,20.5%,18.2%,4.0,3.0,3.0,40.0%,,,,,,,,
2015,rushing,Shane Vereen,NYG,,8.0,,16,0,,,2.0,,0,0,,17.0%,8.3%,1.0,-2.0,0.0,7.1%,,,,,,,,
2015,rushing,Cameron Artis-Payne,CAR,,7.0,,18,1,,,1.0,,-2,0,,6.7%,2.0%,1.0,-2.0,0.0,3.8%,,,,,,,,
2015,rushing,Brandon Bolden,NE,,7.0,,6,0,,,4.0,,3,0,,10.8%,11.4%,3.0,1.0,0.0,15.0%,,,,,,,,
2015,rushing,Blake Bortles,JAX,,7.0,,22,2,,,4.0,,3,2,,13.7%,13.3%,4.0,3.0,2.0,22.2%,,,,,,,,
2015,rushing,Bryce Brown,SEA,,7.0,,15,1,,,3.0,,4,1,,10.4%,8.6%,1.0,1.0,1.0,5.9%,,,,,,,,
2015,rushing,Kirk Cousins,WAS,,7.0,,25,5,,,6.0,,12,4,,11.5%,19.4%,3.0,4.0,3.0,25.0%,,,,,,,,
2015,rushing,Mike Davis,SF,,7.0,,7,0,,,5.0,,6,0,,15.2%,22.7%,3.0,2.0,0.0,27.3%,,,,,,,,
2015,rushing,Shaun Draughn,2TM,,7.0,,11,1,,,3.0,,1,1,,,,1.0,1.0,1.0,,,,,,,,,
2015,rushing,Toby Gerhart,JAX,,7.0,,5,0,,,5.0,,1,0,,13.7%,16.7%,5.0,1.0,0.0,27.8%,,,,,,,,
2015,rushing,Jonathan Grimes,HOU,,7.0,,15,1,,,3.0,,6,1,,12.5%,11.5%,2.0,1.0,1.0,28.6%,,,,,,,,
2015,rushing,Bilal Powell,NYJ,,7.0,,24,1,,,0.0,,0,0,,11.5%,.0%,0.0,0.0,0.0,.0%,,,,,,,,
2015,rushing,Josh Robinson,IND,,7.0,,19,0,,,3.0,,4,0,,11.7%,12.5%,2.0,3.0,0.0,16.7%,,,,,,,,
2015,rushing,Aaron Rodgers,GB,,7.0,,46,1,,,4.0,,11,0,,16.3%,18.2%,2.0,1.0,0.0,18.2%,,,,,,,,
2015,rushing,Bishop Sankey,TEN,,7.0,,24,1,,,3.0,,4,1,,16.3%,11.1%,2.0,0.0,1.0,12.5%,,,,,,,,
2015,rushing,Terrance West,2TM,,7.0,,8,0,,,5.0,,4,0,,,,3.0,2.0,0.0,,,,,,,,,
2015,rushing,Matt Asiata,MIN,,6.0,,14,0,,,2.0,,2,0,,8.3%,5.1%,1.0,1.0,0.0,5.3%,,,,,,,,
2015,rushing,Tom Brady,NE,,6.0,,18,3,,,4.0,,5,3,,9.2%,11.4%,3.0,3.0,3.0,15.0%,,,,,,,,
2015,rushing,Donald Brown,SDG,,6.0,,3,1,,,2.0,,-1,1,,15.8%,12.5%,1.0,1.0,1.0,14.3%,,,,,,,,
2015,rushing,Andrew Luck,IND,,6.0,,28,0,,,1.0,,-1,0,,10.0%,4.2%,1.0,-1.0,0.0,8.3%,,,,,,,,
2015,rushing,Johnny Manziel,CLE,,6.0,,29,0,,,2.0,,6,0,,11.1%,8.3%,0.0,0.0,0.0,.0%,,,,,,,,
2015,rushing,Jamize Olawale,LVR,,6.0,,39,1,,,1.0,,3,0,,12.8%,3.7%,0.0,0.0,0.0,.0%,,,,,,,,
2015,rushing,Chris Polk,HOU,,6.0,,18,1,,,3.0,,4,1,,10.7%,11.5%,1.0,1.0,1.0,14.3%,,,,,,,,
2015,rushing,Alex Smith,KC,,6.0,,32,2,,,2.0,,9,1,,11.1%,5.6%,1.0,3.0,1.0,6.3%,,,,,,,,
2015,rushing,Matthew Stafford,DET,,6.0,,3,1,,,4.0,,1,1,,14.3%,20.0%,2.0,-2.0,0.0,15.4%,,,,,,,,
2015,rushing,Robert Turbin,2TM,,6.0,,13,1,,,4.0,,11,1,,,,0.0,0.0,0.0,,,,,,,,,
2015,rushing,Fozzy Whittaker,CAR,,6.0,,38,1,,,0.0,,0,0,,5.7%,.0%,0.0,0.0,0.0,.0%,,,,,,,,
2015,rushing,Orleans Darkwa,NYG,,5.0,,22,1,,,3.0,,2,0,,10.6%,12.5%,2.0,0.0,0.0,14.3%,,,,,,,,
2015,rushing,Anthony Dixon,BUF,,5.0,,7,1,,,4.0,,6,1,,7.8%,13.8%,1.0,1.0,1.0,10.0%,,,,,,,,
2015,rushing,Josh McCown,CLE,,5.0,,25,1,,,1.0,,10,1,,9.3%,4.2%,0.0,0.0,0.0,.0%,,,,,,,,
2015,rushing,Brock Osweiler,DEN,,5.0,,17,1,,,3.0,,9,1,,9.8%,11.1%,0.0,0.0,0.0,.0%,,,,,,,,
2015,rushing,Theo Riddick,DET,,5.0,,20,0,,,2.0,,7,0,,11.9%,10.0%,1.0,3.0,0.0,7.7%,,,,,,,,
2015,rushing,C.J. Spiller,NO,,5.0,,21,0,,,3.0,,5,0,,6.9%,7.3%,1.0,2.0,0.0,4.0%,,,,,,,,
2015,rushing,Stepfan Taylor,ARI,,5.0,,6,0,,,2.0,,2,0,,8.2%,5.9%,1.0,0.0,0.0,5.3%,,,,,,,,
2015,rushing,James White,NE,,5.0,,6,2,,,5.0,,6,2,,7.7%,14.3%,3.0,-1.0,1.0,15.0%,,,,,,,,
2015,rushing,Drew Brees,NO,,4.0,,-4,1,,,3.0,,-3,1,,5.6%,7.3%,1.0,1.0,1.0,4.0%,,,,,,,,
2015,rushing,Derek Carr,LVR,,4.0,,18,0,,,1.0,,1,0,,8.5%,3.7%,0.0,0.0,0.0,.0%,,,,,,,,
2015,rushing,David Cobb,TEN,,4.0,,5,1,,,2.0,,5,1,,9.3%,7.4%,1.0,1.0,1.0,6.3%,,,,,,,,
2015,rushing,Jay Cutler,CHI,,4.0,,9,1,,,1.0,,4,1,,6.8%,2.8%,1.0,4.0,1.0,5.3%,,,,,,,,
2015,rushing,Joe Flacco,BAL,,4.0,,5,3,,,3.0,,3,3,,8.3%,12.0%,3.0,3.0,3.0,20.0%,,,,,,,,
2015,rushing,Mike Gillislee,BUF,,4.0,,11,1,,,1.0,,-2,0,,6.3%,3.4%,0.0,0.0,0.0,.0%,,,,,,,,
2015,rushing,John Kuhn,GB,,4.0,,12,2,,,2.0,,6,2,,9.3%,9.1%,1.0,1.0,1.0,9.1%,,,,,,,,
2015,rushing,Eli Manning,NYG,,4.0,,-3,0,,,1.0,,0,0,,8.5%,4.2%,0.0,0.0,0.0,.0%,,,,,,,,
2015,rushing,EJ Manuel,BUF,,4.0,,10,1,,,2.0,,4,1,,6.3%,6.9%,1.0,2.0,1.0,10.0%,,,,,,,,
2015,rushing,Marcus Mariota,TEN,,4.0,,0,0,,,3.0,,-5,0,,9.3%,11.1%,2.0,-4.0,0.0,12.5%,,,,,,,,
2015,rushing,Tre Mason,STL,,4.0,,3,1,,,4.0,,3,1,,9.8%,16.0%,2.0,3.0,1.0,16.7%,,,,,,,,
2015,rushing,Ben Roethlisberger,PIT,,4.0,,13,0,,,4.0,,13,0,,5.8%,8.9%,2.0,-2.0,0.0,8.3%,,,,,,,,
2015,rushing,Matt Ryan,ATL,,4.0,,9,0,,,1.0,,0,0,,5.3%,2.5%,1.0,0.0,0.0,5.0%,,,,,,,,
2015,rushing,Tavon Austin,STL,,3.0,,23,3,,,2.0,,7,2,,7.3%,8.0%,1.0,2.0,1.0,8.3%,,,,,,,,
2015,rushing,Benny Cunningham,STL,,3.0,,5,0,,,1.0,,0,0,,7.3%,4.0%,0.0,0.0,0.0,.0%,,,,,,,,
2015,rushing,Nick Foles,STL,,3.0,,10,1,,,2.0,,0,1,,7.3%,8.0%,1.0,1.0,1.0,8.3%,,,,,,,,
2015,rushing,Jalston Fowler,TEN,,3.0,,6,1,,,3.0,,6,1,,7.0%,11.1%,2.0,4.0,1.0,12.5%,,,,,,,,
2015,rushing,Matt Hasselbeck,IND,,3.0,,3,0,,,1.0,,-2,0,,5.0%,4.2%,0.0,0.0,0.0,.0%,,,,,,,,
2015,rushing,Jarryd Hayne,SF,,3.0,,9,0,,,2.0,,1,0,,6.5%,9.1%,1.0,1.0,0.0,9.1%,,,,,,,,
2015,rushing,Akeem Hunt,HOU,,3.0,,15,0,,,1.0,,0,0,,5.4%,3.8%,0.0,0.0,0.0,.0%,,,,,,,,
2015,rushing,Joey Iosefa,NE,,3.0,,2,0,,,0.0,,0,0,,4.6%,.0%,0.0,0.0,0.0,.0%,,,,,,,,
2015,rushing,Fred Jackson,SEA,,3.0,,7,0,,,0.0,,0,0,,4.5%,.0%,0.0,0.0,0.0,.0%,,,,,,,,
2015,rushing,Will Johnson,PIT,,3.0,,1,1,,,3.0,,1,1,,4.3%,6.7%,3.0,1.0,1.0,12.5%,,,,,,,,
2015,rushing,Christine Michael,SEA,,3.0,,12,0,,,1.0,,0,0,,4.5%,2.9%,1.0,0.0,0.0,5.9%,,,,,,,,
2015,rushing,Matt Moore,MIA,,3.0,,-2,0,,,0.0,,0,0,,7.0%,.0%,0.0,0.0,0.0,.0%,,,,,,,,
2015,rushing,Carson Palmer,ARI,,3.0,,15,1,,,3.0,,15,1,,4.9%,8.8%,1.0,-1.0,0.0,5.3%,,,,,,,,
2015,rushing,Marcel Reece,LVR,,3.0,,3,0,,,2.0,,2,0,,6.4%,7.4%,2.0,2.0,0.0,20.0%,,,,,,,,
2015,rushing,Stevan Ridley,NYJ,,3.0,,4,0,,,1.0,,2,0,,4.9%,3.2%,1.0,2.0,0.0,5.0%,,,,,,,,
2015,rushing,Mohamed Sanu,CIN,,3.0,,12,1,,,3.0,,12,1,,3.6%,6.3%,0.0,0.0,0.0,.0%,,,,,,,,
2015,rushing,Zac Stacy,NYJ,,3.0,,6,1,,,2.0,,4,1,,4.9%,6.5%,2.0,4.0,1.0,10.0%,,,,,,,,
2015,rushing,Chris Thompson,WAS,,3.0,,1,0,,,2.0,,-2,0,,4.9%,6.5%,1.0,-1.0,0.0,8.3%,,,,,,,,
2015,rushing,T.J. Yates,HOU,,3.0,,-5,0,,,0.0,,0,0,,5.4%,.0%,0.0,0.0,0.0,.0%,,,,,,,,
2015,rushing,,2TM,,2.0,,0,0,,,0.0,,0,0,,,,0.0,0.0,0.0,,,,,,,,,
2015,rushing,Kenjon Barner,PHI,,2.0,,6,0,,,1.0,,5,0,,3.6%,3.1%,0.0,0.0,0.0,.0%,,,,,,,,
2015,rushing,Travaris Cadet,2TM,,2.0,,4,0,,,1.0,,1,0,,,,1.0,1.0,0.0,,,,,,,,,
2015,rushing,B.J. Daniels,HOU,,2.0,,3,0,,,0.0,,0,0,,3.6%,.0%,0.0,0.0,0.0,.0%,,,,,,,,
2015,rushing,Knile Davis,KC,,2.0,,10,1,,,1.0,,8,1,,3.7%,2.8%,0.0,0.0,0.0,.0%,,,,,,,,
2015,rushing,Andre Ellington,ARI,,2.0,,-1,1,,,2.0,,-1,1,,3.3%,5.9%,1.0,1.0,1.0,5.3%,,,,,,,,
2015,rushing,Blaine Gabbert,SF,,2.0,,9,0,,,2.0,,9,0,,4.3%,9.1%,0.0,0.0,0.0,.0%,,,,,,,,
2015,rushing,Kendall Gaskins,SF,,2.0,,1,0,,,2.0,,1,0,,4.3%,9.1%,1.0,0.0,0.0,9.1%,,,,,,,,
2015,rushing,Steven Jackson,NE,,2.0,,4,1,,,1.0,,2,1,,3.1%,2.9%,1.0,2.0,1.0,5.0%,,,,,,,,
2015,rushing,Tarvaris Jackson,SEA,,2.0,,-2,0,,,0.0,,0,0,,3.0%,.0%,0.0,0.0,0.0,.0%,,,,,,,,
2015,rushing,Colin Kaepernick,SF,,2.0,,14,1,,,1.0,,2,0,,4.3%,4.5%,1.0,2.0,0.0,9.1%,,,,,,,,
2015,rushing,Zach Line,MIN,,2.0,,2,2,,,2.0,,2,2,,2.8%,5.1%,2.0,2.0,2.0,10.5%,,,,,,,,
2015,rushing,Dexter McCluster,TEN,,2.0,,3,0,,,0.0,,0,0,,4.7%,.0%,0.0,0.0,0.0,.0%,,,,,,,,
2015,rushing,Colt McCoy,WAS,,2.0,,-2,0,,,0.0,,0,0,,3.3%,.0%,0.0,0.0,0.0,.0%,,,,,,,,
2015,rushing,Zach Mettenberger,TEN,,2.0,,10,1,,,1.0,,5,1,,4.7%,3.7%,0.0,0.0,0.0,.0%,,,,,,,,
2015,rushing,Lorenzo Taliaferro,BAL,,2.0,,8,1,,,2.0,,8,1,,4.2%,8.0%,1.0,1.0,0.0,6.7%,,,,,,,,
2015,rushing,Ryan Tannehill,MIA,,2.0,,6,1,,,2.0,,6,1,,4.7%,9.1%,1.0,1.0,1.0,11.1%,,,,,,,,
2015,rushing,Pierre Thomas,2TM,,2.0,,4,0,,,0.0,,0,0,,,,0.0,0.0,0.0,,,,,,,,,
2015,rushing,Brandon Weeden,HOU,,2.0,,11,1,,,2.0,,11,1,,3.6%,7.7%,0.0,0.0,0.0,.0%,,,,,,,,
2015,rushing,Dwayne Allen,IND,,1.0,,1,0,,,0.0,,0,0,,1.7%,.0%,0.0,0.0,0.0,.0%,,,,,,,,
2015,rushing,Tommy Bohanon,NYJ,,1.0,,2,0,,,0.0,,0,0,,1.6%,.0%,0.0,0.0,0.0,.0%,,,,,,,,
2015,rushing,Martavis Bryant,PIT,,1.0,,11,1,,,0.0,,0,0,,1.4%,.0%,0.0,0.0,0.0,.0%,,,,,,,,
2015,rushing,Michael Burton,DET,,1.0,,0,0,,,1.0,,0,0,,2.4%,5.0%,1.0,0.0,0.0,7.7%,,,,,,,,
2015,rushing,Andre Caldwell,DEN,,1.0,,3,0,,,0.0,,0,0,,2.0%,.0%,0.0,0.0,0.0,.0%,,,,,,,,
2015,rushing,Michael Campanaro,BAL,,1.0,,9,1,,,1.0,,9,1,,2.1%,4.0%,0.0,0.0,0.0,.0%,,,,,,,,
2015,rushing,Matt Cassel,DAL,,1.0,,4,0,,,1.0,,4,0,,2.6%,4.5%,0.0,0.0,0.0,.0%,,,,,,,,
2015,rushing,Derrick Coleman,SEA,,1.0,,-2,0,,,1.0,,-2,0,,1.5%,2.9%,1.0,-2.0,0.0,5.9%,,,,,,,,
2015,rushing,Patrick DiMarco,ATL,,1.0,,0,0,,,1.0,,0,0,,1.3%,2.5%,1.0,0.0,0.0,5.0%,,,,,,,,
2015,rushing,Chris Hogan,BUF,,1.0,,4,0,,,0.0,,0,0,,1.6%,.0%,0.0,0.0,0.0,.0%,,,,,,,,
2015,rushing,Michael Hoomanawanui,NO,,1.0,,0,0,,,1.0,,0,0,,1.4%,2.4%,1.0,0.0,0.0,4.0%,,,,,,,,
2015,rushing,Brian Hoyer,HOU,,1.0,,2,0,,,0.0,,0,0,,1.8%,.0%,0.0,0.0,0.0,.0%,,,,,,,,
2015,rushing,Austin Johnson,NO,,1.0,,1,1,,,1.0,,1,1,,1.4%,2.4%,1.0,1.0,1.0,4.0%,,,,,,,,
2015,rushing,Marvin Jones,CIN,,1.0,,-8,0,,,0.0,,0,0,,1.2%,.0%,0.0,0.0,0.0,.0%,,,,,,,,
2015,rushing,Jeremy Maclin,KC,,1.0,,-3,0,,,0.0,,0,0,,1.9%,.0%,0.0,0.0,0.0,.0%,,,,,,,,
2015,rushing,Ryan Mallett,HOU,,1.0,,6,1,,,1.0,,6,1,,1.8%,3.8%,0.0,0.0,0.0,.0%,,,,,,,,
2015,rushing,A.J. McCarron,CIN,,1.0,,-2,0,,,0.0,,0,0,,1.2%,.0%,0.0,0.0,0.0,.0%,,,,,,,,
2015,rushing,Bruce Miller,SF,,1.0,,1,1,,,1.0,,1,1,,2.2%,4.5%,1.0,1.0,1.0,9.1%,,,,,,,,
2015,rushing,Branden Oliver,SDG,,1.0,,4,0,,,0.0,,0,0,,2.6%,.0%,0.0,0.0,0.0,.0%,,,,,,,,
2015,rushing,Bernard Pierce,JAX,,1.0,,0,0,,,1.0,,0,0,,2.0%,3.3%,0.0,0.0,0.0,.0%,,,,,,,,
2015,rushing,Dontari Poe,KC,,1.0,,1,1,,,1.0,,1,1,,1.9%,2.8%,1.0,1.0,1.0,6.3%,,,,,,,,
2015,rushing,Jay Prosch,HOU,,1.0,,1,0,,,1.0,,1,0,,1.8%,3.8%,1.0,1.0,0.0,14.3%,,,,,,,,
2015,rushing,Bobby Rainey,TB,,1.0,,7,0,,,0.0,,0,0,,1.5%,.0%,0.0,0.0,0.0,.0%,,,,,,,,
2015,rushing,Philip Rivers,SDG,,1.0,,4,0,,,0.0,,0,0,,2.6%,.0%,0.0,0.0,0.0,.0%,,,,,,,,
2015,rushing,Tony Romo,DAL,,1.0,,3,0,,,0.0,,0,0,,2.6%,.0%,0.0,0.0,0.0,.0%,,,,,,,,
2015,rushing,Matt Schaub,BAL,,1.0,,0,0,,,1.0,,0,0,,2.1%,4.0%,1.0,0.0,0.0,6.7%,,,,,,,,
2015,rushing,Anthony Sherman,KC,,1.0,,0,0,,,1.0,,0,0,,1.9%,2.8%,0.0,0.0,0.0,.0%,,,,,,,,
2015,rushing,De'Anthony Thomas,KC,,1.0,,10,1,,,1.0,,10,1,,1.9%,2.8%,0.0,0.0,0.0,.0%,,,,,,,,
2015,rushing,Juwan Thompson,DEN,,1.0,,1,0,,,1.0,,1,0,,2.0%,3.7%,1.0,1.0,0.0,7.1%,,,,,,,,
2015,rushing,Fitzgerald Toussaint,PIT,,1.0,,0,0,,,1.0,,0,0,,1.4%,2.2%,0.0,0.0,0.0,.0%,,,,,,,,
2015,rushing,Will Tukuafu,SEA,,1.0,,1,1,,,1.0,,1,1,,1.5%,2.9%,1.0,1.0,1.0,5.9%,,,,,,,,
2015,rushing,Damien Williams,MIA,,1.0,,0,0,,,0.0,,0,0,,2.3%,.0%,0.0,0.0,0.0,.0%,,,,,,,,
2015,rushing,George Winn,DET,,1.0,,0,0,,,1.0,,0,0,,2.4%,5.0%,1.0,0.0,0.0,7.7%,,,,,,,,
2015,rushing,Charles Woodson,LVR,,1.0,,-3,0,,,1.0,,-3,0,,2.1%,3.7%,0.0,0.0,0.0,.0%,,,,,,,,
2015,rushing,Zach Zenner,DET,,1.0,,3,0,,,0.0,,0,0,,2.4%,.0%,0.0,0.0,0.0,.0%,,,,,,,,
2015,receiving,Eric Decker,NYJ,,,,75,10,,,,,44,8,,,,,,,,28.0,12.0,42.86%,36.8%,17.0,10.0,58.82%,44.7%
2015,receiving,Gary Barnidge,CLE,,,,69,8,,,,,20,5,,,,,,,,23.0,9.0,39.13%,26.7%,15.0,5.0,33.33%,37.5%
2015,receiving,Antonio Brown,PIT,,,,93,8,,,,,40,6,,,,,,,,23.0,16.0,69.57%,29.9%,12.0,10.0,83.33%,29.3%
2015,receiving,DeAndre Hopkins,HOU,,,,106,6,,,,,26,4,,,,,,,,22.0,12.0,54.55%,31.4%,7.0,4.0,57.14%,24.1%
2015,receiving,Jarvis Landry,MIA,,,,63,3,,,,,22,3,,,,,,,,22.0,11.0,50.00%,32.4%,16.0,6.0,37.50%,37.2%
2015,receiving,Allen Robinson,JAX,,,,109,12,,,,,62,10,,,,,,,,22.0,15.0,68.18%,24.7%,18.0,11.0,61.11%,35.3%
2015,receiving,Randall Cobb,GB,,,,47,5,,,,,35,5,,,,,,,,21.0,10.0,47.62%,23.6%,14.0,7.0,50.00%,28.0%
2015,receiving,Julio Jones,ATL,,,,83,5,,,,,29,4,,,,,,,,21.0,12.0,57.14%,29.2%,12.0,6.0,50.00%,33.3%
2015,receiving,Brandon Marshall,NYJ,,,,97,9,,,,,18,4,,,,,,,,21.0,11.0,52.38%,27.6%,12.0,6.0,50.00%,31.6%
2015,receiving,Jordan Reed,WAS,,,,133,10,,,,,43,7,,,,,,,,21.0,16.0,76.19%,26.6%,11.0,9.0,81.82%,26.8%
2015,receiving,Anquan Boldin,SF,,,,96,3,,,,,3,1,,,,,,,,19.0,10.0,52.63%,29.2%,6.0,1.0,16.67%,23.1%
2015,receiving,Rob Gronkowski,NE,,,,57,7,,,,,15,5,,,,,,,,19.0,11.0,57.89%,22.9%,11.0,6.0,54.55%,27.5%
2015,receiving,Demaryius Thomas,DEN,,,,87,3,,,,,15,2,,,,,,,,19.0,11.0,57.89%,27.5%,8.0,3.0,37.50%,27.6%
2015,receiving,Odell Beckham,NYG,,,,82,6,,,,,9,3,,,,,,,,18.0,11.0,61.11%,22.2%,7.0,3.0,42.86%,18.4%
2015,receiving,Larry Fitzgerald,ARI,,,,88,8,,,,,40,7,,,,,,,,18.0,13.0,72.22%,23.1%,12.0,7.0,58.33%,30.0%
2015,receiving,A.J. Green,CIN,,,,82,7,,,,,36,5,,,,,,,,18.0,9.0,50.00%,27.7%,11.0,5.0,45.45%,33.3%
2015,receiving,Greg Olsen,CAR,,,,83,4,,,,,23,2,,,,,,,,18.0,10.0,55.56%,26.1%,9.0,4.0,44.44%,30.0%
2015,receiving,Cole Beasley,DAL,,,,74,5,,,,,20,4,,,,,,,,17.0,10.0,58.82%,23.9%,8.0,6.0,75.00%,21.1%
2015,receiving,Golden Tate,DET,,,,39,6,,,,,33,6,,,,,,,,17.0,11.0,64.71%,24.3%,11.0,10.0,90.91%,29.7%
2015,receiving,John Brown,ARI,,,,97,6,,,,,20,3,,,,,,,,16.0,10.0,62.50%,20.5%,5.0,4.0,80.00%,12.5%
2015,receiving,Julian Edelman,NE,,,,78,5,,,,,29,3,,,,,,,,16.0,10.0,62.50%,19.3%,7.0,4.0,57.14%,17.5%
2015,receiving,Calvin Johnson,DET,,,,85,7,,,,,24,5,,,,,,,,16.0,11.0,68.75%,22.9%,9.0,6.0,66.67%,24.3%
2015,receiving,James Jones,GB,,,,30,3,,,,,9,2,,,,,,,,16.0,4.0,25.00%,18.0%,10.0,2.0,20.00%,20.0%
2015,receiving,Ben Watson,NO,,,,73,5,,,,,16,3,,,,,,,,16.0,10.0,62.50%,22.9%,5.0,4.0,80.00%,16.7%
2015,receiving,Doug Baldwin,SEA,,,,99,6,,,,,9,2,,,,,,,,15.0,9.0,60.00%,28.8%,5.0,2.0,40.00%,20.8%
2015,receiving,Tyler Eifert,CIN,,,,106,11,,,,,55,8,,,,,,,,15.0,12.0,80.00%,23.1%,9.0,8.0,88.89%,27.3%
2015,receiving,Pierre Garcon,WAS,,,,55,5,,,,,15,4,,,,,,,,15.0,8.0,53.33%,19.0%,11.0,4.0,36.36%,26.8%
2015,receiving,T.Y. Hilton,IND,,,,51,3,,,,,13,2,,,,,,,,15.0,7.0,46.67%,20.8%,6.0,3.0,50.00%,18.2%
2015,receiving,Alshon Jeffery,CHI,,,,56,2,,,,,10,1,,,,,,,,15.0,5.0,33.33%,20.8%,4.0,1.0,25.00%,10.5%
2015,receiving,Delanie Walker,TEN,,,,89,4,,,,,25,4,,,,,,,,15.0,12.0,80.00%,27.3%,9.0,7.0,77.78%,29.0%
2015,receiving,Markus Wheaton,PIT,,,,44,3,,,,,23,3,,,,,,,,15.0,7.0,46.67%,19.5%,5.0,4.0,80.00%,12.2%
2015,receiving,Danny Woodhead,SDG,,,,77,5,,,,,35,4,,,,,,,,15.0,10.0,66.67%,21.4%,8.0,5.0,62.50%,30.8%
2015,receiving,Travis Benjamin,CLE,,,,24,1,,,,,4,1,,,,,,,,14.0,4.0,28.57%,16.3%,5.0,1.0,20.00%,12.5%
2015,receiving,Jordan Cameron,MIA,,,,53,3,,,,,2,1,,,,,,,,14.0,6.0,42.86%,20.6%,4.0,1.0,25.00%,9.3%
2015,receiving,Mike Evans,TB,,,,10,2,,,,,10,2,,,,,,,,14.0,2.0,14.29%,19.4%,8.0,2.0,25.00%,19.0%
2015,receiving,Devonta Freeman,ATL,,,,69,3,,,,,12,1,,,,,,,,14.0,9.0,64.29%,19.4%,4.0,3.0,75.00%,11.1%
2015,receiving,Jordan Matthews,PHI,,,,55,5,,,,,41,5,,,,,,,,14.0,9.0,64.29%,26.9%,8.0,7.0,87.50%,34.8%
2015,receiving,Richard Rodgers,GB,,,,46,7,,,,,25,6,,,,,,,,14.0,10.0,71.43%,15.7%,10.0,6.0,60.00%,20.0%
2015,receiving,Dez Bryant,DAL,,,,48,3,,,,,10,1,,,,,,,,13.0,4.0,30.77%,18.3%,7.0,1.0,14.29%,18.4%
2015,receiving,Martavis Bryant,PIT,,,,51,3,,,,,8,1,,,,,,,,13.0,5.0,38.46%,16.9%,9.0,1.0,11.11%,22.0%
2015,receiving,Michael Crabtree,LVR,,,,18,2,,,,,10,2,,,,,,,,13.0,3.0,23.08%,23.2%,8.0,2.0,25.00%,36.4%
2015,receiving,Antonio Gates,SDG,,,,66,5,,,,,9,1,,,,,,,,13.0,6.0,46.15%,18.6%,5.0,1.0,20.00%,19.2%
2015,receiving,Allen Hurns,JAX,,,,56,5,,,,,23,3,,,,,,,,13.0,8.0,61.54%,14.6%,9.0,4.0,44.44%,17.6%
2015,receiving,Vincent Jackson,TB,,,,53,3,,,,,6,1,,,,,,,,13.0,5.0,38.46%,18.1%,8.0,1.0,12.50%,19.0%
2015,receiving,Jeremy Maclin,KC,,,,81,6,,,,,6,2,,,,,,,,13.0,10.0,76.92%,22.4%,4.0,2.0,50.00%,21.1%
2015,receiving,Heath Miller,PIT,,,,58,2,,,,,15,2,,,,,,,,13.0,8.0,61.54%,16.9%,9.0,4.0,44.44%,22.0%
2015,receiving,Theo Riddick,DET,,,,72,2,,,,,23,2,,,,,,,,13.0,10.0,76.92%,18.6%,5.0,4.0,80.00%,13.5%
2015,receiving,Nate Washington,HOU,,,,33,2,,,,,9,1,,,,,,,,13.0,5.0,38.46%,18.6%,5.0,2.0,40.00%,17.2%
2015,receiving,Jason Witten,DAL,,,,48,3,,,,,7,2,,,,,,,,13.0,8.0,61.54%,18.3%,7.0,3.0,42.86%,18.4%
2015,receiving,Brian Hartline,CLE,,,,39,2,,,,,23,2,,,,,,,,12.0,7.0,58.33%,14.0%,7.0,4.0,57.14%,17.5%
2015,receiving,Marvin Jones,CIN,,,,58,2,,,,,20,1,,,,,,,,12.0,7.0,58.33%,18.5%,4.0,3.0,75.00%,12.1%
2015,receiving,Donte Moncrief,IND,,,,58,5,,,,,15,3,,,,,,,,12.0,8.0,66.67%,16.7%,5.0,3.0,60.00%,15.2%
2015,receiving,Davante Adams,GB,,,,27,1,,,,,12,1,,,,,,,,11.0,5.0,45.45%,12.4%,5.0,3.0,60.00%,10.0%
2015,receiving,Danny Amendola,NE,,,,54,3,,,,,13,2,,,,,,,,11.0,8.0,72.73%,13.3%,5.0,3.0,60.00%,12.5%
2015,receiving,Jamison Crowder,WAS,,,,21,2,,,,,2,1,,,,,,,,11.0,5.0,45.45%,13.9%,8.0,3.0,37.50%,19.5%
2015,receiving,Coby Fleener,IND,,,,29,2,,,,,10,2,,,,,,,,11.0,6.0,54.55%,15.3%,4.0,2.0,50.00%,12.1%
2015,receiving,Devin Funchess,CAR,,,,62,5,,,,,5,1,,,,,,,,11.0,5.0,45.45%,15.9%,5.0,1.0,20.00%,16.7%
2015,receiving,Andre Johnson,IND,,,,45,4,,,,,9,2,,,,,,,,11.0,5.0,45.45%,15.3%,7.0,3.0,42.86%,21.2%
2015,receiving,Rueben Randle,NYG,,,,39,3,,,,,28,2,,,,,,,,11.0,5.0,45.45%,13.6%,9.0,4.0,44.44%,23.7%
2015,receiving,Shane Vereen,NYG,,,,47,4,,,,,16,4,,,,,,,,11.0,8.0,72.73%,13.6%,5.0,4.0,80.00%,13.2%
2015,receiving,Javorius Allen,BAL,,,,37,1,,,,,0,0,,,,,,,,10.0,6.0,60.00%,13.3%,2.0,0.0,0.00%,6.1%
2015,receiving,Jerricho Cotchery,CAR,,,,49,2,,,,,11,1,,,,,,,,10.0,6.0,60.00%,14.5%,4.0,3.0,75.00%,13.3%
2015,receiving,Owen Daniels,DEN,,,,20,3,,,,,2,2,,,,,,,,10.0,4.0,40.00%,14.5%,4.0,2.0,50.00%,13.8%
2015,receiving,Michael Floyd,ARI,,,,25,2,,,,,6,2,,,,,,,,10.0,4.0,40.00%,12.8%,4.0,2.0,50.00%,10.0%
2015,receiving,Matt Forte,CHI,,,,37,2,,,,,15,2,,,,,,,,10.0,6.0,60.00%,13.9%,7.0,3.0,42.86%,18.4%
2015,receiving,Stevie Johnson,SDG,,,,57,3,,,,,15,2,,,,,,,,10.0,7.0,70.00%,14.3%,2.0,2.0,100.00%,7.7%
2015,receiving,Travis Kelce,KC,,,,40,4,,,,,12,2,,,,,,,,10.0,5.0,50.00%,17.2%,5.0,2.0,40.00%,26.3%
2015,receiving,Eddie Royal,CHI,,,,27,1,,,,,28,1,,,,,,,,10.0,6.0,60.00%,13.9%,9.0,5.0,55.56%,23.7%
2015,receiving,Kyle Rudolph,MIN,,,,19,3,,,,,10,3,,,,,,,,10.0,4.0,40.00%,26.3%,8.0,3.0,37.50%,53.3%
2015,receiving,Charles Sims,TB,,,,55,2,,,,,10,1,,,,,,,,10.0,6.0,60.00%,13.9%,1.0,1.0,100.00%,2.4%
2015,receiving,Julius Thomas,JAX,,,,29,3,,,,,17,3,,,,,,,,10.0,5.0,50.00%,11.2%,7.0,3.0,42.86%,13.7%
2015,receiving,Will Tye,NYG,,,,35,3,,,,,29,3,,,,,,,,10.0,5.0,50.00%,12.3%,6.0,4.0,66.67%,15.8%
2015,receiving,Terrance Williams,DAL,,,,33,1,,,,,0,0,,,,,,,,10.0,3.0,30.00%,14.1%,6.0,0.0,0.00%,15.8%
2015,receiving,Tavon Austin,STL,,,,46,4,,,,,5,1,,,,,,,,9.0,4.0,44.44%,26.5%,4.0,1.0,25.00%,36.4%
2015,receiving,Scott Chandler,NE,,,,50,4,,,,,19,3,,,,,,,,9.0,6.0,66.67%,10.8%,6.0,4.0,66.67%,15.0%
2015,receiving,Zach Ertz,PHI,,,,10,1,,,,,7,1,,,,,,,,9.0,3.0,33.33%,17.3%,4.0,2.0,50.00%,17.4%
2015,receiving,Ted Ginn,CAR,,,,59,6,,,,,11,3,,,,,,,,9.0,7.0,77.78%,13.0%,3.0,3.0,100.00%,10.0%
2015,receiving,Dorial Green-Beckham,TEN,,,,30,3,,,,,8,2,,,,,,,,9.0,4.0,44.44%,16.4%,5.0,2.0,40.00%,16.1%
2015,receiving,Leonard Hankerson,ATL,,,,46,3,,,,,16,3,,,,,,,,9.0,6.0,66.67%,12.5%,4.0,3.0,75.00%,11.1%
2015,receiving,Kyle Juszczyk,BAL,,,,26,4,,,,,10,4,,,,,,,,9.0,7.0,77.78%,12.0%,7.0,5.0,71.43%,21.2%
2015,receiving,Jermaine Kearse,SEA,,,,68,3,,,,,9,1,,,,,,,,9.0,6.0,66.67%,17.3%,3.0,1.0,33.33%,12.5%
2015,receiving,Seth Roberts,LVR,,,,58,5,,,,,10,1,,,,,,,,9.0,5.0,55.56%,16.1%,3.0,1.0,33.33%,13.6%
2015,receiving,Austin Seferian-Jenkins,TB,,,,21,2,,,,,21,2,,,,,,,,9.0,3.0,33.33%,12.5%,7.0,3.0,42.86%,16.7%
2015,receiving,Steve Smith,BAL,,,,23,1,,,,,7,0,,,,,,,,9.0,2.0,22.22%,12.0%,3.0,1.0,33.33%,9.1%
2015,receiving,James Starks,GB,,,,40,2,,,,,5,1,,,,,,,,9.0,6.0,66.67%,10.1%,1.0,1.0,100.00%,2.0%
2015,receiving,Bryan Walters,JAX,,,,23,0,,,,,6,0,,,,,,,,9.0,4.0,44.44%,10.1%,2.0,1.0,50.00%,3.9%
2015,receiving,Charcandrick West,KC,,,,4,0,,,,,0,0,,,,,,,,9.0,2.0,22.22%,15.5%,2.0,0.0,0.00%,10.5%
2015,receiving,Kamar Aiken,BAL,,,,46,4,,,,,12,2,,,,,,,,8.0,6.0,75.00%,10.7%,5.0,3.0,60.00%,15.2%
2015,receiving,Martellus Bennett,CHI,,,,21,2,,,,,6,2,,,,,,,,8.0,5.0,62.50%,11.1%,5.0,2.0,40.00%,13.2%
2015,receiving,Brandin Cooks,NO,,,,26,2,,,,,8,1,,,,,,,,8.0,4.0,50.00%,11.4%,3.0,2.0,66.67%,10.0%
2015,receiving,Jared Cook,STL,,,,25,0,,,,,7,0,,,,,,,,8.0,3.0,37.50%,23.5%,2.0,1.0,50.00%,18.2%
2015,receiving,Larry Donnell,NYG,,,,28,2,,,,,11,1,,,,,,,,8.0,4.0,50.00%,9.9%,4.0,2.0,50.00%,10.5%
2015,receiving,Eric Ebron,DET,,,,59,5,,,,,11,3,,,,,,,,8.0,6.0,75.00%,11.4%,4.0,3.0,75.00%,10.8%
2015,receiving,Crockett Gillmore,BAL,,,,49,3,,,,,22,3,,,,,,,,8.0,5.0,62.50%,10.7%,4.0,3.0,75.00%,12.1%
2015,receiving,Jimmy Graham,SEA,,,,8,1,,,,,8,1,,,,,,,,8.0,3.0,37.50%,15.4%,4.0,2.0,50.00%,16.7%
2015,receiving,Ladarius Green,SDG,,,,62,3,,,,,0,0,,,,,,,,8.0,5.0,62.50%,11.4%,1.0,0.0,0.00%,3.8%
2015,receiving,Jermaine Gresham,ARI,,,,21,1,,,,,7,0,,,,,,,,8.0,2.0,25.00%,10.3%,5.0,1.0,20.00%,12.5%
2015,receiving,Dwayne Harris,NYG,,,,27,2,,,,,10,2,,,,,,,,8.0,5.0,62.50%,9.9%,3.0,2.0,66.67%,7.9%
2015,receiving,Andrew Hawkins,CLE,,,,18,0,,,,,0,0,,,,,,,,8.0,3.0,37.50%,9.3%,2.0,0.0,0.00%,5.0%
2015,receiving,Josh Hill,NO,,,,26,2,,,,,19,2,,,,,,,,8.0,4.0,50.00%,11.4%,5.0,3.0,60.00%,16.7%
2015,receiving,David Johnson,ARI,,,,34,2,,,,,10,1,,,,,,,,8.0,3.0,37.50%,10.3%,4.0,1.0,25.00%,10.0%
2015,receiving,Duke Johnson,CLE,,,,23,1,,,,,-5,0,,,,,,,,8.0,6.0,75.00%,9.3%,3.0,1.0,33.33%,7.5%
2015,receiving,DeVante Parker,MIA,,,,15,1,,,,,0,0,,,,,,,,8.0,1.0,12.50%,11.8%,6.0,0.0,0.00%,14.0%
2015,receiving,Emmanuel Sanders,DEN,,,,48,3,,,,,8,1,,,,,,,,8.0,4.0,50.00%,11.6%,3.0,1.0,33.33%,10.3%
2015,receiving,Willie Snead,NO,,,,30,2,,,,,9,1,,,,,,,,8.0,5.0,62.50%,11.4%,4.0,2.0,50.00%,13.3%
2015,receiving,Chris Thompson,WAS,,,,66,2,,,,,9,1,,,,,,,,8.0,8.0,100.00%,10.1%,2.0,2.0,100.00%,4.9%
2015,receiving,Roddy White,ATL,,,,18,1,,,,,11,1,,,,,,,,8.0,3.0,37.50%,11.1%,6.0,2.0,33.33%,16.7%
2015,receiving,Marques Colston,NO,,,,25,3,,,,,4,2,,,,,,,,7.0,5.0,71.43%,10.0%,4.0,2.0,50.00%,13.3%
2015,receiving,Amari Cooper,LVR,,,,38,2,,,,,0,0,,,,,,,,7.0,3.0,42.86%,12.5%,0.0,0.0,,.0%
2015,receiving,Vernon Davis,2TM,,,,18,0,,,,,2,0,,,,,,,,7.0,4.0,57.14%,,4.0,2.0,50.00%,
2015,receiving,Brandon LaFell,NE,,,,29,0,,,,,0,0,,,,,,,,7.0,3.0,42.86%,8.4%,2.0,0.0,0.00%,5.0%
2015,receiving,Jeremy Langford,CHI,,,,17,0,,,,,8,0,,,,,,,,7.0,3.0,42.86%,9.7%,4.0,2.0,50.00%,10.5%
2015,receiving,Vance McDonald,SF,,,,35,3,,,,,9,2,,,,,,,,7.0,4.0,57.14%,10.8%,3.0,2.0,66.67%,11.5%
2015,receiving,Bilal Powell,NYJ,,,,47,1,,,,,0,0,,,,,,,,7.0,4.0,57.14%,9.2%,0.0,0.0,,.0%
2015,receiving,Denard Robinson,JAX,,,,34,0,,,,,12,0,,,,,,,,7.0,4.0,57.14%,7.9%,3.0,2.0,66.67%,5.9%
2015,receiving,Mohamed Sanu,CIN,,,,31,0,,,,,0,0,,,,,,,,7.0,4.0,57.14%,10.8%,2.0,0.0,0.00%,6.1%
2015,receiving,Cecil Shorts,HOU,,,,34,2,,,,,11,2,,,,,,,,7.0,5.0,71.43%,10.0%,2.0,2.0,100.00%,6.9%
2015,receiving,De'Anthony Thomas,KC,,,,33,1,,,,,-3,0,,,,,,,,7.0,6.0,85.71%,12.1%,2.0,2.0,100.00%,10.5%
2015,receiving,Mike Tolbert,CAR,,,,32,3,,,,,7,2,,,,,,,,7.0,6.0,85.71%,10.1%,3.0,3.0,100.00%,10.0%
2015,receiving,Clive Walford,LVR,,,,11,2,,,,,11,2,,,,,,,,7.0,2.0,28.57%,12.5%,2.0,2.0,100.00%,9.1%
2015,receiving,Mike Wallace,MIN,,,,21,2,,,,,11,2,,,,,,,,7.0,3.0,42.86%,18.4%,4.0,2.0,50.00%,26.7%
2015,receiving,Robert Woods,BUF,,,,29,2,,,,,5,1,,,,,,,,7.0,4.0,57.14%,17.9%,3.0,2.0,66.67%,15.8%
2015,receiving,Nelson Agholor,PHI,,,,23,0,,,,,0,0,,,,,,,,6.0,2.0,33.33%,11.5%,1.0,0.0,0.00%,4.3%
2015,receiving,Keenan Allen,SDG,,,,52,2,,,,,9,0,,,,,,,,6.0,5.0,83.33%,8.6%,1.0,1.0,100.00%,3.8%
2015,receiving,Jaron Brown,ARI,,,,10,1,,,,,10,1,,,,,,,,6.0,3.0,50.00%,7.7%,5.0,3.0,60.00%,12.5%
2015,receiving,Corey Brown,CAR,,,,27,1,,,,,11,1,,,,,,,,6.0,3.0,50.00%,8.7%,3.0,2.0,66.67%,10.0%
2015,receiving,Andre Caldwell,DEN,,,,21,2,,,,,15,2,,,,,,,,6.0,4.0,66.67%,8.7%,3.0,3.0,100.00%,10.3%
2015,receiving,Ed Dickson,CAR,,,,7,2,,,,,5,2,,,,,,,,6.0,4.0,66.67%,8.7%,3.0,2.0,66.67%,10.0%
2015,receiving,Stefon Diggs,MIN,,,,23,1,,,,,0,0,,,,,,,,6.0,3.0,50.00%,15.8%,1.0,0.0,0.00%,6.7%
2015,receiving,Harry Douglas,TEN,,,,32,2,,,,,8,1,,,,,,,,6.0,4.0,66.67%,10.9%,3.0,2.0,66.67%,9.7%
2015,receiving,Gavin Escobar,DAL,,,,15,1,,,,,2,1,,,,,,,,6.0,2.0,33.33%,8.5%,3.0,1.0,33.33%,7.9%
2015,receiving,Anthony Fasano,TEN,,,,34,2,,,,,5,1,,,,,,,,6.0,3.0,50.00%,10.9%,4.0,1.0,25.00%,12.9%
2015,receiving,Ryan Grant,WAS,,,,16,2,,,,,8,2,,,,,,,,6.0,3.0,50.00%,7.6%,3.0,2.0,66.67%,7.3%
2015,receiving,Rashad Greene,JAX,,,,9,2,,,,,3,2,,,,,,,,6.0,4.0,66.67%,6.7%,5.0,3.0,60.00%,9.8%
2015,receiving,Jonathan Grimes,HOU,,,,34,1,,,,,7,0,,,,,,,,6.0,5.0,83.33%,8.6%,3.0,2.0,66.67%,10.3%
2015,receiving,Justin Hardy,ATL,,,,26,0,,,,,9,0,,,,,,,,6.0,4.0,66.67%,8.3%,3.0,2.0,66.67%,8.3%
2015,receiving,Michael Hoomanawanui,NO,,,,31,3,,,,,1,1,,,,,,,,6.0,4.0,66.67%,8.6%,2.0,1.0,50.00%,6.7%
2015,receiving,Dontrelle Inman,SDG,,,,22,3,,,,,10,3,,,,,,,,6.0,4.0,66.67%,8.6%,4.0,3.0,75.00%,15.4%
2015,receiving,Fred Jackson,SEA,,,,27,2,,,,,10,2,,,,,,,,6.0,5.0,83.33%,11.5%,2.0,2.0,100.00%,8.3%
2015,receiving,Marcedes Lewis,JAX,,,,0,0,,,,,0,0,,,,,,,,6.0,0.0,0.00%,6.7%,3.0,0.0,0.00%,5.9%
2015,receiving,Zach Miller,CHI,,,,23,3,,,,,14,3,,,,,,,,6.0,4.0,66.67%,8.3%,3.0,3.0,100.00%,7.9%
2015,receiving,Jordan Norwood,DEN,,,,21,0,,,,,14,0,,,,,,,,6.0,5.0,83.33%,8.7%,3.0,3.0,100.00%,10.3%
2015,receiving,Mychal Rivera,LVR,,,,20,1,,,,,0,0,,,,,,,,6.0,2.0,33.33%,10.7%,1.0,0.0,0.00%,4.5%
2015,receiving,Jeremy Ross,BAL,,,,38,0,,,,,8,0,,,,,,,,6.0,3.0,50.00%,8.0%,4.0,1.0,25.00%,12.1%
2015,receiving,Torrey Smith,SF,,,,16,1,,,,,0,0,,,,,,,,6.0,1.0,16.67%,9.2%,1.0,0.0,0.00%,3.8%
2015,receiving,Sammy Watkins,BUF,,,,10,1,,,,,6,1,,,,,,,,6.0,3.0,50.00%,15.4%,4.0,2.0,50.00%,21.1%
2015,receiving,James White,NE,,,,29,2,,,,,17,2,,,,,,,,6.0,5.0,83.33%,7.2%,4.0,4.0,100.00%,10.0%
2015,receiving,Myles White,NYG,,,,3,0,,,,,0,0,,,,,,,,6.0,1.0,16.67%,7.4%,1.0,0.0,0.00%,2.6%
2015,receiving,Albert Wilson,KC,,,,7,0,,,,,0,0,,,,,,,,6.0,2.0,33.33%,10.3%,0.0,0.0,,.0%
2015,receiving,Ameer Abdullah,DET,,,,34,1,,,,,2,0,,,,,,,,5.0,4.0,80.00%,7.1%,1.0,1.0,100.00%,2.7%
2015,receiving,Cameron Brate,TB,,,,26,1,,,,,8,1,,,,,,,,5.0,3.0,60.00%,6.9%,3.0,1.0,33.33%,7.1%
2015,receiving,Brent Celek,PHI,,,,36,3,,,,,12,2,,,,,,,,5.0,5.0,100.00%,9.6%,2.0,2.0,100.00%,8.7%
2015,receiving,Garrett Celek,SF,,,,20,3,,,,,6,2,,,,,,,,5.0,4.0,80.00%,7.7%,3.0,2.0,66.67%,11.5%
2015,receiving,Shaun Draughn,2TM,,,,2,0,,,,,2,0,,,,,,,,5.0,3.0,60.00%,,3.0,2.0,66.67%,
2015,receiving,Donteea Dye,TB,,,,11,1,,,,,11,1,,,,,,,,5.0,2.0,40.00%,6.9%,4.0,2.0,50.00%,9.5%
2015,receiving,Justin Forsett,BAL,,,,16,0,,,,,7,0,,,,,,,,5.0,4.0,80.00%,6.7%,2.0,2.0,100.00%,6.1%
2015,receiving,Taylor Gabriel,CLE,,,,17,0,,,,,0,0,,,,,,,,5.0,2.0,40.00%,5.8%,2.0,0.0,0.00%,5.0%
2015,receiving,Ronnie Hillman,DEN,,,,0,0,,,,,0,0,,,,,,,,5.0,2.0,40.00%,7.2%,1.0,0.0,0.00%,3.4%
2015,receiving,Chris Hogan,BUF,,,,20,1,,,,,2,1,,,,,,,,5.0,4.0,80.00%,12.8%,2.0,1.0,50.00%,10.5%
2015,receiving,Josh Huff,PHI,,,,11,1,,,,,2,1,,,,,,,,5.0,2.0,40.00%,9.6%,3.0,1.0,33.33%,13.0%
2015,receiving,Mark Ingram,NO,,,,21,0,,,,,0,0,,,,,,,,5.0,4.0,80.00%,7.1%,1.0,0.0,0.00%,3.3%
2015,receiving,Chris Ivory,NYJ,,,,46,1,,,,,18,1,,,,,,,,5.0,5.0,100.00%,6.6%,2.0,2.0,100.00%,5.3%
2015,receiving,Marqise Lee,JAX,,,,24,1,,,,,2,1,,,,,,,,5.0,3.0,60.00%,5.6%,2.0,1.0,50.00%,3.9%
2015,receiving,Dion Lewis,NE,,,,34,2,,,,,10,1,,,,,,,,5.0,3.0,60.00%,6.0%,2.0,1.0,50.00%,5.0%
2015,receiving,Doug Martin,TB,,,,22,1,,,,,12,1,,,,,,,,5.0,3.0,60.00%,6.9%,3.0,2.0,66.67%,7.1%
2015,receiving,Lance Moore,DET,,,,23,2,,,,,4,1,,,,,,,,5.0,4.0,80.00%,7.1%,2.0,1.0,50.00%,5.4%
2015,receiving,Darren Sproles,PHI,,,,12,0,,,,,0,0,,,,,,,,5.0,2.0,40.00%,9.6%,1.0,0.0,0.00%,4.3%
2015,receiving,Kenny Stills,MIA,,,,10,1,,,,,10,1,,,,,,,,5.0,1.0,20.00%,7.4%,2.0,1.0,50.00%,4.7%
2015,receiving,Jacob Tamme,ATL,,,,17,1,,,,,7,1,,,,,,,,5.0,2.0,40.00%,6.9%,2.0,1.0,50.00%,5.6%
2015,receiving,Griff Whalen,IND,,,,36,1,,,,,0,0,,,,,,,,5.0,4.0,80.00%,6.9%,0.0,0.0,,.0%
2015,receiving,DeAngelo Williams,PIT,,,,8,0,,,,,6,0,,,,,,,,5.0,2.0,40.00%,6.5%,3.0,1.0,33.33%,7.3%
2015,receiving,Marquess Wilson,CHI,,,,9,0,,,,,0,0,,,,,,,,5.0,1.0,20.00%,6.9%,1.0,0.0,0.00%,2.6%
2015,receiving,Kendall Wright,TEN,,,,31,2,,,,,12,1,,,,,,,,5.0,3.0,60.00%,9.1%,4.0,2.0,50.00%,12.9%
2015,receiving,Dwayne Allen,IND,,,,15,1,,,,,6,1,,,,,,,,4.0,2.0,50.00%,5.6%,2.0,1.0,50.00%,6.1%
2015,receiving,Blake Bell,SF,,,,5,0,,,,,0,0,,,,,,,,4.0,1.0,25.00%,6.2%,1.0,0.0,0.00%,3.8%
2015,receiving,Josh Bellamy,CHI,,,,5,0,,,,,0,0,,,,,,,,4.0,1.0,25.00%,5.6%,3.0,0.0,0.00%,7.9%
2015,receiving,Le'Veon Bell,PIT,,,,15,0,,,,,0,0,,,,,,,,4.0,3.0,75.00%,5.2%,1.0,0.0,0.00%,2.4%
2015,receiving,Brice Butler,DAL,,,,0,0,,,,,0,0,,,,,,,,4.0,0.0,0.00%,5.6%,3.0,0.0,0.00%,7.9%
2015,receiving,Derek Carrier,WAS,,,,24,1,,,,,12,1,,,,,,,,4.0,4.0,100.00%,5.1%,2.0,2.0,100.00%,4.9%
2015,receiving,Jamaal Charles,KC,,,,1,1,,,,,1,1,,,,,,,,4.0,4.0,100.00%,6.9%,4.0,4.0,100.00%,21.1%
2015,receiving,Brandon Coleman,NO,,,,18,1,,,,,0,0,,,,,,,,4.0,2.0,50.00%,5.7%,2.0,0.0,0.00%,6.7%
2015,receiving,Chris Conley,KC,,,,20,1,,,,,6,1,,,,,,,,4.0,3.0,75.00%,6.9%,2.0,1.0,50.00%,10.5%
2015,receiving,Benny Cunningham,STL,,,,10,0,,,,,0,0,,,,,,,,4.0,1.0,25.00%,11.8%,0.0,0.0,,.0%
2015,receiving,Aaron Dobson,NE,,,,12,0,,,,,0,0,,,,,,,,4.0,2.0,50.00%,4.8%,2.0,0.0,0.00%,5.0%
2015,receiving,Jack Doyle,IND,,,,9,1,,,,,3,1,,,,,,,,4.0,3.0,75.00%,5.6%,2.0,1.0,50.00%,6.1%
2015,receiving,Andre Ellington,ARI,,,,13,0,,,,,0,0,,,,,,,,4.0,1.0,25.00%,5.1%,2.0,0.0,0.00%,5.0%
2015,receiving,Malcom Floyd,SDG,,,,9,1,,,,,9,1,,,,,,,,4.0,1.0,25.00%,5.7%,2.0,1.0,50.00%,7.7%
2015,receiving,Arian Foster,HOU,,,,21,2,,,,,7,1,,,,,,,,4.0,2.0,50.00%,5.7%,1.0,1.0,100.00%,3.4%
2015,receiving,Frank Gore,IND,,,,14,1,,,,,14,1,,,,,,,,4.0,2.0,50.00%,5.6%,3.0,2.0,66.67%,9.1%
2015,receiving,Chris Gragg,BUF,,,,0,0,,,,,0,0,,,,,,,,4.0,0.0,0.00%,10.3%,1.0,0.0,0.00%,5.3%
2015,receiving,Garrett Graham,HOU,,,,7,1,,,,,7,1,,,,,,,,4.0,1.0,25.00%,5.7%,2.0,1.0,50.00%,6.9%
2015,receiving,Clay Harbor,JAX,,,,17,1,,,,,6,1,,,,,,,,4.0,2.0,50.00%,4.5%,1.0,1.0,100.00%,2.0%
2015,receiving,Jeremy Hill,CIN,,,,24,1,,,,,3,0,,,,,,,,4.0,3.0,75.00%,6.2%,1.0,1.0,100.00%,3.0%
2015,receiving,Andre Holmes,LVR,,,,8,2,,,,,8,2,,,,,,,,4.0,2.0,50.00%,7.1%,2.0,2.0,100.00%,9.1%
2015,receiving,Adam Humphries,TB,,,,6,1,,,,,6,1,,,,,,,,4.0,1.0,25.00%,5.6%,3.0,1.0,33.33%,7.1%
2015,receiving,DeSean Jackson,WAS,,,,2,0,,,,,2,0,,,,,,,,4.0,1.0,25.00%,5.1%,1.0,1.0,100.00%,2.4%
2015,receiving,Jeff Janis,GB,,,,0,0,,,,,0,0,,,,,,,,4.0,0.0,0.00%,4.5%,3.0,0.0,0.00%,6.0%
2015,receiving,John Kuhn,GB,,,,16,0,,,,,1,0,,,,,,,,4.0,3.0,75.00%,4.5%,1.0,1.0,100.00%,2.0%
2015,receiving,Marc Mariani,CHI,,,,18,0,,,,,0,0,,,,,,,,4.0,3.0,75.00%,5.6%,0.0,0.0,,.0%
2015,receiving,Darren McFadden,DAL,,,,3,0,,,,,0,0,,,,,,,,4.0,1.0,25.00%,5.6%,2.0,0.0,0.00%,5.3%
2015,receiving,Bruce Miller,SF,,,,9,0,,,,,7,0,,,,,,,,4.0,2.0,50.00%,6.2%,3.0,1.0,33.33%,11.5%
2015,receiving,Lamar Miller,MIA,,,,19,1,,,,,6,0,,,,,,,,4.0,2.0,50.00%,5.9%,3.0,1.0,33.33%,7.0%
2015,receiving,Ty Montgomery,GB,,,,20,1,,,,,18,1,,,,,,,,4.0,4.0,100.00%,4.5%,3.0,3.0,100.00%,6.0%
2015,receiving,Hakeem Nicks,NYG,,,,11,0,,,,,7,0,,,,,,,,4.0,2.0,50.00%,4.9%,1.0,1.0,100.00%,2.6%
2015,receiving,Quinton Patton,SF,,,,17,0,,,,,0,0,,,,,,,,4.0,2.0,50.00%,6.2%,1.0,0.0,0.00%,3.8%
2015,receiving,Marcel Reece,LVR,,,,29,3,,,,,18,2,,,,,,,,4.0,4.0,100.00%,7.1%,3.0,3.0,100.00%,13.6%
2015,receiving,Andre Roberts,WAS,,,,8,0,,,,,0,0,,,,,,,,4.0,1.0,25.00%,5.1%,1.0,0.0,0.00%,2.4%
2015,receiving,Bishop Sankey,TEN,,,,20,1,,,,,0,0,,,,,,,,4.0,2.0,50.00%,7.3%,0.0,0.0,,.0%
2015,receiving,Dion Sims,MIA,,,,10,1,,,,,10,1,,,,,,,,4.0,3.0,75.00%,5.9%,4.0,3.0,75.00%,9.3%
2015,receiving,Damien Williams,MIA,,,,21,1,,,,,17,1,,,,,,,,4.0,4.0,100.00%,5.9%,2.0,2.0,100.00%,4.7%
2015,receiving,Maxx Williams,BAL,,,,7,0,,,,,0,0,,,,,,,,4.0,2.0,50.00%,5.3%,3.0,1.0,33.33%,9.1%
2015,receiving,Tim Wright,DET,,,,17,2,,,,,17,2,,,,,,,,4.0,2.0,50.00%,5.7%,3.0,2.0,66.67%,8.1%
2015,receiving,T.J. Yeldon,JAX,,,,16,1,,,,,4,1,,,,,,,,4.0,3.0,75.00%,4.5%,1.0,1.0,100.00%,2.0%
2015,receiving,C.J. Anderson,DEN,,,,12,0,,,,,3,0,,,,,,,,3.0,3.0,100.00%,4.3%,1.0,1.0,100.00%,3.4%
2015,receiving,Miles Austin,PHI,,,,0,0,,,,,0,0,,,,,,,,3.0,0.0,0.00%,5.8%,1.0,0.0,0.00%,4.3%
2015,receiving,Giovani Bernard,CIN,,,,15,0,,,,,0,0,,,,,,,,3.0,2.0,66.67%,4.6%,1.0,0.0,0.00%,3.0%
2015,receiving,Ahmad Bradshaw,IND,,,,17,3,,,,,17,3,,,,,,,,3.0,3.0,100.00%,4.2%,3.0,3.0,100.00%,9.1%
2015,receiving,Kenny Britt,STL,,,,0,0,,,,,0,0,,,,,,,,3.0,0.0,0.00%,8.8%,1.0,0.0,0.00%,9.1%
2015,receiving,Daniel Brown,BAL,,,,0,0,,,,,0,0,,,,,,,,3.0,0.0,0.00%,4.0%,1.0,0.0,0.00%,3.0%
2015,receiving,Jeremy Butler,BAL,,,,2,0,,,,,0,0,,,,,,,,3.0,1.0,33.33%,4.0%,0.0,0.0,,.0%
2015,receiving,Charles Clay,BUF,,,,9,1,,,,,9,1,,,,,,,,3.0,1.0,33.33%,7.7%,2.0,1.0,50.00%,10.5%
2015,receiving,Kellen Davis,NYJ,,,,1,1,,,,,1,1,,,,,,,,3.0,1.0,33.33%,3.9%,3.0,1.0,33.33%,7.9%
2015,receiving,Mike Davis,SF,,,,4,0,,,,,1,0,,,,,,,,3.0,2.0,66.67%,4.6%,2.0,1.0,50.00%,7.7%
2015,receiving,Rhett Ellison,MIN,,,,22,1,,,,,0,0,,,,,,,,3.0,2.0,66.67%,7.9%,0.0,0.0,,.0%
2015,receiving,Darren Fells,ARI,,,,49,3,,,,,0,0,,,,,,,,3.0,3.0,100.00%,3.8%,0.0,0.0,,.0%
2015,receiving,C.J. Fiedorowicz,HOU,,,,6,1,,,,,6,1,,,,,,,,3.0,2.0,66.67%,4.3%,3.0,2.0,66.67%,10.3%
2015,receiving,Jake Fisher,CIN,,,,0,0,,,,,0,0,,,,,,,,3.0,0.0,0.00%,4.6%,3.0,0.0,0.00%,9.1%
2015,receiving,Bennie Fowler,DEN,,,,12,0,,,,,0,0,,,,,,,,3.0,1.0,33.33%,4.3%,0.0,0.0,,.0%
2015,receiving,Virgil Green,DEN,,,,1,1,,,,,1,1,,,,,,,,3.0,1.0,33.33%,4.3%,2.0,1.0,50.00%,6.9%
2015,receiving,Ryan Griffin,HOU,,,,18,2,,,,,18,2,,,,,,,,3.0,2.0,66.67%,4.3%,2.0,2.0,100.00%,6.9%
2015,receiving,Demetrius Harris,KC,,,,16,1,,,,,0,0,,,,,,,,3.0,2.0,66.67%,5.2%,0.0,0.0,,.0%
2015,receiving,Percy Harvin,BUF,,,,9,0,,,,,0,0,,,,,,,,3.0,2.0,66.67%,7.7%,0.0,0.0,,.0%
2015,receiving,Javontee Herndon,SDG,,,,9,0,,,,,0,0,,,,,,,,3.0,2.0,66.67%,4.3%,1.0,0.0,0.00%,3.8%
2015,receiving,Austin Johnson,NO,,,,5,0,,,,,3,0,,,,,,,,3.0,2.0,66.67%,4.3%,2.0,1.0,50.00%,6.7%
2015,receiving,Cody Latimer,DEN,,,,25,1,,,,,10,1,,,,,,,,3.0,2.0,66.67%,4.3%,2.0,1.0,50.00%,6.9%
2015,receiving,Marshawn Lynch,SEA,,,,4,0,,,,,0,0,,,,,,,,3.0,2.0,66.67%,5.8%,1.0,0.0,0.00%,4.2%
2015,receiving,Keshawn Martin,NE,,,,15,2,,,,,2,1,,,,,,,,3.0,2.0,66.67%,3.6%,1.0,1.0,100.00%,2.5%
2015,receiving,Chris Matthews,2TM,,,,8,1,,,,,8,1,,,,,,,,3.0,1.0,33.33%,,2.0,1.0,50.00%,
2015,receiving,LeSean McCoy,BUF,,,,20,2,,,,,20,2,,,,,,,,3.0,2.0,66.67%,7.7%,3.0,2.0,66.67%,15.8%
2015,receiving,Marlon Moore,CLE,,,,10,1,,,,,10,1,,,,,,,,3.0,1.0,33.33%,3.5%,2.0,1.0,50.00%,5.0%
2015,receiving,DeMarco Murray,PHI,,,,9,1,,,,,9,1,,,,,,,,3.0,2.0,66.67%,5.8%,3.0,2.0,66.67%,13.0%
2015,receiving,Preston Parker,NYG,,,,12,0,,,,,0,0,,,,,,,,3.0,2.0,66.67%,3.7%,0.0,0.0,,.0%
2015,receiving,Terrelle Pryor,CLE,,,,0,0,,,,,0,0,,,,,,,,3.0,0.0,0.00%,3.5%,0.0,0.0,,.0%
2015,receiving,Khiry Robinson,NO,,,,5,0,,,,,3,0,,,,,,,,3.0,3.0,100.00%,4.3%,1.0,1.0,100.00%,3.3%
2015,receiving,Devin Smith,NYJ,,,,23,1,,,,,0,0,,,,,,,,3.0,2.0,66.67%,3.9%,0.0,0.0,,.0%
2015,receiving,Craig Stevens,TEN,,,,11,1,,,,,10,1,,,,,,,,3.0,2.0,66.67%,5.5%,2.0,1.0,50.00%,6.5%
2015,receiving,Jaelen Strong,HOU,,,,21,2,,,,,10,1,,,,,,,,3.0,3.0,100.00%,4.3%,2.0,2.0,100.00%,6.9%
2015,receiving,Nick Williams,ATL,,,,12,2,,,,,6,2,,,,,,,,3.0,3.0,100.00%,4.2%,2.0,2.0,100.00%,5.6%
2015,receiving,Jared Abbrederis,GB,,,,5,0,,,,,0,0,,,,,,,,2.0,1.0,50.00%,2.2%,1.0,0.0,0.00%,2.0%
2015,receiving,LeGarrette Blount,NE,,,,12,1,,,,,0,0,,,,,,,,2.0,2.0,100.00%,2.4%,0.0,0.0,,.0%
2015,receiving,Dwayne Bowe,CLE,,,,4,0,,,,,0,0,,,,,,,,2.0,1.0,50.00%,2.3%,1.0,0.0,0.00%,2.5%
2015,receiving,Reggie Bush,SF,,,,0,0,,,,,0,0,,,,,,,,2.0,0.0,0.00%,3.1%,1.0,0.0,0.00%,3.8%
2015,receiving,Michael Campanaro,BAL,,,,7,0,,,,,0,0,,,,,,,,2.0,2.0,100.00%,2.7%,1.0,1.0,100.00%,3.0%
2015,receiving,Chase Coffman,2TM,,,,10,1,,,,,8,1,,,,,,,,2.0,2.0,100.00%,,1.0,1.0,100.00%,
2015,receiving,Tevin Coleman,ATL,,,,0,0,,,,,0,0,,,,,,,,2.0,0.0,0.00%,2.8%,1.0,0.0,0.00%,2.8%
2015,receiving,Patrick DiMarco,ATL,,,,16,2,,,,,1,1,,,,,,,,2.0,2.0,100.00%,2.8%,1.0,1.0,100.00%,2.8%
2015,receiving,Toby Gerhart,JAX,,,,8,0,,,,,0,0,,,,,,,,2.0,1.0,50.00%,2.2%,0.0,0.0,,.0%
2015,receiving,Chris Givens,BAL,,,,14,1,,,,,0,0,,,,,,,,2.0,1.0,50.00%,2.7%,0.0,0.0,,.0%
2015,receiving,Melvin Gordon,SDG,,,,9,0,,,,,0,0,,,,,,,,2.0,2.0,100.00%,2.9%,0.0,0.0,,.0%
2015,receiving,Todd Gurley,STL,,,,6,0,,,,,-2,0,,,,,,,,2.0,2.0,100.00%,5.9%,1.0,1.0,100.00%,9.1%
2015,receiving,Cooper Helfet,SEA,,,,0,0,,,,,0,0,,,,,,,,2.0,0.0,0.00%,3.8%,2.0,0.0,0.00%,8.3%
2015,receiving,Roy Helu,LVR,,,,16,1,,,,,4,1,,,,,,,,2.0,2.0,100.00%,3.6%,1.0,1.0,100.00%,4.5%
2015,receiving,Ryan Hewitt,CIN,,,,0,0,,,,,0,0,,,,,,,,2.0,0.0,0.00%,3.1%,1.0,0.0,0.00%,3.0%
2015,receiving,Darrius Heyward-Bey,PIT,,,,9,1,,,,,9,1,,,,,,,,2.0,1.0,50.00%,2.6%,1.0,1.0,100.00%,2.4%
2015,receiving,Darius Jennings,CLE,,,,8,0,,,,,0,0,,,,,,,,2.0,1.0,50.00%,2.3%,0.0,0.0,,.0%
2015,receiving,Greg Jennings,MIA,,,,5,1,,,,,5,1,,,,,,,,2.0,1.0,50.00%,2.9%,2.0,1.0,50.00%,4.7%
2015,receiving,Chris Johnson,ARI,,,,6,0,,,,,0,0,,,,,,,,2.0,1.0,50.00%,2.6%,1.0,0.0,0.00%,2.5%
2015,receiving,Matt Jones,WAS,,,,6,0,,,,,6,0,,,,,,,,2.0,1.0,50.00%,2.5%,1.0,1.0,100.00%,2.4%
2015,receiving,Lance Kendricks,STL,,,,0,0,,,,,0,0,,,,,,,,2.0,0.0,0.00%,5.9%,2.0,0.0,0.00%,18.2%
2015,receiving,Jeremy Kerley,NYJ,,,,12,2,,,,,12,2,,,,,,,,2.0,2.0,100.00%,2.6%,2.0,2.0,100.00%,5.3%
2015,receiving,Eddie Lacy,GB,,,,5,0,,,,,5,0,,,,,,,,2.0,1.0,50.00%,2.2%,1.0,1.0,100.00%,2.0%
2015,receiving,Zach Line,MIN,,,,11,1,,,,,4,1,,,,,,,,2.0,2.0,100.00%,5.3%,1.0,1.0,100.00%,6.7%
2015,receiving,Ricardo Lockette,SEA,,,,0,0,,,,,0,0,,,,,,,,2.0,0.0,0.00%,3.8%,1.0,0.0,0.00%,4.2%
2015,receiving,Tyler Lockett,SEA,,,,19,2,,,,,8,1,,,,,,,,2.0,2.0,100.00%,3.8%,1.0,1.0,100.00%,4.2%
2015,receiving,Dexter McCluster,TEN,,,,3,1,,,,,3,1,,,,,,,,2.0,1.0,50.00%,3.6%,1.0,1.0,100.00%,3.2%
2015,receiving,Jerick McKinnon,MIN,,,,26,1,,,,,0,0,,,,,,,,2.0,2.0,100.00%,5.3%,0.0,0.0,,.0%
2015,receiving,Cameron Meredith,CHI,,,,0,0,,,,,0,0,,,,,,,,2.0,0.0,0.00%,2.8%,1.0,0.0,0.00%,2.6%
2015,receiving,Alfred Morris,WAS,,,,12,0,,,,,0,0,,,,,,,,2.0,2.0,100.00%,2.5%,0.0,0.0,,.0%
2015,receiving,Troy Niklas,ARI,,,,12,2,,,,,1,1,,,,,,,,2.0,2.0,100.00%,2.6%,1.0,1.0,100.00%,2.5%
2015,receiving,Justin Perillo,GB,,,,11,1,,,,,0,0,,,,,,,,2.0,1.0,50.00%,2.2%,1.0,0.0,0.00%,2.0%
2015,receiving,Adrian Peterson,MIN,,,,9,0,,,,,0,0,,,,,,,,2.0,1.0,50.00%,5.3%,0.0,0.0,,.0%
2015,receiving,John Phillips,SDG,,,,8,1,,,,,1,1,,,,,,,,2.0,2.0,100.00%,2.9%,1.0,1.0,100.00%,3.8%
2015,receiving,Chris Polk,HOU,,,,11,1,,,,,0,0,,,,,,,,2.0,1.0,50.00%,2.9%,1.0,0.0,0.00%,3.4%
2015,receiving,MyCole Pruitt,MIN,,,,9,0,,,,,0,0,,,,,,,,2.0,2.0,100.00%,5.3%,0.0,0.0,,.0%
2015,receiving,Brian Quick,STL,,,,0,0,,,,,0,0,,,,,,,,2.0,0.0,0.00%,5.9%,0.0,0.0,,.0%
2015,receiving,Russell Shepard,TB,,,,4,1,,,,,4,1,,,,,,,,2.0,1.0,50.00%,2.8%,2.0,1.0,50.00%,4.8%
2015,receiving,Jonathan Stewart,CAR,,,,14,1,,,,,0,0,,,,,,,,2.0,2.0,100.00%,2.9%,0.0,0.0,,.0%
2015,receiving,Luke Stocker,TB,,,,7,1,,,,,3,1,,,,,,,,2.0,2.0,100.00%,2.8%,1.0,1.0,100.00%,2.4%
2015,receiving,Jake Stoneburner,MIA,,,,13,2,,,,,13,2,,,,,,,,2.0,2.0,100.00%,2.9%,2.0,2.0,100.00%,4.7%
2015,receiving,Lorenzo Taliaferro,BAL,,,,10,0,,,,,0,0,,,,,,,,2.0,2.0,100.00%,2.7%,0.0,0.0,,.0%
2015,receiving,Terron Ward,ATL,,,,8,0,,,,,8,0,,,,,,,,2.0,1.0,50.00%,2.8%,1.0,1.0,100.00%,2.8%
2015,receiving,Wes Welker,STL,,,,6,0,,,,,0,0,,,,,,,,2.0,1.0,50.00%,5.9%,0.0,0.0,,.0%
2015,receiving,Karlos Williams,BUF,,,,3,0,,,,,3,0,,,,,,,,2.0,2.0,100.00%,5.1%,2.0,2.0,100.00%,10.5%
2015,receiving,Luke Willson,SEA,,,,0,0,,,,,0,0,,,,,,,,2.0,0.0,0.00%,3.8%,2.0,0.0,0.00%,8.3%
2015,receiving,Jarius Wright,MIN,,,,0,0,,,,,0,0,,,,,,,,2.0,0.0,0.00%,5.3%,0.0,0.0,,.0%
2015,receiving,Jay Ajayi,MIA,,,,11,0,,,,,0,0,,,,,,,,1.0,1.0,100.00%,1.5%,0.0,0.0,,.0%
2015,receiving,Matt Asiata,MIN,,,,0,0,,,,,0,0,,,,,,,,1.0,1.0,100.00%,2.6%,1.0,1.0,100.00%,6.7%
2015,receiving,Stedman Bailey,STL,,,,18,1,,,,,0,0,,,,,,,,1.0,1.0,100.00%,2.9%,0.0,0.0,,.0%
2015,receiving,Alfred Blue,HOU,,,,4,0,,,,,0,0,,,,,,,,1.0,1.0,100.00%,1.4%,0.0,0.0,,.0%
2015,receiving,Tommy Bohanon,NYJ,,,,2,0,,,,,0,0,,,,,,,,1.0,1.0,100.00%,1.3%,0.0,0.0,,.0%
2015,receiving,Brandon Bolden,NE,,,,18,1,,,,,0,0,,,,,,,,1.0,1.0,100.00%,1.2%,0.0,0.0,,.0%
2015,receiving,Donald Brown,SDG,,,,0,0,,,,,0,0,,,,,,,,1.0,0.0,0.00%,1.4%,1.0,0.0,0.00%,3.8%
2015,receiving,Marlon Brown,BAL,,,,0,0,,,,,0,0,,,,,,,,1.0,0.0,0.00%,1.3%,0.0,0.0,,.0%
2015,receiving,Rex Burkhead,CIN,,,,5,1,,,,,5,1,,,,,,,,1.0,1.0,100.00%,1.5%,1.0,1.0,100.00%,3.0%
2015,receiving,Michael Burton,DET,,,,4,1,,,,,4,1,,,,,,,,1.0,1.0,100.00%,1.4%,1.0,1.0,100.00%,2.7%
2015,receiving,Travaris Cadet,NO,,,,9,0,,,,,0,0,,,,,,,,1.0,1.0,100.00%,1.4%,0.0,0.0,,.0%
2015,receiving,Ka'Deem Carey,CHI,,,,1,1,,,,,1,1,,,,,,,,1.0,1.0,100.00%,1.4%,1.0,1.0,100.00%,2.6%
2015,receiving,Riley Cooper,PHI,,,,0,0,,,,,0,0,,,,,,,,1.0,0.0,0.00%,1.9%,0.0,0.0,,.0%
2015,receiving,Isaiah Crowell,CLE,,,,0,0,,,,,0,0,,,,,,,,1.0,1.0,100.00%,1.2%,1.0,1.0,100.00%,2.5%
2015,receiving,Jeff Cumberland,NYJ,,,,0,0,,,,,0,0,,,,,,,,1.0,0.0,0.00%,1.3%,1.0,0.0,0.00%,2.6%
2015,receiving,Jerome Cunningham,NYG,,,,6,0,,,,,6,0,,,,,,,,1.0,1.0,100.00%,1.2%,1.0,1.0,100.00%,2.6%
2015,receiving,Anthony Dixon,BUF,,,,0,0,,,,,0,0,,,,,,,,1.0,0.0,0.00%,2.6%,0.0,0.0,,.0%
2015,receiving,Phillip Dorsett,IND,,,,0,0,,,,,0,0,,,,,,,,1.0,0.0,0.00%,1.4%,0.0,0.0,,.0%
2015,receiving,Lance Dunbar,DAL,,,,7,0,,,,,7,0,,,,,,,,1.0,1.0,100.00%,1.4%,1.0,1.0,100.00%,2.6%
2015,receiving,Marcus Easley,BUF,,,,0,0,,,,,0,0,,,,,,,,1.0,0.0,0.00%,2.6%,1.0,0.0,0.00%,5.3%
2015,receiving,Quincy Enunwa,NYJ,,,,7,0,,,,,0,0,,,,,,,,1.0,1.0,100.00%,1.3%,0.0,0.0,,.0%
2015,receiving,Jalston Fowler,TEN,,,,1,1,,,,,1,1,,,,,,,,1.0,1.0,100.00%,1.8%,1.0,1.0,100.00%,3.2%
2015,receiving,Kendall Gaskins,SF,,,,16,0,,,,,0,0,,,,,,,,1.0,1.0,100.00%,1.5%,0.0,0.0,,.0%
2015,receiving,Mike Gillislee,BUF,,,,14,0,,,,,0,0,,,,,,,,1.0,1.0,100.00%,2.6%,0.0,0.0,,.0%
2015,receiving,Corey Grant,JAX,,,,0,0,,,,,0,0,,,,,,,,1.0,0.0,0.00%,1.1%,0.0,0.0,,.0%
2015,receiving,James Hanna,DAL,,,,0,0,,,,,0,0,,,,,,,,1.0,0.0,0.00%,1.4%,0.0,0.0,,.0%
2015,receiving,DuJuan Harris,SF,,,,3,0,,,,,0,0,,,,,,,,1.0,1.0,100.00%,1.5%,0.0,0.0,,.0%
2015,receiving,Matt Hazel,MIA,,,,0,0,,,,,0,0,,,,,,,,1.0,0.0,0.00%,1.5%,1.0,0.0,0.00%,2.3%
2015,receiving,Dan Herron,BUF,,,,3,0,,,,,0,0,,,,,,,,1.0,1.0,100.00%,2.6%,0.0,0.0,,.0%
2015,receiving,Rob Housler,CLE,,,,0,0,,,,,0,0,,,,,,,,1.0,0.0,0.00%,1.2%,0.0,0.0,,.0%
2015,receiving,Justin Hunter,TEN,,,,8,1,,,,,8,1,,,,,,,,1.0,1.0,100.00%,1.8%,1.0,1.0,100.00%,3.2%
2015,receiving,Carlos Hyde,SF,,,,8,0,,,,,0,0,,,,,,,,1.0,1.0,100.00%,1.5%,0.0,0.0,,.0%
2015,receiving,Jesse James,PIT,,,,4,1,,,,,4,1,,,,,,,,1.0,1.0,100.00%,1.3%,1.0,1.0,100.00%,2.4%
2015,receiving,Rashad Jennings,NYG,,,,5,0,,,,,5,0,,,,,,,,1.0,1.0,100.00%,1.2%,1.0,1.0,100.00%,2.6%
2015,receiving,Charles Johnson,MIN,,,,0,0,,,,,0,0,,,,,,,,1.0,0.0,0.00%,2.6%,0.0,0.0,,.0%
2015,receiving,Malcolm Johnson,CLE,,,,0,0,,,,,0,0,,,,,,,,1.0,1.0,100.00%,1.2%,0.0,0.0,,.0%
2015,receiving,Taiwan Jones,LVR,,,,1,0,,,,,0,0,,,,,,,,1.0,1.0,100.00%,1.8%,0.0,0.0,,.0%
2015,receiving,Bradley Marquez,STL,,,,5,0,,,,,5,0,,,,,,,,1.0,1.0,100.00%,2.9%,1.0,1.0,100.00%,9.1%
2015,receiving,Ryan Mathews,PHI,,,,5,0,,,,,0,0,,,,,,,,1.0,1.0,100.00%,1.9%,0.0,0.0,,.0%
2015,receiving,Rishard Matthews,MIA,,,,3,1,,,,,3,1,,,,,,,,1.0,1.0,100.00%,1.5%,1.0,1.0,100.00%,2.3%
2015,receiving,Tre McBride,TEN,,,,1,1,,,,,1,1,,,,,,,,1.0,1.0,100.00%,1.8%,1.0,1.0,100.00%,3.2%
2015,receiving,Keith Mumphery,HOU,,,,0,0,,,,,0,0,,,,,,,,1.0,0.0,0.00%,1.4%,0.0,0.0,,.0%
2015,receiving,Louis Murphy,TB,,,,0,0,,,,,0,0,,,,,,,,1.0,0.0,0.00%,1.4%,1.0,0.0,0.00%,2.4%
2015,receiving,Brandon Myers,TB,,,,9,0,,,,,0,0,,,,,,,,1.0,1.0,100.00%,1.4%,0.0,0.0,,.0%
2015,receiving,Jamize Olawale,LVR,,,,0,0,,,,,0,0,,,,,,,,1.0,0.0,0.00%,1.8%,1.0,0.0,0.00%,4.5%
2015,receiving,Nick O'Leary,BUF,,,,0,0,,,,,0,0,,,,,,,,1.0,0.0,0.00%,2.6%,0.0,0.0,,.0%
2015,receiving,Chris Owusu,NYJ,,,,0,0,,,,,0,0,,,,,,,,1.0,0.0,0.00%,1.3%,1.0,0.0,0.00%,2.6%
2015,receiving,Brian Parker,KC,,,,0,0,,,,,0,0,,,,,,,,1.0,0.0,0.00%,1.7%,0.0,0.0,,.0%
2015,receiving,Brandon Pettigrew,DET,,,,2,1,,,,,2,1,,,,,,,,1.0,1.0,100.00%,1.4%,1.0,1.0,100.00%,2.7%
2015,receiving,Bobby Rainey,TB,,,,4,0,,,,,4,0,,,,,,,,1.0,1.0,100.00%,1.4%,1.0,1.0,100.00%,2.4%
2015,receiving,Joe Reitz,IND,,,,0,0,,,,,0,0,,,,,,,,1.0,0.0,0.00%,1.4%,0.0,0.0,,.0%
2015,receiving,Stevan Ridley,NYJ,,,,2,0,,,,,0,0,,,,,,,,1.0,1.0,100.00%,1.3%,0.0,0.0,,.0%
2015,receiving,Mitchell Schwartz,CLE,,,,0,0,,,,,0,0,,,,,,,,1.0,0.0,0.00%,1.2%,1.0,0.0,0.00%,2.5%
2015,receiving,Anthony Sherman,KC,,,,0,0,,,,,0,0,,,,,,,,1.0,0.0,0.00%,1.7%,0.0,0.0,,.0%
2015,receiving,Jerome Simpson,SF,,,,6,1,,,,,6,1,,,,,,,,1.0,1.0,100.00%,1.5%,1.0,1.0,100.00%,3.8%
2015,receiving,Alex Smith,WAS,,,,0,0,,,,,0,0,,,,,,,,1.0,0.0,0.00%,1.3%,0.0,0.0,,.0%
2015,receiving,Lee Smith,LVR,,,,5,1,,,,,5,1,,,,,,,,1.0,1.0,100.00%,1.8%,1.0,1.0,100.00%,4.5%
2015,receiving,Matt Spaeth,PIT,,,,6,0,,,,,0,0,,,,,,,,1.0,1.0,100.00%,1.3%,0.0,0.0,,.0%
2015,receiving,C.J. Spiller,NO,,,,9,1,,,,,9,1,,,,,,,,1.0,1.0,100.00%,1.4%,1.0,1.0,100.00%,3.3%
2015,receiving,Zac Stacy,NYJ,,,,12,0,,,,,0,0,,,,,,,,1.0,1.0,100.00%,1.3%,0.0,0.0,,.0%
2015,receiving,Devin Street,DAL,,,,0,0,,,,,0,0,,,,,,,,1.0,0.0,0.00%,1.4%,0.0,0.0,,.0%
2015,receiving,Rod Streater,LVR,,,,8,0,,,,,0,0,,,,,,,,1.0,1.0,100.00%,1.8%,0.0,0.0,,.0%
2015,receiving,Phillip Supernaw,TEN,,,,0,0,,,,,0,0,,,,,,,,1.0,0.0,0.00%,1.8%,0.0,0.0,,.0%
2015,receiving,Stepfan Taylor,ARI,,,,4,0,,,,,4,0,,,,,,,,1.0,1.0,100.00%,1.3%,1.0,1.0,100.00%,2.5%
2015,receiving,Tyrod Taylor,BUF,,,,4,0,,,,,4,0,,,,,,,,1.0,1.0,100.00%,2.6%,1.0,1.0,100.00%,5.3%
2015,receiving,Kenbrell Thompkins,NYJ,,,,0,0,,,,,0,0,,,,,,,,1.0,0.0,0.00%,1.3%,0.0,0.0,,.0%
2015,receiving,Zurlon Tipton,IND,,,,7,0,,,,,7,0,,,,,,,,1.0,1.0,100.00%,1.4%,1.0,1.0,100.00%,3.0%
2015,receiving,Will Tukuafu,SEA,,,,7,1,,,,,7,1,,,,,,,,1.0,1.0,100.00%,1.9%,1.0,1.0,100.00%,4.2%
2015,receiving,Darren Waller,BAL,,,,0,0,,,,,0,0,,,,,,,,1.0,0.0,0.00%,1.3%,0.0,0.0,,.0%
2015,receiving,J.J. Watt,HOU,,,,0,0,,,,,0,0,,,,,,,,1.0,0.0,0.00%,1.4%,1.0,0.0,0.00%,3.4%
2015,receiving,Lucky Whitehead,DAL,,,,0,0,,,,,0,0,,,,,,,,1.0,0.0,0.00%,1.4%,1.0,0.0,0.00%,2.6%
2015,receiving,Darrel Young,WAS,,,,2,0,,,,,2,0,,,,,,,,1.0,1.0,100.00%,1.3%,1.0,1.0,100.00%,2.4%
