rk,gtm,week,date,day,game_location,opp,result,pts,pts_opp,ot,pass_cmp,pass_att,pass_cmp_pct,pass_yds,pass_td,pass_ya,pass_aya,pass_rate,pass_sk,pass_sk_yds,rush_att,rush_yds,rush_td,rush_ya,plays,total_yds,ypp,fga,fgm,xpa,xpm,punt,punt_yds,first_downs_pass,first_downs_rush,first_downs_pen,first_downs_total,third_down_conv,third_down_att,fourth_down_conv,fourth_down_att,pen,pen_yds,fumbles_lost,turnovers_int,turnovers_total,time_of_poss,team_name
1,1,1,2025-09-07,Sun,@,NOR,W,20,13,,21,29,72.4,130,2,4.5,5.86,104.1,5,33,27,146,0,5.4,61,276,4.52,3,2,2,2,4,188,11,5,3,19,6,13,0,0,9,54,0,0,0,33:46,Arizona Cardinals
2,,2,2025-09-14,Sun,,CAR,,,,,,,,,,,,,,,,,,,,,,,,,,,,,,,,,,,,,,,,,,Arizona Cardinals
3,,3,2025-09-21,Sun,@,SFO,,,,,,,,,,,,,,,,,,,,,,,,,,,,,,,,,,,,,,,,,,Arizona Cardinals
4,,4,2025-09-25,Thu,,SEA,,,,,,,,,,,,,,,,,,,,,,,,,,,,,,,,,,,,,,,,,,Arizona Cardinals
5,,5,2025-10-05,Sun,,TEN,,,,,,,,,,,,,,,,,,,,,,,,,,,,,,,,,,,,,,,,,,Arizona Cardinals
6,,6,2025-10-12,Sun,@,IND,,,,,,,,,,,,,,,,,,,,,,,,,,,,,,,,,,,,,,,,,,Arizona Cardinals
7,,7,2025-10-19,Sun,,GNB,,,,,,,,,,,,,,,,,,,,,,,,,,,,,,,,,,,,,,,,,,Arizona Cardinals
8,,9,2025-11-03,Mon,@,DAL,,,,,,,,,,,,,,,,,,,,,,,,,,,,,,,,,,,,,,,,,,Arizona Cardinals
9,,10,2025-11-09,Sun,@,SEA,,,,,,,,,,,,,,,,,,,,,,,,,,,,,,,,,,,,,,,,,,Arizona Cardinals
10,,11,2025-11-16,Sun,,SFO,,,,,,,,,,,,,,,,,,,,,,,,,,,,,,,,,,,,,,,,,,Arizona Cardinals
11,,12,2025-11-23,Sun,,JAX,,,,,,,,,,,,,,,,,,,,,,,,,,,,,,,,,,,,,,,,,,Arizona Cardinals
12,,13,2025-11-30,Sun,@,TAM,,,,,,,,,,,,,,,,,,,,,,,,,,,,,,,,,,,,,,,,,,Arizona Cardinals
13,,14,2025-12-07,Sun,,LAR,,,,,,,,,,,,,,,,,,,,,,,,,,,,,,,,,,,,,,,,,,Arizona Cardinals
14,,15,2025-12-14,Sun,@,HOU,,,,,,,,,,,,,,,,,,,,,,,,,,,,,,,,,,,,,,,,,,Arizona Cardinals
15,,16,2025-12-21,Sun,,ATL,,,,,,,,,,,,,,,,,,,,,,,,,,,,,,,,,,,,,,,,,,Arizona Cardinals
16,,17,2025-12-28,Sun,@,CIN,,,,,,,,,,,,,,,,,,,,,,,,,,,,,,,,,,,,,,,,,,Arizona Cardinals
17,,18,2026-01-04,Sun,@,LAR,,,,,,,,,,,,,,,,,,,,,,,,,,,,,,,,,,,,,,,,,,Arizona Cardinals
1,1,1,2025-09-07,Sun,,TAM,L,20,23,,27,42,64.3,289,1,6.9,7.36,92.3,1,9,28,69,1,2.5,71,358,5.04,3,2,2,2,3,140,16,4,3,23,6,15,3,4,8,55,0,0,0,35:12,Atlanta Falcons
2,,2,2025-09-14,Sun,@,MIN,,,,,,,,,,,,,,,,,,,,,,,,,,,,,,,,,,,,,,,,,,Atlanta Falcons
3,,3,2025-09-21,Sun,@,CAR,,,,,,,,,,,,,,,,,,,,,,,,,,,,,,,,,,,,,,,,,,Atlanta Falcons
4,,4,2025-09-28,Sun,,WAS,,,,,,,,,,,,,,,,,,,,,,,,,,,,,,,,,,,,,,,,,,Atlanta Falcons
5,,6,2025-10-13,Mon,,BUF,,,,,,,,,,,,,,,,,,,,,,,,,,,,,,,,,,,,,,,,,,Atlanta Falcons
6,,7,2025-10-19,Sun,@,SFO,,,,,,,,,,,,,,,,,,,,,,,,,,,,,,,,,,,,,,,,,,Atlanta Falcons
7,,8,2025-10-26,Sun,,MIA,,,,,,,,,,,,,,,,,,,,,,,,,,,,,,,,,,,,,,,,,,Atlanta Falcons
8,,9,2025-11-02,Sun,@,NWE,,,,,,,,,,,,,,,,,,,,,,,,,,,,,,,,,,,,,,,,,,Atlanta Falcons
9,,10,2025-11-09,Sun,@,IND,,,,,,,,,,,,,,,,,,,,,,,,,,,,,,,,,,,,,,,,,,Atlanta Falcons
10,,11,2025-11-16,Sun,,CAR,,,,,,,,,,,,,,,,,,,,,,,,,,,,,,,,,,,,,,,,,,Atlanta Falcons
11,,12,2025-11-23,Sun,@,NOR,,,,,,,,,,,,,,,,,,,,,,,,,,,,,,,,,,,,,,,,,,Atlanta Falcons
12,,13,2025-11-30,Sun,@,NYJ,,,,,,,,,,,,,,,,,,,,,,,,,,,,,,,,,,,,,,,,,,Atlanta Falcons
13,,14,2025-12-07,Sun,,SEA,,,,,,,,,,,,,,,,,,,,,,,,,,,,,,,,,,,,,,,,,,Atlanta Falcons
14,,15,2025-12-11,Thu,@,TAM,,,,,,,,,,,,,,,,,,,,,,,,,,,,,,,,,,,,,,,,,,Atlanta Falcons
15,,16,2025-12-21,Sun,@,ARI,,,,,,,,,,,,,,,,,,,,,,,,,,,,,,,,,,,,,,,,,,Atlanta Falcons
16,,17,2025-12-29,Mon,,LAR,,,,,,,,,,,,,,,,,,,,,,,,,,,,,,,,,,,,,,,,,,Atlanta Falcons
17,,18,2026-01-04,Sun,,NOR,,,,,,,,,,,,,,,,,,,,,,,,,,,,,,,,,,,,,,,,,,Atlanta Falcons
1,1,1,2025-09-07,Sun,@,BUF,L,40,41,,14,19,73.7,194,2,10.2,12.32,141.1,2,15,29,238,3,8.2,50,432,8.64,2,2,5,4,3,152,8,10,1,19,6,11,0,0,7,51,1,0,1,25:11,Baltimore Ravens
2,,2,2025-09-14,Sun,,CLE,,,,,,,,,,,,,,,,,,,,,,,,,,,,,,,,,,,,,,,,,,Baltimore Ravens
3,,3,2025-09-22,Mon,,DET,,,,,,,,,,,,,,,,,,,,,,,,,,,,,,,,,,,,,,,,,,Baltimore Ravens
4,,4,2025-09-28,Sun,@,KAN,,,,,,,,,,,,,,,,,,,,,,,,,,,,,,,,,,,,,,,,,,Baltimore Ravens
5,,5,2025-10-05,Sun,,HOU,,,,,,,,,,,,,,,,,,,,,,,,,,,,,,,,,,,,,,,,,,Baltimore Ravens
6,,6,2025-10-12,Sun,,LAR,,,,,,,,,,,,,,,,,,,,,,,,,,,,,,,,,,,,,,,,,,Baltimore Ravens
7,,8,2025-10-26,Sun,,CHI,,,,,,,,,,,,,,,,,,,,,,,,,,,,,,,,,,,,,,,,,,Baltimore Ravens
8,,9,2025-10-30,Thu,@,MIA,,,,,,,,,,,,,,,,,,,,,,,,,,,,,,,,,,,,,,,,,,Baltimore Ravens
9,,10,2025-11-09,Sun,@,MIN,,,,,,,,,,,,,,,,,,,,,,,,,,,,,,,,,,,,,,,,,,Baltimore Ravens
10,,11,2025-11-16,Sun,@,CLE,,,,,,,,,,,,,,,,,,,,,,,,,,,,,,,,,,,,,,,,,,Baltimore Ravens
11,,12,2025-11-23,Sun,,NYJ,,,,,,,,,,,,,,,,,,,,,,,,,,,,,,,,,,,,,,,,,,Baltimore Ravens
12,,13,2025-11-27,Thu,,CIN,,,,,,,,,,,,,,,,,,,,,,,,,,,,,,,,,,,,,,,,,,Baltimore Ravens
13,,14,2025-12-07,Sun,,PIT,,,,,,,,,,,,,,,,,,,,,,,,,,,,,,,,,,,,,,,,,,Baltimore Ravens
14,,15,2025-12-14,Sun,@,CIN,,,,,,,,,,,,,,,,,,,,,,,,,,,,,,,,,,,,,,,,,,Baltimore Ravens
15,,16,2025-12-21,Sun,,NWE,,,,,,,,,,,,,,,,,,,,,,,,,,,,,,,,,,,,,,,,,,Baltimore Ravens
16,,17,2025-12-28,Sun,@,GNB,,,,,,,,,,,,,,,,,,,,,,,,,,,,,,,,,,,,,,,,,,Baltimore Ravens
17,,18,2026-01-04,Sun,@,PIT,,,,,,,,,,,,,,,,,,,,,,,,,,,,,,,,,,,,,,,,,,Baltimore Ravens
1,1,1,2025-09-07,Sun,,BAL,W,41,40,,33,46,71.7,389,2,8.5,9.33,111.6,1,5,31,108,3,3.5,78,497,6.37,3,3,2,2,4,158,18,9,2,29,7,15,1,1,5,38,0,0,0,34:49,Buffalo Bills
2,,2,2025-09-14,Sun,@,NYJ,,,,,,,,,,,,,,,,,,,,,,,,,,,,,,,,,,,,,,,,,,Buffalo Bills
3,,3,2025-09-18,Thu,,MIA,,,,,,,,,,,,,,,,,,,,,,,,,,,,,,,,,,,,,,,,,,Buffalo Bills
4,,4,2025-09-28,Sun,,NOR,,,,,,,,,,,,,,,,,,,,,,,,,,,,,,,,,,,,,,,,,,Buffalo Bills
5,,5,2025-10-05,Sun,,NWE,,,,,,,,,,,,,,,,,,,,,,,,,,,,,,,,,,,,,,,,,,Buffalo Bills
6,,6,2025-10-13,Mon,@,ATL,,,,,,,,,,,,,,,,,,,,,,,,,,,,,,,,,,,,,,,,,,Buffalo Bills
7,,8,2025-10-26,Sun,@,CAR,,,,,,,,,,,,,,,,,,,,,,,,,,,,,,,,,,,,,,,,,,Buffalo Bills
8,,9,2025-11-02,Sun,,KAN,,,,,,,,,,,,,,,,,,,,,,,,,,,,,,,,,,,,,,,,,,Buffalo Bills
9,,10,2025-11-09,Sun,@,MIA,,,,,,,,,,,,,,,,,,,,,,,,,,,,,,,,,,,,,,,,,,Buffalo Bills
10,,11,2025-11-16,Sun,,TAM,,,,,,,,,,,,,,,,,,,,,,,,,,,,,,,,,,,,,,,,,,Buffalo Bills
11,,12,2025-11-20,Thu,@,HOU,,,,,,,,,,,,,,,,,,,,,,,,,,,,,,,,,,,,,,,,,,Buffalo Bills
12,,13,2025-11-30,Sun,@,PIT,,,,,,,,,,,,,,,,,,,,,,,,,,,,,,,,,,,,,,,,,,Buffalo Bills
13,,14,2025-12-07,Sun,,CIN,,,,,,,,,,,,,,,,,,,,,,,,,,,,,,,,,,,,,,,,,,Buffalo Bills
14,,15,2025-12-14,Sun,@,NWE,,,,,,,,,,,,,,,,,,,,,,,,,,,,,,,,,,,,,,,,,,Buffalo Bills
15,,16,2025-12-21,Sun,@,CLE,,,,,,,,,,,,,,,,,,,,,,,,,,,,,,,,,,,,,,,,,,Buffalo Bills
16,,17,2025-12-28,Sun,,PHI,,,,,,,,,,,,,,,,,,,,,,,,,,,,,,,,,,,,,,,,,,Buffalo Bills
17,,18,2026-01-04,Sun,,NYJ,,,,,,,,,,,,,,,,,,,,,,,,,,,,,,,,,,,,,,,,,,Buffalo Bills
1,1,1,2025-09-07,Sun,@,JAX,L,10,26,,18,35,51.4,142,1,4.1,2.06,47.6,1,12,25,113,0,4.5,61,255,4.18,1,1,1,1,2,86,8,5,2,15,8,15,0,2,4,35,1,2,3,29:00,Carolina Panthers
2,,2,2025-09-14,Sun,@,ARI,,,,,,,,,,,,,,,,,,,,,,,,,,,,,,,,,,,,,,,,,,Carolina Panthers
3,,3,2025-09-21,Sun,,ATL,,,,,,,,,,,,,,,,,,,,,,,,,,,,,,,,,,,,,,,,,,Carolina Panthers
4,,4,2025-09-28,Sun,@,NWE,,,,,,,,,,,,,,,,,,,,,,,,,,,,,,,,,,,,,,,,,,Carolina Panthers
5,,5,2025-10-05,Sun,,MIA,,,,,,,,,,,,,,,,,,,,,,,,,,,,,,,,,,,,,,,,,,Carolina Panthers
6,,6,2025-10-12,Sun,,DAL,,,,,,,,,,,,,,,,,,,,,,,,,,,,,,,,,,,,,,,,,,Carolina Panthers
7,,7,2025-10-19,Sun,@,NYJ,,,,,,,,,,,,,,,,,,,,,,,,,,,,,,,,,,,,,,,,,,Carolina Panthers
8,,8,2025-10-26,Sun,,BUF,,,,,,,,,,,,,,,,,,,,,,,,,,,,,,,,,,,,,,,,,,Carolina Panthers
9,,9,2025-11-02,Sun,@,GNB,,,,,,,,,,,,,,,,,,,,,,,,,,,,,,,,,,,,,,,,,,Carolina Panthers
10,,10,2025-11-09,Sun,,NOR,,,,,,,,,,,,,,,,,,,,,,,,,,,,,,,,,,,,,,,,,,Carolina Panthers
11,,11,2025-11-16,Sun,@,ATL,,,,,,,,,,,,,,,,,,,,,,,,,,,,,,,,,,,,,,,,,,Carolina Panthers
12,,12,2025-11-24,Mon,@,SFO,,,,,,,,,,,,,,,,,,,,,,,,,,,,,,,,,,,,,,,,,,Carolina Panthers
13,,13,2025-11-30,Sun,,LAR,,,,,,,,,,,,,,,,,,,,,,,,,,,,,,,,,,,,,,,,,,Carolina Panthers
14,,15,2025-12-14,Sun,@,NOR,,,,,,,,,,,,,,,,,,,,,,,,,,,,,,,,,,,,,,,,,,Carolina Panthers
15,,16,2025-12-21,Sun,,TAM,,,,,,,,,,,,,,,,,,,,,,,,,,,,,,,,,,,,,,,,,,Carolina Panthers
16,,17,2025-12-28,Sun,,SEA,,,,,,,,,,,,,,,,,,,,,,,,,,,,,,,,,,,,,,,,,,Carolina Panthers
17,,18,2026-01-04,Sun,@,TAM,,,,,,,,,,,,,,,,,,,,,,,,,,,,,,,,,,,,,,,,,,Carolina Panthers
1,1,1,2025-09-08,Mon,,MIN,L,24,27,,21,35,60.0,198,1,5.7,6.23,85.2,2,12,26,119,1,4.6,63,317,5.03,2,1,3,3,6,266,10,7,3,20,3,12,0,1,12,127,1,0,1,32:53,Chicago Bears
2,,2,2025-09-14,Sun,@,DET,,,,,,,,,,,,,,,,,,,,,,,,,,,,,,,,,,,,,,,,,,Chicago Bears
3,,3,2025-09-21,Sun,,DAL,,,,,,,,,,,,,,,,,,,,,,,,,,,,,,,,,,,,,,,,,,Chicago Bears
4,,4,2025-09-28,Sun,@,LVR,,,,,,,,,,,,,,,,,,,,,,,,,,,,,,,,,,,,,,,,,,Chicago Bears
5,,6,2025-10-13,Mon,@,WAS,,,,,,,,,,,,,,,,,,,,,,,,,,,,,,,,,,,,,,,,,,Chicago Bears
6,,7,2025-10-19,Sun,,NOR,,,,,,,,,,,,,,,,,,,,,,,,,,,,,,,,,,,,,,,,,,Chicago Bears
7,,8,2025-10-26,Sun,@,BAL,,,,,,,,,,,,,,,,,,,,,,,,,,,,,,,,,,,,,,,,,,Chicago Bears
8,,9,2025-11-02,Sun,@,CIN,,,,,,,,,,,,,,,,,,,,,,,,,,,,,,,,,,,,,,,,,,Chicago Bears
9,,10,2025-11-09,Sun,,NYG,,,,,,,,,,,,,,,,,,,,,,,,,,,,,,,,,,,,,,,,,,Chicago Bears
10,,11,2025-11-16,Sun,@,MIN,,,,,,,,,,,,,,,,,,,,,,,,,,,,,,,,,,,,,,,,,,Chicago Bears
11,,12,2025-11-23,Sun,,PIT,,,,,,,,,,,,,,,,,,,,,,,,,,,,,,,,,,,,,,,,,,Chicago Bears
12,,13,2025-11-28,Fri,@,PHI,,,,,,,,,,,,,,,,,,,,,,,,,,,,,,,,,,,,,,,,,,Chicago Bears
13,,14,2025-12-07,Sun,@,GNB,,,,,,,,,,,,,,,,,,,,,,,,,,,,,,,,,,,,,,,,,,Chicago Bears
14,,15,2025-12-14,Sun,,CLE,,,,,,,,,,,,,,,,,,,,,,,,,,,,,,,,,,,,,,,,,,Chicago Bears
15,,16,2025-12-20,Sat,,GNB,,,,,,,,,,,,,,,,,,,,,,,,,,,,,,,,,,,,,,,,,,Chicago Bears
16,,17,2025-12-28,Sun,@,SFO,,,,,,,,,,,,,,,,,,,,,,,,,,,,,,,,,,,,,,,,,,Chicago Bears
17,,18,2026-01-04,Sun,,DET,,,,,,,,,,,,,,,,,,,,,,,,,,,,,,,,,,,,,,,,,,Chicago Bears
1,1,1,2025-09-07,Sun,@,CLE,W,17,16,,14,23,60.9,95,1,4.1,5.00,84.5,3,18,23,46,1,2.0,49,141,2.88,1,1,2,2,6,316,7,3,1,11,7,14,0,0,7,33,0,0,0,24:11,Cincinnati Bengals
2,,2,2025-09-14,Sun,,JAX,,,,,,,,,,,,,,,,,,,,,,,,,,,,,,,,,,,,,,,,,,Cincinnati Bengals
3,,3,2025-09-21,Sun,@,MIN,,,,,,,,,,,,,,,,,,,,,,,,,,,,,,,,,,,,,,,,,,Cincinnati Bengals
4,,4,2025-09-29,Mon,@,DEN,,,,,,,,,,,,,,,,,,,,,,,,,,,,,,,,,,,,,,,,,,Cincinnati Bengals
5,,5,2025-10-05,Sun,,DET,,,,,,,,,,,,,,,,,,,,,,,,,,,,,,,,,,,,,,,,,,Cincinnati Bengals
6,,6,2025-10-12,Sun,@,GNB,,,,,,,,,,,,,,,,,,,,,,,,,,,,,,,,,,,,,,,,,,Cincinnati Bengals
7,,7,2025-10-16,Thu,,PIT,,,,,,,,,,,,,,,,,,,,,,,,,,,,,,,,,,,,,,,,,,Cincinnati Bengals
8,,8,2025-10-26,Sun,,NYJ,,,,,,,,,,,,,,,,,,,,,,,,,,,,,,,,,,,,,,,,,,Cincinnati Bengals
9,,9,2025-11-02,Sun,,CHI,,,,,,,,,,,,,,,,,,,,,,,,,,,,,,,,,,,,,,,,,,Cincinnati Bengals
10,,11,2025-11-16,Sun,@,PIT,,,,,,,,,,,,,,,,,,,,,,,,,,,,,,,,,,,,,,,,,,Cincinnati Bengals
11,,12,2025-11-23,Sun,,NWE,,,,,,,,,,,,,,,,,,,,,,,,,,,,,,,,,,,,,,,,,,Cincinnati Bengals
12,,13,2025-11-27,Thu,@,BAL,,,,,,,,,,,,,,,,,,,,,,,,,,,,,,,,,,,,,,,,,,Cincinnati Bengals
13,,14,2025-12-07,Sun,@,BUF,,,,,,,,,,,,,,,,,,,,,,,,,,,,,,,,,,,,,,,,,,Cincinnati Bengals
14,,15,2025-12-14,Sun,,BAL,,,,,,,,,,,,,,,,,,,,,,,,,,,,,,,,,,,,,,,,,,Cincinnati Bengals
15,,16,2025-12-21,Sun,@,MIA,,,,,,,,,,,,,,,,,,,,,,,,,,,,,,,,,,,,,,,,,,Cincinnati Bengals
16,,17,2025-12-28,Sun,,ARI,,,,,,,,,,,,,,,,,,,,,,,,,,,,,,,,,,,,,,,,,,Cincinnati Bengals
17,,18,2026-01-04,Sun,,CLE,,,,,,,,,,,,,,,,,,,,,,,,,,,,,,,,,,,,,,,,,,Cincinnati Bengals
1,1,1,2025-09-07,Sun,,CIN,L,16,17,,31,45,68.9,278,1,6.2,4.62,74.1,2,12,24,49,1,2.0,71,327,4.61,2,1,2,1,2,97,13,5,4,22,9,16,2,3,7,53,0,2,2,35:49,Cleveland Browns
2,,2,2025-09-14,Sun,@,BAL,,,,,,,,,,,,,,,,,,,,,,,,,,,,,,,,,,,,,,,,,,Cleveland Browns
3,,3,2025-09-21,Sun,,GNB,,,,,,,,,,,,,,,,,,,,,,,,,,,,,,,,,,,,,,,,,,Cleveland Browns
4,,4,2025-09-28,Sun,@,DET,,,,,,,,,,,,,,,,,,,,,,,,,,,,,,,,,,,,,,,,,,Cleveland Browns
5,,5,2025-10-05,Sun,,MIN,,,,,,,,,,,,,,,,,,,,,,,,,,,,,,,,,,,,,,,,,,Cleveland Browns
6,,6,2025-10-12,Sun,@,PIT,,,,,,,,,,,,,,,,,,,,,,,,,,,,,,,,,,,,,,,,,,Cleveland Browns
7,,7,2025-10-19,Sun,,MIA,,,,,,,,,,,,,,,,,,,,,,,,,,,,,,,,,,,,,,,,,,Cleveland Browns
8,,8,2025-10-26,Sun,@,NWE,,,,,,,,,,,,,,,,,,,,,,,,,,,,,,,,,,,,,,,,,,Cleveland Browns
9,,10,2025-11-09,Sun,@,NYJ,,,,,,,,,,,,,,,,,,,,,,,,,,,,,,,,,,,,,,,,,,Cleveland Browns
10,,11,2025-11-16,Sun,,BAL,,,,,,,,,,,,,,,,,,,,,,,,,,,,,,,,,,,,,,,,,,Cleveland Browns
11,,12,2025-11-23,Sun,@,LVR,,,,,,,,,,,,,,,,,,,,,,,,,,,,,,,,,,,,,,,,,,Cleveland Browns
12,,13,2025-11-30,Sun,,SFO,,,,,,,,,,,,,,,,,,,,,,,,,,,,,,,,,,,,,,,,,,Cleveland Browns
13,,14,2025-12-07,Sun,,TEN,,,,,,,,,,,,,,,,,,,,,,,,,,,,,,,,,,,,,,,,,,Cleveland Browns
14,,15,2025-12-14,Sun,@,CHI,,,,,,,,,,,,,,,,,,,,,,,,,,,,,,,,,,,,,,,,,,Cleveland Browns
15,,16,2025-12-21,Sun,,BUF,,,,,,,,,,,,,,,,,,,,,,,,,,,,,,,,,,,,,,,,,,Cleveland Browns
16,,17,2025-12-28,Sun,,PIT,,,,,,,,,,,,,,,,,,,,,,,,,,,,,,,,,,,,,,,,,,Cleveland Browns
17,,18,2026-01-04,Sun,@,CIN,,,,,,,,,,,,,,,,,,,,,,,,,,,,,,,,,,,,,,,,,,Cleveland Browns
1,1,1,2025-09-04,Thu,@,PHI,L,20,24,,21,34,61.8,188,0,5.5,5.53,76.6,0,0,22,119,2,5.4,56,307,5.48,2,2,2,2,2,87,9,7,6,22,7,11,0,1,4,42,1,0,1,25:08,Dallas Cowboys
2,,2,2025-09-14,Sun,,NYG,,,,,,,,,,,,,,,,,,,,,,,,,,,,,,,,,,,,,,,,,,Dallas Cowboys
3,,3,2025-09-21,Sun,@,CHI,,,,,,,,,,,,,,,,,,,,,,,,,,,,,,,,,,,,,,,,,,Dallas Cowboys
4,,4,2025-09-28,Sun,,GNB,,,,,,,,,,,,,,,,,,,,,,,,,,,,,,,,,,,,,,,,,,Dallas Cowboys
5,,5,2025-10-05,Sun,@,NYJ,,,,,,,,,,,,,,,,,,,,,,,,,,,,,,,,,,,,,,,,,,Dallas Cowboys
6,,6,2025-10-12,Sun,@,CAR,,,,,,,,,,,,,,,,,,,,,,,,,,,,,,,,,,,,,,,,,,Dallas Cowboys
7,,7,2025-10-19,Sun,,WAS,,,,,,,,,,,,,,,,,,,,,,,,,,,,,,,,,,,,,,,,,,Dallas Cowboys
8,,8,2025-10-26,Sun,@,DEN,,,,,,,,,,,,,,,,,,,,,,,,,,,,,,,,,,,,,,,,,,Dallas Cowboys
9,,9,2025-11-03,Mon,,ARI,,,,,,,,,,,,,,,,,,,,,,,,,,,,,,,,,,,,,,,,,,Dallas Cowboys
10,,11,2025-11-17,Mon,@,LVR,,,,,,,,,,,,,,,,,,,,,,,,,,,,,,,,,,,,,,,,,,Dallas Cowboys
11,,12,2025-11-23,Sun,,PHI,,,,,,,,,,,,,,,,,,,,,,,,,,,,,,,,,,,,,,,,,,Dallas Cowboys
12,,13,2025-11-27,Thu,,KAN,,,,,,,,,,,,,,,,,,,,,,,,,,,,,,,,,,,,,,,,,,Dallas Cowboys
13,,14,2025-12-04,Thu,@,DET,,,,,,,,,,,,,,,,,,,,,,,,,,,,,,,,,,,,,,,,,,Dallas Cowboys
14,,15,2025-12-14,Sun,,MIN,,,,,,,,,,,,,,,,,,,,,,,,,,,,,,,,,,,,,,,,,,Dallas Cowboys
15,,16,2025-12-21,Sun,,LAC,,,,,,,,,,,,,,,,,,,,,,,,,,,,,,,,,,,,,,,,,,Dallas Cowboys
16,,17,2025-12-25,Thu,@,WAS,,,,,,,,,,,,,,,,,,,,,,,,,,,,,,,,,,,,,,,,,,Dallas Cowboys
17,,18,2026-01-04,Sun,@,NYG,,,,,,,,,,,,,,,,,,,,,,,,,,,,,,,,,,,,,,,,,,Dallas Cowboys
1,1,1,2025-09-07,Sun,,TEN,W,20,12,,25,40,62.5,166,1,4.2,2.40,59.0,1,10,30,151,1,5.0,71,317,4.46,2,2,2,2,3,144,9,5,6,20,6,15,0,2,6,45,2,2,4,31:56,Denver Broncos
2,,2,2025-09-14,Sun,@,IND,,,,,,,,,,,,,,,,,,,,,,,,,,,,,,,,,,,,,,,,,,Denver Broncos
3,,3,2025-09-21,Sun,@,LAC,,,,,,,,,,,,,,,,,,,,,,,,,,,,,,,,,,,,,,,,,,Denver Broncos
4,,4,2025-09-29,Mon,,CIN,,,,,,,,,,,,,,,,,,,,,,,,,,,,,,,,,,,,,,,,,,Denver Broncos
5,,5,2025-10-05,Sun,@,PHI,,,,,,,,,,,,,,,,,,,,,,,,,,,,,,,,,,,,,,,,,,Denver Broncos
6,,6,2025-10-12,Sun,@,NYJ,,,,,,,,,,,,,,,,,,,,,,,,,,,,,,,,,,,,,,,,,,Denver Broncos
7,,7,2025-10-19,Sun,,NYG,,,,,,,,,,,,,,,,,,,,,,,,,,,,,,,,,,,,,,,,,,Denver Broncos
8,,8,2025-10-26,Sun,,DAL,,,,,,,,,,,,,,,,,,,,,,,,,,,,,,,,,,,,,,,,,,Denver Broncos
9,,9,2025-11-02,Sun,@,HOU,,,,,,,,,,,,,,,,,,,,,,,,,,,,,,,,,,,,,,,,,,Denver Broncos
10,,10,2025-11-06,Thu,,LVR,,,,,,,,,,,,,,,,,,,,,,,,,,,,,,,,,,,,,,,,,,Denver Broncos
11,,11,2025-11-16,Sun,,KAN,,,,,,,,,,,,,,,,,,,,,,,,,,,,,,,,,,,,,,,,,,Denver Broncos
12,,13,2025-11-30,Sun,@,WAS,,,,,,,,,,,,,,,,,,,,,,,,,,,,,,,,,,,,,,,,,,Denver Broncos
13,,14,2025-12-07,Sun,@,LVR,,,,,,,,,,,,,,,,,,,,,,,,,,,,,,,,,,,,,,,,,,Denver Broncos
14,,15,2025-12-14,Sun,,GNB,,,,,,,,,,,,,,,,,,,,,,,,,,,,,,,,,,,,,,,,,,Denver Broncos
15,,16,2025-12-21,Sun,,JAX,,,,,,,,,,,,,,,,,,,,,,,,,,,,,,,,,,,,,,,,,,Denver Broncos
16,,17,2025-12-25,Thu,@,KAN,,,,,,,,,,,,,,,,,,,,,,,,,,,,,,,,,,,,,,,,,,Denver Broncos
17,,18,2026-01-04,Sun,,LAC,,,,,,,,,,,,,,,,,,,,,,,,,,,,,,,,,,,,,,,,,,Denver Broncos
1,1,1,2025-09-07,Sun,@,GNB,L,13,27,,31,39,79.5,200,1,5.1,4.49,85.9,4,25,22,46,0,2.1,65,246,3.78,2,2,1,1,3,142,13,2,1,16,5,15,3,4,7,40,0,1,1,35:25,Detroit Lions
2,,2,2025-09-14,Sun,,CHI,,,,,,,,,,,,,,,,,,,,,,,,,,,,,,,,,,,,,,,,,,Detroit Lions
3,,3,2025-09-22,Mon,@,BAL,,,,,,,,,,,,,,,,,,,,,,,,,,,,,,,,,,,,,,,,,,Detroit Lions
4,,4,2025-09-28,Sun,,CLE,,,,,,,,,,,,,,,,,,,,,,,,,,,,,,,,,,,,,,,,,,Detroit Lions
5,,5,2025-10-05,Sun,@,CIN,,,,,,,,,,,,,,,,,,,,,,,,,,,,,,,,,,,,,,,,,,Detroit Lions
6,,6,2025-10-12,Sun,@,KAN,,,,,,,,,,,,,,,,,,,,,,,,,,,,,,,,,,,,,,,,,,Detroit Lions
7,,7,2025-10-20,Mon,,TAM,,,,,,,,,,,,,,,,,,,,,,,,,,,,,,,,,,,,,,,,,,Detroit Lions
8,,9,2025-11-02,Sun,,MIN,,,,,,,,,,,,,,,,,,,,,,,,,,,,,,,,,,,,,,,,,,Detroit Lions
9,,10,2025-11-09,Sun,@,WAS,,,,,,,,,,,,,,,,,,,,,,,,,,,,,,,,,,,,,,,,,,Detroit Lions
10,,11,2025-11-16,Sun,@,PHI,,,,,,,,,,,,,,,,,,,,,,,,,,,,,,,,,,,,,,,,,,Detroit Lions
11,,12,2025-11-23,Sun,,NYG,,,,,,,,,,,,,,,,,,,,,,,,,,,,,,,,,,,,,,,,,,Detroit Lions
12,,13,2025-11-27,Thu,,GNB,,,,,,,,,,,,,,,,,,,,,,,,,,,,,,,,,,,,,,,,,,Detroit Lions
13,,14,2025-12-04,Thu,,DAL,,,,,,,,,,,,,,,,,,,,,,,,,,,,,,,,,,,,,,,,,,Detroit Lions
14,,15,2025-12-14,Sun,@,LAR,,,,,,,,,,,,,,,,,,,,,,,,,,,,,,,,,,,,,,,,,,Detroit Lions
15,,16,2025-12-21,Sun,,PIT,,,,,,,,,,,,,,,,,,,,,,,,,,,,,,,,,,,,,,,,,,Detroit Lions
16,,17,2025-12-25,Thu,@,MIN,,,,,,,,,,,,,,,,,,,,,,,,,,,,,,,,,,,,,,,,,,Detroit Lions
17,,18,2026-01-04,Sun,@,CHI,,,,,,,,,,,,,,,,,,,,,,,,,,,,,,,,,,,,,,,,,,Detroit Lions
1,1,1,2025-09-07,Sun,,DET,W,27,13,,16,22,72.7,188,2,8.5,10.36,128.6,0,0,25,78,1,3.1,47,266,5.66,2,2,3,3,3,164,8,4,2,14,4,10,1,1,4,40,0,0,0,24:35,Green Bay Packers
2,,2,2025-09-11,Thu,,WAS,,,,,,,,,,,,,,,,,,,,,,,,,,,,,,,,,,,,,,,,,,Green Bay Packers
3,,3,2025-09-21,Sun,@,CLE,,,,,,,,,,,,,,,,,,,,,,,,,,,,,,,,,,,,,,,,,,Green Bay Packers
4,,4,2025-09-28,Sun,@,DAL,,,,,,,,,,,,,,,,,,,,,,,,,,,,,,,,,,,,,,,,,,Green Bay Packers
5,,6,2025-10-12,Sun,,CIN,,,,,,,,,,,,,,,,,,,,,,,,,,,,,,,,,,,,,,,,,,Green Bay Packers
6,,7,2025-10-19,Sun,@,ARI,,,,,,,,,,,,,,,,,,,,,,,,,,,,,,,,,,,,,,,,,,Green Bay Packers
7,,8,2025-10-26,Sun,@,PIT,,,,,,,,,,,,,,,,,,,,,,,,,,,,,,,,,,,,,,,,,,Green Bay Packers
8,,9,2025-11-02,Sun,,CAR,,,,,,,,,,,,,,,,,,,,,,,,,,,,,,,,,,,,,,,,,,Green Bay Packers
9,,10,2025-11-10,Mon,,PHI,,,,,,,,,,,,,,,,,,,,,,,,,,,,,,,,,,,,,,,,,,Green Bay Packers
10,,11,2025-11-16,Sun,@,NYG,,,,,,,,,,,,,,,,,,,,,,,,,,,,,,,,,,,,,,,,,,Green Bay Packers
11,,12,2025-11-23,Sun,,MIN,,,,,,,,,,,,,,,,,,,,,,,,,,,,,,,,,,,,,,,,,,Green Bay Packers
12,,13,2025-11-27,Thu,@,DET,,,,,,,,,,,,,,,,,,,,,,,,,,,,,,,,,,,,,,,,,,Green Bay Packers
13,,14,2025-12-07,Sun,,CHI,,,,,,,,,,,,,,,,,,,,,,,,,,,,,,,,,,,,,,,,,,Green Bay Packers
14,,15,2025-12-14,Sun,@,DEN,,,,,,,,,,,,,,,,,,,,,,,,,,,,,,,,,,,,,,,,,,Green Bay Packers
15,,16,2025-12-20,Sat,@,CHI,,,,,,,,,,,,,,,,,,,,,,,,,,,,,,,,,,,,,,,,,,Green Bay Packers
16,,17,2025-12-28,Sun,,BAL,,,,,,,,,,,,,,,,,,,,,,,,,,,,,,,,,,,,,,,,,,Green Bay Packers
17,,18,2026-01-04,Sun,@,MIN,,,,,,,,,,,,,,,,,,,,,,,,,,,,,,,,,,,,,,,,,,Green Bay Packers
1,1,1,2025-09-07,Sun,@,LAR,L,9,14,,19,27,70.4,151,0,5.6,3.93,68.6,3,37,27,114,0,4.2,57,265,4.65,3,3,0,0,4,208,7,8,3,18,2,9,1,1,11,80,1,1,2,31:25,Houston Texans
2,,2,2025-09-15,Mon,,TAM,,,,,,,,,,,,,,,,,,,,,,,,,,,,,,,,,,,,,,,,,,Houston Texans
3,,3,2025-09-21,Sun,@,JAX,,,,,,,,,,,,,,,,,,,,,,,,,,,,,,,,,,,,,,,,,,Houston Texans
4,,4,2025-09-28,Sun,,TEN,,,,,,,,,,,,,,,,,,,,,,,,,,,,,,,,,,,,,,,,,,Houston Texans
5,,5,2025-10-05,Sun,@,BAL,,,,,,,,,,,,,,,,,,,,,,,,,,,,,,,,,,,,,,,,,,Houston Texans
6,,7,2025-10-20,Mon,@,SEA,,,,,,,,,,,,,,,,,,,,,,,,,,,,,,,,,,,,,,,,,,Houston Texans
7,,8,2025-10-26,Sun,,SFO,,,,,,,,,,,,,,,,,,,,,,,,,,,,,,,,,,,,,,,,,,Houston Texans
8,,9,2025-11-02,Sun,,DEN,,,,,,,,,,,,,,,,,,,,,,,,,,,,,,,,,,,,,,,,,,Houston Texans
9,,10,2025-11-09,Sun,,JAX,,,,,,,,,,,,,,,,,,,,,,,,,,,,,,,,,,,,,,,,,,Houston Texans
10,,11,2025-11-16,Sun,@,TEN,,,,,,,,,,,,,,,,,,,,,,,,,,,,,,,,,,,,,,,,,,Houston Texans
11,,12,2025-11-20,Thu,,BUF,,,,,,,,,,,,,,,,,,,,,,,,,,,,,,,,,,,,,,,,,,Houston Texans
12,,13,2025-11-30,Sun,@,IND,,,,,,,,,,,,,,,,,,,,,,,,,,,,,,,,,,,,,,,,,,Houston Texans
13,,14,2025-12-07,Sun,@,KAN,,,,,,,,,,,,,,,,,,,,,,,,,,,,,,,,,,,,,,,,,,Houston Texans
14,,15,2025-12-14,Sun,,ARI,,,,,,,,,,,,,,,,,,,,,,,,,,,,,,,,,,,,,,,,,,Houston Texans
15,,16,2025-12-21,Sun,,LVR,,,,,,,,,,,,,,,,,,,,,,,,,,,,,,,,,,,,,,,,,,Houston Texans
16,,17,2025-12-28,Sun,@,LAC,,,,,,,,,,,,,,,,,,,,,,,,,,,,,,,,,,,,,,,,,,Houston Texans
17,,18,2026-01-04,Sun,,IND,,,,,,,,,,,,,,,,,,,,,,,,,,,,,,,,,,,,,,,,,,Houston Texans
1,1,1,2025-09-07,Sun,,MIA,W,33,8,,22,29,75.9,262,1,9.0,9.72,114.4,1,10,40,156,2,3.9,70,418,5.97,4,4,3,3,0,0,14,11,2,27,7,15,3,3,4,45,0,0,0,38:43,Indianapolis Colts
2,,2,2025-09-14,Sun,,DEN,,,,,,,,,,,,,,,,,,,,,,,,,,,,,,,,,,,,,,,,,,Indianapolis Colts
3,,3,2025-09-21,Sun,@,TEN,,,,,,,,,,,,,,,,,,,,,,,,,,,,,,,,,,,,,,,,,,Indianapolis Colts
4,,4,2025-09-28,Sun,@,LAR,,,,,,,,,,,,,,,,,,,,,,,,,,,,,,,,,,,,,,,,,,Indianapolis Colts
5,,5,2025-10-05,Sun,,LVR,,,,,,,,,,,,,,,,,,,,,,,,,,,,,,,,,,,,,,,,,,Indianapolis Colts
6,,6,2025-10-12,Sun,,ARI,,,,,,,,,,,,,,,,,,,,,,,,,,,,,,,,,,,,,,,,,,Indianapolis Colts
7,,7,2025-10-19,Sun,@,LAC,,,,,,,,,,,,,,,,,,,,,,,,,,,,,,,,,,,,,,,,,,Indianapolis Colts
8,,8,2025-10-26,Sun,,TEN,,,,,,,,,,,,,,,,,,,,,,,,,,,,,,,,,,,,,,,,,,Indianapolis Colts
9,,9,2025-11-02,Sun,@,PIT,,,,,,,,,,,,,,,,,,,,,,,,,,,,,,,,,,,,,,,,,,Indianapolis Colts
10,,10,2025-11-09,Sun,,ATL,,,,,,,,,,,,,,,,,,,,,,,,,,,,,,,,,,,,,,,,,,Indianapolis Colts
11,,12,2025-11-23,Sun,@,KAN,,,,,,,,,,,,,,,,,,,,,,,,,,,,,,,,,,,,,,,,,,Indianapolis Colts
12,,13,2025-11-30,Sun,,HOU,,,,,,,,,,,,,,,,,,,,,,,,,,,,,,,,,,,,,,,,,,Indianapolis Colts
13,,14,2025-12-07,Sun,@,JAX,,,,,,,,,,,,,,,,,,,,,,,,,,,,,,,,,,,,,,,,,,Indianapolis Colts
14,,15,2025-12-14,Sun,@,SEA,,,,,,,,,,,,,,,,,,,,,,,,,,,,,,,,,,,,,,,,,,Indianapolis Colts
15,,16,2025-12-22,Mon,,SFO,,,,,,,,,,,,,,,,,,,,,,,,,,,,,,,,,,,,,,,,,,Indianapolis Colts
16,,17,2025-12-28,Sun,,JAX,,,,,,,,,,,,,,,,,,,,,,,,,,,,,,,,,,,,,,,,,,Indianapolis Colts
17,,18,2026-01-04,Sun,@,HOU,,,,,,,,,,,,,,,,,,,,,,,,,,,,,,,,,,,,,,,,,,Indianapolis Colts
1,1,1,2025-09-07,Sun,,CAR,W,26,10,,19,31,61.3,178,1,5.7,4.94,74.4,0,0,32,200,1,6.3,63,378,6.00,4,4,2,2,2,111,9,10,0,19,5,12,2,2,11,93,0,1,1,31:00,Jacksonville Jaguars
2,,2,2025-09-14,Sun,@,CIN,,,,,,,,,,,,,,,,,,,,,,,,,,,,,,,,,,,,,,,,,,Jacksonville Jaguars
3,,3,2025-09-21,Sun,,HOU,,,,,,,,,,,,,,,,,,,,,,,,,,,,,,,,,,,,,,,,,,Jacksonville Jaguars
4,,4,2025-09-28,Sun,@,SFO,,,,,,,,,,,,,,,,,,,,,,,,,,,,,,,,,,,,,,,,,,Jacksonville Jaguars
5,,5,2025-10-06,Mon,,KAN,,,,,,,,,,,,,,,,,,,,,,,,,,,,,,,,,,,,,,,,,,Jacksonville Jaguars
6,,6,2025-10-12,Sun,,SEA,,,,,,,,,,,,,,,,,,,,,,,,,,,,,,,,,,,,,,,,,,Jacksonville Jaguars
7,,7,2025-10-19,Sun,,LAR,,,,,,,,,,,,,,,,,,,,,,,,,,,,,,,,,,,,,,,,,,Jacksonville Jaguars
8,,9,2025-11-02,Sun,@,LVR,,,,,,,,,,,,,,,,,,,,,,,,,,,,,,,,,,,,,,,,,,Jacksonville Jaguars
9,,10,2025-11-09,Sun,@,HOU,,,,,,,,,,,,,,,,,,,,,,,,,,,,,,,,,,,,,,,,,,Jacksonville Jaguars
10,,11,2025-11-16,Sun,,LAC,,,,,,,,,,,,,,,,,,,,,,,,,,,,,,,,,,,,,,,,,,Jacksonville Jaguars
11,,12,2025-11-23,Sun,@,ARI,,,,,,,,,,,,,,,,,,,,,,,,,,,,,,,,,,,,,,,,,,Jacksonville Jaguars
12,,13,2025-11-30,Sun,@,TEN,,,,,,,,,,,,,,,,,,,,,,,,,,,,,,,,,,,,,,,,,,Jacksonville Jaguars
13,,14,2025-12-07,Sun,,IND,,,,,,,,,,,,,,,,,,,,,,,,,,,,,,,,,,,,,,,,,,Jacksonville Jaguars
14,,15,2025-12-14,Sun,,NYJ,,,,,,,,,,,,,,,,,,,,,,,,,,,,,,,,,,,,,,,,,,Jacksonville Jaguars
15,,16,2025-12-21,Sun,@,DEN,,,,,,,,,,,,,,,,,,,,,,,,,,,,,,,,,,,,,,,,,,Jacksonville Jaguars
16,,17,2025-12-28,Sun,@,IND,,,,,,,,,,,,,,,,,,,,,,,,,,,,,,,,,,,,,,,,,,Jacksonville Jaguars
17,,18,2026-01-04,Sun,,TEN,,,,,,,,,,,,,,,,,,,,,,,,,,,,,,,,,,,,,,,,,,Jacksonville Jaguars
1,1,1,2025-09-05,Fri,@,LAC,L,21,27,,24,39,61.5,249,1,6.4,6.90,88.5,2,9,17,98,1,5.8,58,347,5.98,3,3,1,0,3,116,9,8,1,18,5,14,3,3,10,71,0,0,0,27:16,Kansas City Chiefs
2,,2,2025-09-14,Sun,,PHI,,,,,,,,,,,,,,,,,,,,,,,,,,,,,,,,,,,,,,,,,,Kansas City Chiefs
3,,3,2025-09-21,Sun,@,NYG,,,,,,,,,,,,,,,,,,,,,,,,,,,,,,,,,,,,,,,,,,Kansas City Chiefs
4,,4,2025-09-28,Sun,,BAL,,,,,,,,,,,,,,,,,,,,,,,,,,,,,,,,,,,,,,,,,,Kansas City Chiefs
5,,5,2025-10-06,Mon,@,JAX,,,,,,,,,,,,,,,,,,,,,,,,,,,,,,,,,,,,,,,,,,Kansas City Chiefs
6,,6,2025-10-12,Sun,,DET,,,,,,,,,,,,,,,,,,,,,,,,,,,,,,,,,,,,,,,,,,Kansas City Chiefs
7,,7,2025-10-19,Sun,,LVR,,,,,,,,,,,,,,,,,,,,,,,,,,,,,,,,,,,,,,,,,,Kansas City Chiefs
8,,8,2025-10-27,Mon,,WAS,,,,,,,,,,,,,,,,,,,,,,,,,,,,,,,,,,,,,,,,,,Kansas City Chiefs
9,,9,2025-11-02,Sun,@,BUF,,,,,,,,,,,,,,,,,,,,,,,,,,,,,,,,,,,,,,,,,,Kansas City Chiefs
10,,11,2025-11-16,Sun,@,DEN,,,,,,,,,,,,,,,,,,,,,,,,,,,,,,,,,,,,,,,,,,Kansas City Chiefs
11,,12,2025-11-23,Sun,,IND,,,,,,,,,,,,,,,,,,,,,,,,,,,,,,,,,,,,,,,,,,Kansas City Chiefs
12,,13,2025-11-27,Thu,@,DAL,,,,,,,,,,,,,,,,,,,,,,,,,,,,,,,,,,,,,,,,,,Kansas City Chiefs
13,,14,2025-12-07,Sun,,HOU,,,,,,,,,,,,,,,,,,,,,,,,,,,,,,,,,,,,,,,,,,Kansas City Chiefs
14,,15,2025-12-14,Sun,,LAC,,,,,,,,,,,,,,,,,,,,,,,,,,,,,,,,,,,,,,,,,,Kansas City Chiefs
15,,16,2025-12-21,Sun,@,TEN,,,,,,,,,,,,,,,,,,,,,,,,,,,,,,,,,,,,,,,,,,Kansas City Chiefs
16,,17,2025-12-25,Thu,,DEN,,,,,,,,,,,,,,,,,,,,,,,,,,,,,,,,,,,,,,,,,,Kansas City Chiefs
17,,18,2026-01-04,Sun,@,LVR,,,,,,,,,,,,,,,,,,,,,,,,,,,,,,,,,,,,,,,,,,Kansas City Chiefs
1,1,1,2025-09-05,Fri,,KAN,W,27,21,,25,34,73.5,304,3,8.9,10.71,130.0,3,14,25,90,0,3.6,62,394,6.35,2,2,3,3,2,106,16,6,0,22,7,13,1,1,6,49,0,0,0,32:44,Los Angeles Chargers
2,,2,2025-09-15,Mon,@,LVR,,,,,,,,,,,,,,,,,,,,,,,,,,,,,,,,,,,,,,,,,,Los Angeles Chargers
3,,3,2025-09-21,Sun,,DEN,,,,,,,,,,,,,,,,,,,,,,,,,,,,,,,,,,,,,,,,,,Los Angeles Chargers
4,,4,2025-09-28,Sun,@,NYG,,,,,,,,,,,,,,,,,,,,,,,,,,,,,,,,,,,,,,,,,,Los Angeles Chargers
5,,5,2025-10-05,Sun,,WAS,,,,,,,,,,,,,,,,,,,,,,,,,,,,,,,,,,,,,,,,,,Los Angeles Chargers
6,,6,2025-10-12,Sun,@,MIA,,,,,,,,,,,,,,,,,,,,,,,,,,,,,,,,,,,,,,,,,,Los Angeles Chargers
7,,7,2025-10-19,Sun,,IND,,,,,,,,,,,,,,,,,,,,,,,,,,,,,,,,,,,,,,,,,,Los Angeles Chargers
8,,8,2025-10-23,Thu,,MIN,,,,,,,,,,,,,,,,,,,,,,,,,,,,,,,,,,,,,,,,,,Los Angeles Chargers
9,,9,2025-11-02,Sun,@,TEN,,,,,,,,,,,,,,,,,,,,,,,,,,,,,,,,,,,,,,,,,,Los Angeles Chargers
10,,10,2025-11-09,Sun,,PIT,,,,,,,,,,,,,,,,,,,,,,,,,,,,,,,,,,,,,,,,,,Los Angeles Chargers
11,,11,2025-11-16,Sun,@,JAX,,,,,,,,,,,,,,,,,,,,,,,,,,,,,,,,,,,,,,,,,,Los Angeles Chargers
12,,13,2025-11-30,Sun,,LVR,,,,,,,,,,,,,,,,,,,,,,,,,,,,,,,,,,,,,,,,,,Los Angeles Chargers
13,,14,2025-12-08,Mon,,PHI,,,,,,,,,,,,,,,,,,,,,,,,,,,,,,,,,,,,,,,,,,Los Angeles Chargers
14,,15,2025-12-14,Sun,@,KAN,,,,,,,,,,,,,,,,,,,,,,,,,,,,,,,,,,,,,,,,,,Los Angeles Chargers
15,,16,2025-12-21,Sun,@,DAL,,,,,,,,,,,,,,,,,,,,,,,,,,,,,,,,,,,,,,,,,,Los Angeles Chargers
16,,17,2025-12-28,Sun,,HOU,,,,,,,,,,,,,,,,,,,,,,,,,,,,,,,,,,,,,,,,,,Los Angeles Chargers
17,,18,2026-01-04,Sun,@,DEN,,,,,,,,,,,,,,,,,,,,,,,,,,,,,,,,,,,,,,,,,,Los Angeles Chargers
1,1,1,2025-09-07,Sun,,HOU,W,14,9,,21,29,72.4,224,1,7.7,8.41,106.1,3,21,25,72,1,2.9,57,296,5.19,0,0,2,2,5,220,13,3,2,18,7,13,1,1,7,60,1,0,1,28:35,Los Angeles Rams
2,,2,2025-09-14,Sun,@,TEN,,,,,,,,,,,,,,,,,,,,,,,,,,,,,,,,,,,,,,,,,,Los Angeles Rams
3,,3,2025-09-21,Sun,@,PHI,,,,,,,,,,,,,,,,,,,,,,,,,,,,,,,,,,,,,,,,,,Los Angeles Rams
4,,4,2025-09-28,Sun,,IND,,,,,,,,,,,,,,,,,,,,,,,,,,,,,,,,,,,,,,,,,,Los Angeles Rams
5,,5,2025-10-02,Thu,,SFO,,,,,,,,,,,,,,,,,,,,,,,,,,,,,,,,,,,,,,,,,,Los Angeles Rams
6,,6,2025-10-12,Sun,@,BAL,,,,,,,,,,,,,,,,,,,,,,,,,,,,,,,,,,,,,,,,,,Los Angeles Rams
7,,7,2025-10-19,Sun,@,JAX,,,,,,,,,,,,,,,,,,,,,,,,,,,,,,,,,,,,,,,,,,Los Angeles Rams
8,,9,2025-11-02,Sun,,NOR,,,,,,,,,,,,,,,,,,,,,,,,,,,,,,,,,,,,,,,,,,Los Angeles Rams
9,,10,2025-11-09,Sun,@,SFO,,,,,,,,,,,,,,,,,,,,,,,,,,,,,,,,,,,,,,,,,,Los Angeles Rams
10,,11,2025-11-16,Sun,,SEA,,,,,,,,,,,,,,,,,,,,,,,,,,,,,,,,,,,,,,,,,,Los Angeles Rams
11,,12,2025-11-23,Sun,,TAM,,,,,,,,,,,,,,,,,,,,,,,,,,,,,,,,,,,,,,,,,,Los Angeles Rams
12,,13,2025-11-30,Sun,@,CAR,,,,,,,,,,,,,,,,,,,,,,,,,,,,,,,,,,,,,,,,,,Los Angeles Rams
13,,14,2025-12-07,Sun,@,ARI,,,,,,,,,,,,,,,,,,,,,,,,,,,,,,,,,,,,,,,,,,Los Angeles Rams
14,,15,2025-12-14,Sun,,DET,,,,,,,,,,,,,,,,,,,,,,,,,,,,,,,,,,,,,,,,,,Los Angeles Rams
15,,16,2025-12-18,Thu,@,SEA,,,,,,,,,,,,,,,,,,,,,,,,,,,,,,,,,,,,,,,,,,Los Angeles Rams
16,,17,2025-12-29,Mon,@,ATL,,,,,,,,,,,,,,,,,,,,,,,,,,,,,,,,,,,,,,,,,,Los Angeles Rams
17,,18,2026-01-04,Sun,,ARI,,,,,,,,,,,,,,,,,,,,,,,,,,,,,,,,,,,,,,,,,,Los Angeles Rams
1,1,1,2025-09-07,Sun,@,NWE,W,20,13,,24,34,70.6,333,1,9.8,9.06,99.3,4,29,24,56,1,2.3,62,389,6.27,3,2,2,2,5,249,17,3,1,21,5,13,1,1,9,77,0,1,1,29:55,Las Vegas Raiders
2,,2,2025-09-15,Mon,,LAC,,,,,,,,,,,,,,,,,,,,,,,,,,,,,,,,,,,,,,,,,,Las Vegas Raiders
3,,3,2025-09-21,Sun,@,WAS,,,,,,,,,,,,,,,,,,,,,,,,,,,,,,,,,,,,,,,,,,Las Vegas Raiders
4,,4,2025-09-28,Sun,,CHI,,,,,,,,,,,,,,,,,,,,,,,,,,,,,,,,,,,,,,,,,,Las Vegas Raiders
5,,5,2025-10-05,Sun,@,IND,,,,,,,,,,,,,,,,,,,,,,,,,,,,,,,,,,,,,,,,,,Las Vegas Raiders
6,,6,2025-10-12,Sun,,TEN,,,,,,,,,,,,,,,,,,,,,,,,,,,,,,,,,,,,,,,,,,Las Vegas Raiders
7,,7,2025-10-19,Sun,@,KAN,,,,,,,,,,,,,,,,,,,,,,,,,,,,,,,,,,,,,,,,,,Las Vegas Raiders
8,,9,2025-11-02,Sun,,JAX,,,,,,,,,,,,,,,,,,,,,,,,,,,,,,,,,,,,,,,,,,Las Vegas Raiders
9,,10,2025-11-06,Thu,@,DEN,,,,,,,,,,,,,,,,,,,,,,,,,,,,,,,,,,,,,,,,,,Las Vegas Raiders
10,,11,2025-11-17,Mon,,DAL,,,,,,,,,,,,,,,,,,,,,,,,,,,,,,,,,,,,,,,,,,Las Vegas Raiders
11,,12,2025-11-23,Sun,,CLE,,,,,,,,,,,,,,,,,,,,,,,,,,,,,,,,,,,,,,,,,,Las Vegas Raiders
12,,13,2025-11-30,Sun,@,LAC,,,,,,,,,,,,,,,,,,,,,,,,,,,,,,,,,,,,,,,,,,Las Vegas Raiders
13,,14,2025-12-07,Sun,,DEN,,,,,,,,,,,,,,,,,,,,,,,,,,,,,,,,,,,,,,,,,,Las Vegas Raiders
14,,15,2025-12-14,Sun,@,PHI,,,,,,,,,,,,,,,,,,,,,,,,,,,,,,,,,,,,,,,,,,Las Vegas Raiders
15,,16,2025-12-21,Sun,@,HOU,,,,,,,,,,,,,,,,,,,,,,,,,,,,,,,,,,,,,,,,,,Las Vegas Raiders
16,,17,2025-12-28,Sun,,NYG,,,,,,,,,,,,,,,,,,,,,,,,,,,,,,,,,,,,,,,,,,Las Vegas Raiders
17,,18,2026-01-04,Sun,,KAN,,,,,,,,,,,,,,,,,,,,,,,,,,,,,,,,,,,,,,,,,,Las Vegas Raiders
1,1,1,2025-09-07,Sun,@,IND,L,8,33,,19,31,61.3,133,1,4.3,2.03,54.9,3,13,12,78,0,6.5,46,211,4.59,0,0,0,0,1,42,9,3,0,12,5,10,1,2,3,15,1,2,3,21:17,Miami Dolphins
2,,2,2025-09-14,Sun,,NWE,,,,,,,,,,,,,,,,,,,,,,,,,,,,,,,,,,,,,,,,,,Miami Dolphins
3,,3,2025-09-18,Thu,@,BUF,,,,,,,,,,,,,,,,,,,,,,,,,,,,,,,,,,,,,,,,,,Miami Dolphins
4,,4,2025-09-29,Mon,,NYJ,,,,,,,,,,,,,,,,,,,,,,,,,,,,,,,,,,,,,,,,,,Miami Dolphins
5,,5,2025-10-05,Sun,@,CAR,,,,,,,,,,,,,,,,,,,,,,,,,,,,,,,,,,,,,,,,,,Miami Dolphins
6,,6,2025-10-12,Sun,,LAC,,,,,,,,,,,,,,,,,,,,,,,,,,,,,,,,,,,,,,,,,,Miami Dolphins
7,,7,2025-10-19,Sun,@,CLE,,,,,,,,,,,,,,,,,,,,,,,,,,,,,,,,,,,,,,,,,,Miami Dolphins
8,,8,2025-10-26,Sun,@,ATL,,,,,,,,,,,,,,,,,,,,,,,,,,,,,,,,,,,,,,,,,,Miami Dolphins
9,,9,2025-10-30,Thu,,BAL,,,,,,,,,,,,,,,,,,,,,,,,,,,,,,,,,,,,,,,,,,Miami Dolphins
10,,10,2025-11-09,Sun,,BUF,,,,,,,,,,,,,,,,,,,,,,,,,,,,,,,,,,,,,,,,,,Miami Dolphins
11,,11,2025-11-16,Sun,,WAS,,,,,,,,,,,,,,,,,,,,,,,,,,,,,,,,,,,,,,,,,,Miami Dolphins
12,,13,2025-11-30,Sun,,NOR,,,,,,,,,,,,,,,,,,,,,,,,,,,,,,,,,,,,,,,,,,Miami Dolphins
13,,14,2025-12-07,Sun,@,NYJ,,,,,,,,,,,,,,,,,,,,,,,,,,,,,,,,,,,,,,,,,,Miami Dolphins
14,,15,2025-12-15,Mon,@,PIT,,,,,,,,,,,,,,,,,,,,,,,,,,,,,,,,,,,,,,,,,,Miami Dolphins
15,,16,2025-12-21,Sun,,CIN,,,,,,,,,,,,,,,,,,,,,,,,,,,,,,,,,,,,,,,,,,Miami Dolphins
16,,17,2025-12-28,Sun,,TAM,,,,,,,,,,,,,,,,,,,,,,,,,,,,,,,,,,,,,,,,,,Miami Dolphins
17,,18,2026-01-04,Sun,@,NWE,,,,,,,,,,,,,,,,,,,,,,,,,,,,,,,,,,,,,,,,,,Miami Dolphins
1,1,1,2025-09-08,Mon,@,CHI,W,27,24,,13,20,65.0,134,2,6.7,6.45,96.7,3,9,26,120,1,4.6,49,254,5.18,2,2,1,1,7,333,5,6,3,14,3,12,0,0,8,50,0,1,1,27:07,Minnesota Vikings
2,,2,2025-09-14,Sun,,ATL,,,,,,,,,,,,,,,,,,,,,,,,,,,,,,,,,,,,,,,,,,Minnesota Vikings
3,,3,2025-09-21,Sun,,CIN,,,,,,,,,,,,,,,,,,,,,,,,,,,,,,,,,,,,,,,,,,Minnesota Vikings
4,,4,2025-09-28,Sun,@,PIT,,,,,,,,,,,,,,,,,,,,,,,,,,,,,,,,,,,,,,,,,,Minnesota Vikings
5,,5,2025-10-05,Sun,@,CLE,,,,,,,,,,,,,,,,,,,,,,,,,,,,,,,,,,,,,,,,,,Minnesota Vikings
6,,7,2025-10-19,Sun,,PHI,,,,,,,,,,,,,,,,,,,,,,,,,,,,,,,,,,,,,,,,,,Minnesota Vikings
7,,8,2025-10-23,Thu,@,LAC,,,,,,,,,,,,,,,,,,,,,,,,,,,,,,,,,,,,,,,,,,Minnesota Vikings
8,,9,2025-11-02,Sun,@,DET,,,,,,,,,,,,,,,,,,,,,,,,,,,,,,,,,,,,,,,,,,Minnesota Vikings
9,,10,2025-11-09,Sun,,BAL,,,,,,,,,,,,,,,,,,,,,,,,,,,,,,,,,,,,,,,,,,Minnesota Vikings
10,,11,2025-11-16,Sun,,CHI,,,,,,,,,,,,,,,,,,,,,,,,,,,,,,,,,,,,,,,,,,Minnesota Vikings
11,,12,2025-11-23,Sun,@,GNB,,,,,,,,,,,,,,,,,,,,,,,,,,,,,,,,,,,,,,,,,,Minnesota Vikings
12,,13,2025-11-30,Sun,@,SEA,,,,,,,,,,,,,,,,,,,,,,,,,,,,,,,,,,,,,,,,,,Minnesota Vikings
13,,14,2025-12-07,Sun,,WAS,,,,,,,,,,,,,,,,,,,,,,,,,,,,,,,,,,,,,,,,,,Minnesota Vikings
14,,15,2025-12-14,Sun,@,DAL,,,,,,,,,,,,,,,,,,,,,,,,,,,,,,,,,,,,,,,,,,Minnesota Vikings
15,,16,2025-12-21,Sun,@,NYG,,,,,,,,,,,,,,,,,,,,,,,,,,,,,,,,,,,,,,,,,,Minnesota Vikings
16,,17,2025-12-25,Thu,,DET,,,,,,,,,,,,,,,,,,,,,,,,,,,,,,,,,,,,,,,,,,Minnesota Vikings
17,,18,2026-01-04,Sun,,GNB,,,,,,,,,,,,,,,,,,,,,,,,,,,,,,,,,,,,,,,,,,Minnesota Vikings
1,1,1,2025-09-07,Sun,,LVR,L,13,20,,30,46,65.2,276,1,6.0,5.46,79.6,4,11,18,60,0,3.3,68,336,4.94,3,2,1,1,6,244,15,2,1,18,4,14,1,1,8,70,0,1,1,30:05,New England Patriots
2,,2,2025-09-14,Sun,@,MIA,,,,,,,,,,,,,,,,,,,,,,,,,,,,,,,,,,,,,,,,,,New England Patriots
3,,3,2025-09-21,Sun,,PIT,,,,,,,,,,,,,,,,,,,,,,,,,,,,,,,,,,,,,,,,,,New England Patriots
4,,4,2025-09-28,Sun,,CAR,,,,,,,,,,,,,,,,,,,,,,,,,,,,,,,,,,,,,,,,,,New England Patriots
5,,5,2025-10-05,Sun,@,BUF,,,,,,,,,,,,,,,,,,,,,,,,,,,,,,,,,,,,,,,,,,New England Patriots
6,,6,2025-10-12,Sun,@,NOR,,,,,,,,,,,,,,,,,,,,,,,,,,,,,,,,,,,,,,,,,,New England Patriots
7,,7,2025-10-19,Sun,@,TEN,,,,,,,,,,,,,,,,,,,,,,,,,,,,,,,,,,,,,,,,,,New England Patriots
8,,8,2025-10-26,Sun,,CLE,,,,,,,,,,,,,,,,,,,,,,,,,,,,,,,,,,,,,,,,,,New England Patriots
9,,9,2025-11-02,Sun,,ATL,,,,,,,,,,,,,,,,,,,,,,,,,,,,,,,,,,,,,,,,,,New England Patriots
10,,10,2025-11-09,Sun,@,TAM,,,,,,,,,,,,,,,,,,,,,,,,,,,,,,,,,,,,,,,,,,New England Patriots
11,,11,2025-11-13,Thu,,NYJ,,,,,,,,,,,,,,,,,,,,,,,,,,,,,,,,,,,,,,,,,,New England Patriots
12,,12,2025-11-23,Sun,@,CIN,,,,,,,,,,,,,,,,,,,,,,,,,,,,,,,,,,,,,,,,,,New England Patriots
13,,13,2025-12-01,Mon,,NYG,,,,,,,,,,,,,,,,,,,,,,,,,,,,,,,,,,,,,,,,,,New England Patriots
14,,15,2025-12-14,Sun,,BUF,,,,,,,,,,,,,,,,,,,,,,,,,,,,,,,,,,,,,,,,,,New England Patriots
15,,16,2025-12-21,Sun,@,BAL,,,,,,,,,,,,,,,,,,,,,,,,,,,,,,,,,,,,,,,,,,New England Patriots
16,,17,2025-12-28,Sun,@,NYJ,,,,,,,,,,,,,,,,,,,,,,,,,,,,,,,,,,,,,,,,,,New England Patriots
17,,18,2026-01-04,Sun,,MIA,,,,,,,,,,,,,,,,,,,,,,,,,,,,,,,,,,,,,,,,,,New England Patriots
1,1,1,2025-09-07,Sun,,ARI,L,13,20,,27,46,58.7,208,0,4.5,4.52,69.8,1,6,22,107,1,4.9,69,315,4.57,3,2,1,1,4,202,12,5,4,21,5,14,1,2,13,89,0,0,0,26:14,New Orleans Saints
2,,2,2025-09-14,Sun,,SFO,,,,,,,,,,,,,,,,,,,,,,,,,,,,,,,,,,,,,,,,,,New Orleans Saints
3,,3,2025-09-21,Sun,@,SEA,,,,,,,,,,,,,,,,,,,,,,,,,,,,,,,,,,,,,,,,,,New Orleans Saints
4,,4,2025-09-28,Sun,@,BUF,,,,,,,,,,,,,,,,,,,,,,,,,,,,,,,,,,,,,,,,,,New Orleans Saints
5,,5,2025-10-05,Sun,,NYG,,,,,,,,,,,,,,,,,,,,,,,,,,,,,,,,,,,,,,,,,,New Orleans Saints
6,,6,2025-10-12,Sun,,NWE,,,,,,,,,,,,,,,,,,,,,,,,,,,,,,,,,,,,,,,,,,New Orleans Saints
7,,7,2025-10-19,Sun,@,CHI,,,,,,,,,,,,,,,,,,,,,,,,,,,,,,,,,,,,,,,,,,New Orleans Saints
8,,8,2025-10-26,Sun,,TAM,,,,,,,,,,,,,,,,,,,,,,,,,,,,,,,,,,,,,,,,,,New Orleans Saints
9,,9,2025-11-02,Sun,@,LAR,,,,,,,,,,,,,,,,,,,,,,,,,,,,,,,,,,,,,,,,,,New Orleans Saints
10,,10,2025-11-09,Sun,@,CAR,,,,,,,,,,,,,,,,,,,,,,,,,,,,,,,,,,,,,,,,,,New Orleans Saints
11,,12,2025-11-23,Sun,,ATL,,,,,,,,,,,,,,,,,,,,,,,,,,,,,,,,,,,,,,,,,,New Orleans Saints
12,,13,2025-11-30,Sun,@,MIA,,,,,,,,,,,,,,,,,,,,,,,,,,,,,,,,,,,,,,,,,,New Orleans Saints
13,,14,2025-12-07,Sun,@,TAM,,,,,,,,,,,,,,,,,,,,,,,,,,,,,,,,,,,,,,,,,,New Orleans Saints
14,,15,2025-12-14,Sun,,CAR,,,,,,,,,,,,,,,,,,,,,,,,,,,,,,,,,,,,,,,,,,New Orleans Saints
15,,16,2025-12-21,Sun,,NYJ,,,,,,,,,,,,,,,,,,,,,,,,,,,,,,,,,,,,,,,,,,New Orleans Saints
16,,17,2025-12-28,Sun,@,TEN,,,,,,,,,,,,,,,,,,,,,,,,,,,,,,,,,,,,,,,,,,New Orleans Saints
17,,18,2026-01-04,Sun,@,ATL,,,,,,,,,,,,,,,,,,,,,,,,,,,,,,,,,,,,,,,,,,New Orleans Saints
1,1,1,2025-09-07,Sun,@,WAS,L,6,21,,17,37,45.9,157,0,4.2,4.24,58.1,2,11,23,74,0,3.2,62,231,3.73,2,2,0,0,6,287,9,4,4,17,4,16,1,2,6,35,0,0,0,30:32,New York Giants
2,,2,2025-09-14,Sun,@,DAL,,,,,,,,,,,,,,,,,,,,,,,,,,,,,,,,,,,,,,,,,,New York Giants
3,,3,2025-09-21,Sun,,KAN,,,,,,,,,,,,,,,,,,,,,,,,,,,,,,,,,,,,,,,,,,New York Giants
4,,4,2025-09-28,Sun,,LAC,,,,,,,,,,,,,,,,,,,,,,,,,,,,,,,,,,,,,,,,,,New York Giants
5,,5,2025-10-05,Sun,@,NOR,,,,,,,,,,,,,,,,,,,,,,,,,,,,,,,,,,,,,,,,,,New York Giants
6,,6,2025-10-09,Thu,,PHI,,,,,,,,,,,,,,,,,,,,,,,,,,,,,,,,,,,,,,,,,,New York Giants
7,,7,2025-10-19,Sun,@,DEN,,,,,,,,,,,,,,,,,,,,,,,,,,,,,,,,,,,,,,,,,,New York Giants
8,,8,2025-10-26,Sun,@,PHI,,,,,,,,,,,,,,,,,,,,,,,,,,,,,,,,,,,,,,,,,,New York Giants
9,,9,2025-11-02,Sun,,SFO,,,,,,,,,,,,,,,,,,,,,,,,,,,,,,,,,,,,,,,,,,New York Giants
10,,10,2025-11-09,Sun,@,CHI,,,,,,,,,,,,,,,,,,,,,,,,,,,,,,,,,,,,,,,,,,New York Giants
11,,11,2025-11-16,Sun,,GNB,,,,,,,,,,,,,,,,,,,,,,,,,,,,,,,,,,,,,,,,,,New York Giants
12,,12,2025-11-23,Sun,@,DET,,,,,,,,,,,,,,,,,,,,,,,,,,,,,,,,,,,,,,,,,,New York Giants
13,,13,2025-12-01,Mon,@,NWE,,,,,,,,,,,,,,,,,,,,,,,,,,,,,,,,,,,,,,,,,,New York Giants
14,,15,2025-12-14,Sun,,WAS,,,,,,,,,,,,,,,,,,,,,,,,,,,,,,,,,,,,,,,,,,New York Giants
15,,16,2025-12-21,Sun,,MIN,,,,,,,,,,,,,,,,,,,,,,,,,,,,,,,,,,,,,,,,,,New York Giants
16,,17,2025-12-28,Sun,@,LVR,,,,,,,,,,,,,,,,,,,,,,,,,,,,,,,,,,,,,,,,,,New York Giants
17,,18,2026-01-04,Sun,,DAL,,,,,,,,,,,,,,,,,,,,,,,,,,,,,,,,,,,,,,,,,,New York Giants
1,1,1,2025-09-07,Sun,,PIT,L,32,34,,16,22,72.7,212,1,9.6,10.55,118.0,1,6,39,182,3,4.7,62,394,6.35,2,2,2,2,2,94,9,13,1,23,7,14,1,2,7,74,1,0,1,34:43,New York Jets
2,,2,2025-09-14,Sun,,BUF,,,,,,,,,,,,,,,,,,,,,,,,,,,,,,,,,,,,,,,,,,New York Jets
3,,3,2025-09-21,Sun,@,TAM,,,,,,,,,,,,,,,,,,,,,,,,,,,,,,,,,,,,,,,,,,New York Jets
4,,4,2025-09-29,Mon,@,MIA,,,,,,,,,,,,,,,,,,,,,,,,,,,,,,,,,,,,,,,,,,New York Jets
5,,5,2025-10-05,Sun,,DAL,,,,,,,,,,,,,,,,,,,,,,,,,,,,,,,,,,,,,,,,,,New York Jets
6,,6,2025-10-12,Sun,,DEN,,,,,,,,,,,,,,,,,,,,,,,,,,,,,,,,,,,,,,,,,,New York Jets
7,,7,2025-10-19,Sun,,CAR,,,,,,,,,,,,,,,,,,,,,,,,,,,,,,,,,,,,,,,,,,New York Jets
8,,8,2025-10-26,Sun,@,CIN,,,,,,,,,,,,,,,,,,,,,,,,,,,,,,,,,,,,,,,,,,New York Jets
9,,10,2025-11-09,Sun,,CLE,,,,,,,,,,,,,,,,,,,,,,,,,,,,,,,,,,,,,,,,,,New York Jets
10,,11,2025-11-13,Thu,@,NWE,,,,,,,,,,,,,,,,,,,,,,,,,,,,,,,,,,,,,,,,,,New York Jets
11,,12,2025-11-23,Sun,@,BAL,,,,,,,,,,,,,,,,,,,,,,,,,,,,,,,,,,,,,,,,,,New York Jets
12,,13,2025-11-30,Sun,,ATL,,,,,,,,,,,,,,,,,,,,,,,,,,,,,,,,,,,,,,,,,,New York Jets
13,,14,2025-12-07,Sun,,MIA,,,,,,,,,,,,,,,,,,,,,,,,,,,,,,,,,,,,,,,,,,New York Jets
14,,15,2025-12-14,Sun,@,JAX,,,,,,,,,,,,,,,,,,,,,,,,,,,,,,,,,,,,,,,,,,New York Jets
15,,16,2025-12-21,Sun,@,NOR,,,,,,,,,,,,,,,,,,,,,,,,,,,,,,,,,,,,,,,,,,New York Jets
16,,17,2025-12-28,Sun,,NWE,,,,,,,,,,,,,,,,,,,,,,,,,,,,,,,,,,,,,,,,,,New York Jets
17,,18,2026-01-04,Sun,@,BUF,,,,,,,,,,,,,,,,,,,,,,,,,,,,,,,,,,,,,,,,,,New York Jets
1,1,1,2025-09-04,Thu,,DAL,W,24,20,,19,23,82.6,144,0,6.3,6.26,92.8,1,8,38,158,3,4.2,62,302,4.87,1,1,3,3,3,146,6,14,0,20,8,13,0,0,9,110,0,0,0,34:52,Philadelphia Eagles
2,,2,2025-09-14,Sun,@,KAN,,,,,,,,,,,,,,,,,,,,,,,,,,,,,,,,,,,,,,,,,,Philadelphia Eagles
3,,3,2025-09-21,Sun,,LAR,,,,,,,,,,,,,,,,,,,,,,,,,,,,,,,,,,,,,,,,,,Philadelphia Eagles
4,,4,2025-09-28,Sun,@,TAM,,,,,,,,,,,,,,,,,,,,,,,,,,,,,,,,,,,,,,,,,,Philadelphia Eagles
5,,5,2025-10-05,Sun,,DEN,,,,,,,,,,,,,,,,,,,,,,,,,,,,,,,,,,,,,,,,,,Philadelphia Eagles
6,,6,2025-10-09,Thu,@,NYG,,,,,,,,,,,,,,,,,,,,,,,,,,,,,,,,,,,,,,,,,,Philadelphia Eagles
7,,7,2025-10-19,Sun,@,MIN,,,,,,,,,,,,,,,,,,,,,,,,,,,,,,,,,,,,,,,,,,Philadelphia Eagles
8,,8,2025-10-26,Sun,,NYG,,,,,,,,,,,,,,,,,,,,,,,,,,,,,,,,,,,,,,,,,,Philadelphia Eagles
9,,10,2025-11-10,Mon,@,GNB,,,,,,,,,,,,,,,,,,,,,,,,,,,,,,,,,,,,,,,,,,Philadelphia Eagles
10,,11,2025-11-16,Sun,,DET,,,,,,,,,,,,,,,,,,,,,,,,,,,,,,,,,,,,,,,,,,Philadelphia Eagles
11,,12,2025-11-23,Sun,@,DAL,,,,,,,,,,,,,,,,,,,,,,,,,,,,,,,,,,,,,,,,,,Philadelphia Eagles
12,,13,2025-11-28,Fri,,CHI,,,,,,,,,,,,,,,,,,,,,,,,,,,,,,,,,,,,,,,,,,Philadelphia Eagles
13,,14,2025-12-08,Mon,@,LAC,,,,,,,,,,,,,,,,,,,,,,,,,,,,,,,,,,,,,,,,,,Philadelphia Eagles
14,,15,2025-12-14,Sun,,LVR,,,,,,,,,,,,,,,,,,,,,,,,,,,,,,,,,,,,,,,,,,Philadelphia Eagles
15,,16,2025-12-20,Sat,@,WAS,,,,,,,,,,,,,,,,,,,,,,,,,,,,,,,,,,,,,,,,,,Philadelphia Eagles
16,,17,2025-12-28,Sun,@,BUF,,,,,,,,,,,,,,,,,,,,,,,,,,,,,,,,,,,,,,,,,,Philadelphia Eagles
17,,18,2026-01-04,Sun,,WAS,,,,,,,,,,,,,,,,,,,,,,,,,,,,,,,,,,,,,,,,,,Philadelphia Eagles
1,1,1,2025-09-07,Sun,@,NYJ,W,34,32,,22,30,73.3,218,4,7.3,9.93,133.1,4,26,20,53,0,2.7,54,271,5.02,2,2,4,4,4,190,14,2,3,19,4,10,0,0,4,26,0,0,0,25:17,Pittsburgh Steelers
2,,2,2025-09-14,Sun,,SEA,,,,,,,,,,,,,,,,,,,,,,,,,,,,,,,,,,,,,,,,,,Pittsburgh Steelers
3,,3,2025-09-21,Sun,@,NWE,,,,,,,,,,,,,,,,,,,,,,,,,,,,,,,,,,,,,,,,,,Pittsburgh Steelers
4,,4,2025-09-28,Sun,,MIN,,,,,,,,,,,,,,,,,,,,,,,,,,,,,,,,,,,,,,,,,,Pittsburgh Steelers
5,,6,2025-10-12,Sun,,CLE,,,,,,,,,,,,,,,,,,,,,,,,,,,,,,,,,,,,,,,,,,Pittsburgh Steelers
6,,7,2025-10-16,Thu,@,CIN,,,,,,,,,,,,,,,,,,,,,,,,,,,,,,,,,,,,,,,,,,Pittsburgh Steelers
7,,8,2025-10-26,Sun,,GNB,,,,,,,,,,,,,,,,,,,,,,,,,,,,,,,,,,,,,,,,,,Pittsburgh Steelers
8,,9,2025-11-02,Sun,,IND,,,,,,,,,,,,,,,,,,,,,,,,,,,,,,,,,,,,,,,,,,Pittsburgh Steelers
9,,10,2025-11-09,Sun,@,LAC,,,,,,,,,,,,,,,,,,,,,,,,,,,,,,,,,,,,,,,,,,Pittsburgh Steelers
10,,11,2025-11-16,Sun,,CIN,,,,,,,,,,,,,,,,,,,,,,,,,,,,,,,,,,,,,,,,,,Pittsburgh Steelers
11,,12,2025-11-23,Sun,@,CHI,,,,,,,,,,,,,,,,,,,,,,,,,,,,,,,,,,,,,,,,,,Pittsburgh Steelers
12,,13,2025-11-30,Sun,,BUF,,,,,,,,,,,,,,,,,,,,,,,,,,,,,,,,,,,,,,,,,,Pittsburgh Steelers
13,,14,2025-12-07,Sun,@,BAL,,,,,,,,,,,,,,,,,,,,,,,,,,,,,,,,,,,,,,,,,,Pittsburgh Steelers
14,,15,2025-12-15,Mon,,MIA,,,,,,,,,,,,,,,,,,,,,,,,,,,,,,,,,,,,,,,,,,Pittsburgh Steelers
15,,16,2025-12-21,Sun,@,DET,,,,,,,,,,,,,,,,,,,,,,,,,,,,,,,,,,,,,,,,,,Pittsburgh Steelers
16,,17,2025-12-28,Sun,@,CLE,,,,,,,,,,,,,,,,,,,,,,,,,,,,,,,,,,,,,,,,,,Pittsburgh Steelers
17,,18,2026-01-04,Sun,,BAL,,,,,,,,,,,,,,,,,,,,,,,,,,,,,,,,,,,,,,,,,,Pittsburgh Steelers
1,1,1,2025-09-07,Sun,,SFO,L,13,17,,16,23,69.6,146,0,6.3,6.35,86.5,1,4,26,84,1,3.2,50,230,4.60,2,2,1,1,5,259,6,6,2,14,3,10,0,0,4,30,2,0,2,22:02,Seattle Seahawks
2,,2,2025-09-14,Sun,@,PIT,,,,,,,,,,,,,,,,,,,,,,,,,,,,,,,,,,,,,,,,,,Seattle Seahawks
3,,3,2025-09-21,Sun,,NOR,,,,,,,,,,,,,,,,,,,,,,,,,,,,,,,,,,,,,,,,,,Seattle Seahawks
4,,4,2025-09-25,Thu,@,ARI,,,,,,,,,,,,,,,,,,,,,,,,,,,,,,,,,,,,,,,,,,Seattle Seahawks
5,,5,2025-10-05,Sun,,TAM,,,,,,,,,,,,,,,,,,,,,,,,,,,,,,,,,,,,,,,,,,Seattle Seahawks
6,,6,2025-10-12,Sun,@,JAX,,,,,,,,,,,,,,,,,,,,,,,,,,,,,,,,,,,,,,,,,,Seattle Seahawks
7,,7,2025-10-20,Mon,,HOU,,,,,,,,,,,,,,,,,,,,,,,,,,,,,,,,,,,,,,,,,,Seattle Seahawks
8,,9,2025-11-02,Sun,@,WAS,,,,,,,,,,,,,,,,,,,,,,,,,,,,,,,,,,,,,,,,,,Seattle Seahawks
9,,10,2025-11-09,Sun,,ARI,,,,,,,,,,,,,,,,,,,,,,,,,,,,,,,,,,,,,,,,,,Seattle Seahawks
10,,11,2025-11-16,Sun,@,LAR,,,,,,,,,,,,,,,,,,,,,,,,,,,,,,,,,,,,,,,,,,Seattle Seahawks
11,,12,2025-11-23,Sun,@,TEN,,,,,,,,,,,,,,,,,,,,,,,,,,,,,,,,,,,,,,,,,,Seattle Seahawks
12,,13,2025-11-30,Sun,,MIN,,,,,,,,,,,,,,,,,,,,,,,,,,,,,,,,,,,,,,,,,,Seattle Seahawks
13,,14,2025-12-07,Sun,@,ATL,,,,,,,,,,,,,,,,,,,,,,,,,,,,,,,,,,,,,,,,,,Seattle Seahawks
14,,15,2025-12-14,Sun,,IND,,,,,,,,,,,,,,,,,,,,,,,,,,,,,,,,,,,,,,,,,,Seattle Seahawks
15,,16,2025-12-18,Thu,,LAR,,,,,,,,,,,,,,,,,,,,,,,,,,,,,,,,,,,,,,,,,,Seattle Seahawks
16,,17,2025-12-28,Sun,@,CAR,,,,,,,,,,,,,,,,,,,,,,,,,,,,,,,,,,,,,,,,,,Seattle Seahawks
17,,18,2026-01-04,Sun,@,SFO,,,,,,,,,,,,,,,,,,,,,,,,,,,,,,,,,,,,,,,,,,Seattle Seahawks
1,1,1,2025-09-07,Sun,@,SEA,W,17,13,,26,35,74.3,265,2,7.6,6.14,90.8,1,12,36,119,0,3.3,72,384,5.33,3,1,2,2,2,96,15,7,2,24,7,14,2,2,9,61,0,2,2,37:58,San Francisco 49ers
2,,2,2025-09-14,Sun,@,NOR,,,,,,,,,,,,,,,,,,,,,,,,,,,,,,,,,,,,,,,,,,San Francisco 49ers
3,,3,2025-09-21,Sun,,ARI,,,,,,,,,,,,,,,,,,,,,,,,,,,,,,,,,,,,,,,,,,San Francisco 49ers
4,,4,2025-09-28,Sun,,JAX,,,,,,,,,,,,,,,,,,,,,,,,,,,,,,,,,,,,,,,,,,San Francisco 49ers
5,,5,2025-10-02,Thu,@,LAR,,,,,,,,,,,,,,,,,,,,,,,,,,,,,,,,,,,,,,,,,,San Francisco 49ers
6,,6,2025-10-12,Sun,@,TAM,,,,,,,,,,,,,,,,,,,,,,,,,,,,,,,,,,,,,,,,,,San Francisco 49ers
7,,7,2025-10-19,Sun,,ATL,,,,,,,,,,,,,,,,,,,,,,,,,,,,,,,,,,,,,,,,,,San Francisco 49ers
8,,8,2025-10-26,Sun,@,HOU,,,,,,,,,,,,,,,,,,,,,,,,,,,,,,,,,,,,,,,,,,San Francisco 49ers
9,,9,2025-11-02,Sun,@,NYG,,,,,,,,,,,,,,,,,,,,,,,,,,,,,,,,,,,,,,,,,,San Francisco 49ers
10,,10,2025-11-09,Sun,,LAR,,,,,,,,,,,,,,,,,,,,,,,,,,,,,,,,,,,,,,,,,,San Francisco 49ers
11,,11,2025-11-16,Sun,@,ARI,,,,,,,,,,,,,,,,,,,,,,,,,,,,,,,,,,,,,,,,,,San Francisco 49ers
12,,12,2025-11-24,Mon,,CAR,,,,,,,,,,,,,,,,,,,,,,,,,,,,,,,,,,,,,,,,,,San Francisco 49ers
13,,13,2025-11-30,Sun,@,CLE,,,,,,,,,,,,,,,,,,,,,,,,,,,,,,,,,,,,,,,,,,San Francisco 49ers
14,,15,2025-12-14,Sun,,TEN,,,,,,,,,,,,,,,,,,,,,,,,,,,,,,,,,,,,,,,,,,San Francisco 49ers
15,,16,2025-12-22,Mon,@,IND,,,,,,,,,,,,,,,,,,,,,,,,,,,,,,,,,,,,,,,,,,San Francisco 49ers
16,,17,2025-12-28,Sun,,CHI,,,,,,,,,,,,,,,,,,,,,,,,,,,,,,,,,,,,,,,,,,San Francisco 49ers
17,,18,2026-01-04,Sun,,SEA,,,,,,,,,,,,,,,,,,,,,,,,,,,,,,,,,,,,,,,,,,San Francisco 49ers
1,1,1,2025-09-07,Sun,@,ATL,W,23,20,,17,32,53.1,159,3,5.0,6.84,98.3,1,8,23,101,0,4.4,56,260,4.64,2,1,3,2,4,205,10,5,1,16,7,14,1,1,5,60,0,0,0,24:48,Tampa Bay Buccaneers
2,,2,2025-09-15,Mon,@,HOU,,,,,,,,,,,,,,,,,,,,,,,,,,,,,,,,,,,,,,,,,,Tampa Bay Buccaneers
3,,3,2025-09-21,Sun,,NYJ,,,,,,,,,,,,,,,,,,,,,,,,,,,,,,,,,,,,,,,,,,Tampa Bay Buccaneers
4,,4,2025-09-28,Sun,,PHI,,,,,,,,,,,,,,,,,,,,,,,,,,,,,,,,,,,,,,,,,,Tampa Bay Buccaneers
5,,5,2025-10-05,Sun,@,SEA,,,,,,,,,,,,,,,,,,,,,,,,,,,,,,,,,,,,,,,,,,Tampa Bay Buccaneers
6,,6,2025-10-12,Sun,,SFO,,,,,,,,,,,,,,,,,,,,,,,,,,,,,,,,,,,,,,,,,,Tampa Bay Buccaneers
7,,7,2025-10-20,Mon,@,DET,,,,,,,,,,,,,,,,,,,,,,,,,,,,,,,,,,,,,,,,,,Tampa Bay Buccaneers
8,,8,2025-10-26,Sun,@,NOR,,,,,,,,,,,,,,,,,,,,,,,,,,,,,,,,,,,,,,,,,,Tampa Bay Buccaneers
9,,10,2025-11-09,Sun,,NWE,,,,,,,,,,,,,,,,,,,,,,,,,,,,,,,,,,,,,,,,,,Tampa Bay Buccaneers
10,,11,2025-11-16,Sun,@,BUF,,,,,,,,,,,,,,,,,,,,,,,,,,,,,,,,,,,,,,,,,,Tampa Bay Buccaneers
11,,12,2025-11-23,Sun,@,LAR,,,,,,,,,,,,,,,,,,,,,,,,,,,,,,,,,,,,,,,,,,Tampa Bay Buccaneers
12,,13,2025-11-30,Sun,,ARI,,,,,,,,,,,,,,,,,,,,,,,,,,,,,,,,,,,,,,,,,,Tampa Bay Buccaneers
13,,14,2025-12-07,Sun,,NOR,,,,,,,,,,,,,,,,,,,,,,,,,,,,,,,,,,,,,,,,,,Tampa Bay Buccaneers
14,,15,2025-12-11,Thu,,ATL,,,,,,,,,,,,,,,,,,,,,,,,,,,,,,,,,,,,,,,,,,Tampa Bay Buccaneers
15,,16,2025-12-21,Sun,@,CAR,,,,,,,,,,,,,,,,,,,,,,,,,,,,,,,,,,,,,,,,,,Tampa Bay Buccaneers
16,,17,2025-12-28,Sun,@,MIA,,,,,,,,,,,,,,,,,,,,,,,,,,,,,,,,,,,,,,,,,,Tampa Bay Buccaneers
17,,18,2026-01-04,Sun,,CAR,,,,,,,,,,,,,,,,,,,,,,,,,,,,,,,,,,,,,,,,,,Tampa Bay Buccaneers
1,1,1,2025-09-07,Sun,@,DEN,L,12,20,,12,28,42.9,62,0,2.2,2.21,50.3,6,50,21,71,0,3.4,55,133,2.42,4,4,0,0,8,395,5,2,0,7,2,14,0,1,13,131,2,0,2,28:04,Tennessee Titans
2,,2,2025-09-14,Sun,,LAR,,,,,,,,,,,,,,,,,,,,,,,,,,,,,,,,,,,,,,,,,,Tennessee Titans
3,,3,2025-09-21,Sun,,IND,,,,,,,,,,,,,,,,,,,,,,,,,,,,,,,,,,,,,,,,,,Tennessee Titans
4,,4,2025-09-28,Sun,@,HOU,,,,,,,,,,,,,,,,,,,,,,,,,,,,,,,,,,,,,,,,,,Tennessee Titans
5,,5,2025-10-05,Sun,@,ARI,,,,,,,,,,,,,,,,,,,,,,,,,,,,,,,,,,,,,,,,,,Tennessee Titans
6,,6,2025-10-12,Sun,@,LVR,,,,,,,,,,,,,,,,,,,,,,,,,,,,,,,,,,,,,,,,,,Tennessee Titans
7,,7,2025-10-19,Sun,,NWE,,,,,,,,,,,,,,,,,,,,,,,,,,,,,,,,,,,,,,,,,,Tennessee Titans
8,,8,2025-10-26,Sun,@,IND,,,,,,,,,,,,,,,,,,,,,,,,,,,,,,,,,,,,,,,,,,Tennessee Titans
9,,9,2025-11-02,Sun,,LAC,,,,,,,,,,,,,,,,,,,,,,,,,,,,,,,,,,,,,,,,,,Tennessee Titans
10,,11,2025-11-16,Sun,,HOU,,,,,,,,,,,,,,,,,,,,,,,,,,,,,,,,,,,,,,,,,,Tennessee Titans
11,,12,2025-11-23,Sun,,SEA,,,,,,,,,,,,,,,,,,,,,,,,,,,,,,,,,,,,,,,,,,Tennessee Titans
12,,13,2025-11-30,Sun,,JAX,,,,,,,,,,,,,,,,,,,,,,,,,,,,,,,,,,,,,,,,,,Tennessee Titans
13,,14,2025-12-07,Sun,@,CLE,,,,,,,,,,,,,,,,,,,,,,,,,,,,,,,,,,,,,,,,,,Tennessee Titans
14,,15,2025-12-14,Sun,@,SFO,,,,,,,,,,,,,,,,,,,,,,,,,,,,,,,,,,,,,,,,,,Tennessee Titans
15,,16,2025-12-21,Sun,,KAN,,,,,,,,,,,,,,,,,,,,,,,,,,,,,,,,,,,,,,,,,,Tennessee Titans
16,,17,2025-12-28,Sun,,NOR,,,,,,,,,,,,,,,,,,,,,,,,,,,,,,,,,,,,,,,,,,Tennessee Titans
17,,18,2026-01-04,Sun,@,JAX,,,,,,,,,,,,,,,,,,,,,,,,,,,,,,,,,,,,,,,,,,Tennessee Titans
1,1,1,2025-09-07,Sun,,NYG,W,21,6,,19,30,63.3,212,1,7.1,7.73,95.4,3,21,32,220,2,6.9,65,432,6.65,0,0,3,3,5,245,11,11,3,25,4,11,0,0,12,89,0,0,0,29:28,Washington Commanders
2,,2,2025-09-11,Thu,@,GNB,,,,,,,,,,,,,,,,,,,,,,,,,,,,,,,,,,,,,,,,,,Washington Commanders
3,,3,2025-09-21,Sun,,LVR,,,,,,,,,,,,,,,,,,,,,,,,,,,,,,,,,,,,,,,,,,Washington Commanders
4,,4,2025-09-28,Sun,@,ATL,,,,,,,,,,,,,,,,,,,,,,,,,,,,,,,,,,,,,,,,,,Washington Commanders
5,,5,2025-10-05,Sun,@,LAC,,,,,,,,,,,,,,,,,,,,,,,,,,,,,,,,,,,,,,,,,,Washington Commanders
6,,6,2025-10-13,Mon,,CHI,,,,,,,,,,,,,,,,,,,,,,,,,,,,,,,,,,,,,,,,,,Washington Commanders
7,,7,2025-10-19,Sun,@,DAL,,,,,,,,,,,,,,,,,,,,,,,,,,,,,,,,,,,,,,,,,,Washington Commanders
8,,8,2025-10-27,Mon,@,KAN,,,,,,,,,,,,,,,,,,,,,,,,,,,,,,,,,,,,,,,,,,Washington Commanders
9,,9,2025-11-02,Sun,,SEA,,,,,,,,,,,,,,,,,,,,,,,,,,,,,,,,,,,,,,,,,,Washington Commanders
10,,10,2025-11-09,Sun,,DET,,,,,,,,,,,,,,,,,,,,,,,,,,,,,,,,,,,,,,,,,,Washington Commanders
11,,11,2025-11-16,Sun,@,MIA,,,,,,,,,,,,,,,,,,,,,,,,,,,,,,,,,,,,,,,,,,Washington Commanders
12,,13,2025-11-30,Sun,,DEN,,,,,,,,,,,,,,,,,,,,,,,,,,,,,,,,,,,,,,,,,,Washington Commanders
13,,14,2025-12-07,Sun,@,MIN,,,,,,,,,,,,,,,,,,,,,,,,,,,,,,,,,,,,,,,,,,Washington Commanders
14,,15,2025-12-14,Sun,@,NYG,,,,,,,,,,,,,,,,,,,,,,,,,,,,,,,,,,,,,,,,,,Washington Commanders
15,,16,2025-12-20,Sat,,PHI,,,,,,,,,,,,,,,,,,,,,,,,,,,,,,,,,,,,,,,,,,Washington Commanders
16,,17,2025-12-25,Thu,,DAL,,,,,,,,,,,,,,,,,,,,,,,,,,,,,,,,,,,,,,,,,,Washington Commanders
17,,18,2026-01-04,Sun,@,PHI,,,,,,,,,,,,,,,,,,,,,,,,,,,,,,,,,,,,,,,,,,Washington Commanders
