rk,gtm,week,date,day,game_location,opp,result,pts,pts_opp,ot,pass_cmp,pass_att,pass_cmp_pct,pass_yds,pass_td,pass_ya,pass_aya,pass_rate,pass_sk,pass_sk_yds,rush_att,rush_yds,rush_td,rush_ya,plays,total_yds,ypp,fga,fgm,xpa,xpm,punt,punt_yds,first_downs_pass,first_downs_rush,first_downs_pen,first_downs_total,third_down_conv,third_down_att,fourth_down_conv,fourth_down_att,pen,pen_yds,fumbles_lost,turnovers_int,turnovers_total,time_of_poss,team_name
1,1,1,2025-09-07,Sun,@,NOR,W,20,13,,27,46,58.7,208,0,4.5,4.52,69.8,1,6,22,107,1,4.9,69,315,4.57,3,2,1,1,4,202,12,5,4,21,5,14,1,2,13,89,0,0,0,26:14,Arizona Cardinals
2,2,2,2025-09-14,Sun,,CAR,W,27,22,,35,55,63.6,303,3,5.5,5.78,88.7,3,25,19,49,0,2.6,77,352,4.57,1,1,1,1,2,95,19,4,3,26,5,15,3,4,7,83,1,1,2,33:15,Arizona Cardinals
3,3,3,2025-09-21,Sun,@,SFO,L,15,16,,27,41,65.9,282,1,6.9,6.27,83.6,1,2,20,73,0,3.7,62,355,5.73,3,3,1,1,3,128,14,4,1,19,2,10,1,2,5,69,0,1,1,25:21,Arizona Cardinals
4,4,4,2025-09-25,Thu,,SEA,L,20,23,,18,26,69.2,229,1,8.8,9.58,109.3,3,13,35,155,1,4.4,64,384,6.00,4,3,2,2,3,147,11,6,3,20,6,13,0,1,6,74,1,0,1,32:24,Arizona Cardinals
5,5,5,2025-10-05,Sun,,TEN,L,21,22,,21,39,53.8,249,0,6.4,5.23,62.9,2,16,24,78,1,3.3,65,327,5.03,3,3,2,1,5,271,12,6,2,20,5,15,0,1,6,35,1,1,2,27:20,Arizona Cardinals
6,6,6,2025-10-12,Sun,@,IND,L,27,31,,22,30,73.3,205,2,6.8,6.67,100.0,1,7,27,150,2,5.6,58,355,6.12,1,1,4,4,3,165,13,11,1,25,4,8,0,0,5,40,0,1,1,27:55,Arizona Cardinals
7,7,7,2025-10-19,Sun,,GNB,L,23,27,,19,29,65.5,168,1,5.8,6.48,92.3,1,11,23,94,2,4.1,53,262,4.94,2,2,3,3,3,174,10,5,4,19,3,10,2,3,10,94,0,0,0,25:50,Arizona Cardinals
8,8,9,2025-11-03,Mon,@,DAL,W,27,17,,24,39,61.5,210,1,5.4,4.74,73.7,5,40,21,123,0,5.9,65,333,5.12,2,1,2,2,1,41,14,8,0,22,5,12,0,3,6,55,2,1,3,26:40,Arizona Cardinals
9,9,10,2025-11-09,Sun,@,SEA,L,22,44,,10,12,83.3,174,1,14.5,12.42,111.8,1,4,46,198,2,4.3,59,372,6.31,3,3,5,5,0,0,6,14,2,22,6,10,0,0,3,20,2,1,3,33:40,Arizona Cardinals
10,10,11,2025-11-16,Sun,,SFO,L,22,41,,19,26,73.1,186,3,7.2,9.46,131.2,1,14,25,95,2,3.8,52,281,5.40,3,3,4,2,3,139,13,8,3,24,3,9,0,0,1,15,0,0,0,25:45,Arizona Cardinals
11,11,12,2025-11-23,Sun,,JAX,L,24,27,OT,18,30,60.0,237,3,7.9,5.40,78.7,3,19,28,134,0,4.8,61,371,6.08,2,2,3,3,2,96,13,5,0,18,3,11,0,1,7,60,1,3,4,28:33,Arizona Cardinals
12,12,13,2025-11-30,Sun,@,TAM,L,17,20,,18,28,64.3,184,1,6.6,7.29,94.9,2,10,27,95,1,3.5,57,279,4.89,2,2,2,2,5,240,8,5,0,13,7,16,1,1,5,40,0,0,0,30:26,Arizona Cardinals
13,13,14,2025-12-07,Sun,,LAR,L,17,45,,22,31,71.0,281,3,9.1,11.00,131.2,0,0,36,249,3,6.9,67,530,7.91,1,1,6,6,3,140,13,15,2,30,3,8,0,0,5,30,0,0,0,35:04,Arizona Cardinals
14,,15,2025-12-14,Sun,@,HOU,,,,,,,,,,,,,,,,,,,,,,,,,,,,,,,,,,,,,,,,,,Arizona Cardinals
15,,16,2025-12-21,Sun,,ATL,,,,,,,,,,,,,,,,,,,,,,,,,,,,,,,,,,,,,,,,,,Arizona Cardinals
16,,17,2025-12-28,Sun,@,CIN,,,,,,,,,,,,,,,,,,,,,,,,,,,,,,,,,,,,,,,,,,Arizona Cardinals
17,,18,2026-01-04,Sun,@,LAR,,,,,,,,,,,,,,,,,,,,,,,,,,,,,,,,,,,,,,,,,,Arizona Cardinals
1,1,1,2025-09-07,Sun,,TAM,L,20,23,,17,32,53.1,159,3,5.0,6.84,98.3,1,8,23,101,0,4.4,56,260,4.64,2,1,3,2,4,205,10,5,1,16,7,14,1,1,5,60,0,0,0,24:48,Atlanta Falcons
2,2,2,2025-09-14,Sun,@,MIN,W,22,6,,11,21,52.4,120,0,5.7,1.43,30.0,6,38,19,78,0,4.1,46,198,4.30,2,2,0,0,4,204,7,3,0,10,4,11,1,2,8,50,2,2,4,23:28,Atlanta Falcons
3,3,3,2025-09-21,Sun,@,CAR,L,0,30,,16,24,66.7,114,0,4.8,4.75,77.4,1,7,30,110,2,3.7,55,224,4.07,3,3,3,3,3,135,7,7,1,15,3,11,2,2,6,55,1,0,1,31:58,Atlanta Falcons
4,4,4,2025-09-28,Sun,,WAS,W,34,27,,16,27,59.3,147,2,5.4,5.26,83.4,2,9,22,147,0,6.7,51,294,5.76,4,4,1,1,2,89,8,7,2,17,1,8,2,2,6,50,0,1,1,25:45,Atlanta Falcons
5,5,6,2025-10-13,Mon,,BUF,W,24,14,,15,26,57.7,157,2,6.0,4.12,68.9,4,23,24,134,0,5.6,54,291,5.39,0,0,2,2,6,273,8,7,2,17,2,9,0,1,8,64,0,2,2,28:21,Atlanta Falcons
6,6,7,2025-10-19,Sun,@,SFO,L,10,20,,17,26,65.4,150,0,5.8,4.04,64.6,1,2,39,174,2,4.5,66,324,4.91,2,2,2,2,3,143,10,12,1,23,9,15,0,0,3,25,0,1,1,32:10,Atlanta Falcons
7,7,8,2025-10-26,Sun,,MIA,L,10,34,,21,27,77.8,197,4,7.3,10.26,136.7,1,8,37,141,0,3.8,65,338,5.20,2,2,4,4,3,148,10,11,3,24,6,13,1,2,4,54,0,0,0,37:58,Atlanta Falcons
8,8,9,2025-11-02,Sun,@,NWE,L,23,24,,19,29,65.5,221,2,7.6,7.45,97.1,6,38,33,110,1,3.3,68,331,4.87,1,1,3,3,3,150,14,9,0,23,8,12,0,0,2,15,1,1,2,34:05,Atlanta Falcons
9,9,10,2025-11-09,Sun,@,IND,L,25,31,OT,19,26,73.1,196,1,7.5,6.58,91.2,7,59,41,323,3,7.9,74,519,7.01,3,2,2,1,1,44,10,15,0,25,2,12,2,4,7,56,1,1,2,40:20,Atlanta Falcons
10,10,11,2025-11-16,Sun,,CAR,L,27,30,OT,31,45,68.9,419,3,9.3,10.64,120.5,5,29,25,67,0,2.7,75,486,6.48,3,3,1,1,3,140,20,2,0,22,6,17,3,5,8,49,0,0,0,37:07,Atlanta Falcons
11,11,12,2025-11-23,Sun,@,NOR,W,24,10,,30,45,66.7,214,0,4.8,3.76,68.2,5,29,28,79,0,2.8,78,293,3.76,3,1,1,1,3,106,11,8,2,21,5,16,2,5,4,36,1,1,2,32:51,Atlanta Falcons
12,12,13,2025-11-30,Sun,@,NYJ,L,24,27,,19,33,57.6,159,1,4.8,5.42,80.2,2,13,28,110,2,3.9,63,269,4.27,3,2,3,3,6,296,8,7,1,16,7,16,1,1,9,59,0,0,0,27:05,Atlanta Falcons
13,13,14,2025-12-07,Sun,,SEA,L,9,37,,20,30,66.7,236,3,7.9,8.37,109.9,2,13,26,129,0,5.0,58,365,6.29,3,3,4,4,3,148,11,6,3,20,6,13,0,0,6,60,0,1,1,31:20,Atlanta Falcons
14,,15,2025-12-11,Thu,@,TAM,,,,,,,,,,,,,,,,,,,,,,,,,,,,,,,,,,,,,,,,,,Atlanta Falcons
15,,16,2025-12-21,Sun,@,ARI,,,,,,,,,,,,,,,,,,,,,,,,,,,,,,,,,,,,,,,,,,Atlanta Falcons
16,,17,2025-12-29,Mon,,LAR,,,,,,,,,,,,,,,,,,,,,,,,,,,,,,,,,,,,,,,,,,Atlanta Falcons
17,,18,2026-01-04,Sun,,NOR,,,,,,,,,,,,,,,,,,,,,,,,,,,,,,,,,,,,,,,,,,Atlanta Falcons
1,1,1,2025-09-07,Sun,@,BUF,L,40,41,,33,46,71.7,389,2,8.5,9.33,111.6,1,5,31,108,3,3.5,78,497,6.37,3,3,2,2,4,158,18,9,2,29,7,15,1,1,5,38,0,0,0,34:49,Baltimore Ravens
2,2,2,2025-09-14,Sun,,CLE,W,41,17,,28,48,58.3,207,2,4.3,4.21,73.9,2,11,22,115,0,5.2,72,322,4.47,1,1,2,2,6,223,10,7,0,17,7,18,1,3,6,42,1,1,2,31:49,Baltimore Ravens
3,3,3,2025-09-22,Mon,,DET,L,30,38,,20,28,71.4,202,1,7.2,7.93,103.6,0,0,38,224,4,5.9,66,426,6.45,2,1,5,5,3,146,11,12,1,24,7,14,3,3,8,68,0,0,0,33:18,Baltimore Ravens
4,4,4,2025-09-28,Sun,@,KAN,L,20,37,,25,37,67.6,264,4,7.1,9.30,124.2,1,6,32,118,0,3.7,70,382,5.46,4,3,4,4,1,37,15,8,1,24,5,15,4,4,5,40,0,0,0,34:45,Baltimore Ravens
5,5,5,2025-10-05,Sun,,HOU,L,10,44,,25,31,80.6,250,4,8.1,10.65,139.9,2,17,33,167,1,5.1,66,417,6.32,3,3,5,5,1,59,15,8,4,27,7,12,1,1,4,26,0,0,0,36:33,Baltimore Ravens
6,6,6,2025-10-12,Sun,,LAR,L,3,17,,17,26,65.4,167,1,6.4,7.19,96.2,2,14,23,74,1,3.2,51,241,4.73,2,1,2,2,2,113,10,4,1,15,4,10,1,2,6,40,1,0,1,22:05,Baltimore Ravens
7,7,8,2025-10-26,Sun,,CHI,W,30,16,,25,38,65.8,276,0,7.3,6.08,76.2,1,9,23,96,1,4.2,62,372,6.00,4,3,1,1,2,108,13,5,1,19,6,13,0,1,11,79,0,1,1,29:30,Baltimore Ravens
8,8,9,2025-10-30,Thu,@,MIA,W,28,6,,25,40,62.5,245,0,6.1,5.00,69.3,2,16,20,87,0,4.4,62,332,5.35,3,2,0,0,3,128,12,4,1,17,2,12,2,3,5,45,2,1,3,28:17,Baltimore Ravens
9,9,10,2025-11-09,Sun,@,MIN,W,27,19,,20,42,47.6,245,1,5.8,4.17,54.2,1,3,18,120,1,6.7,61,365,5.98,2,2,1,1,2,102,9,6,3,18,3,14,2,5,13,102,1,2,3,27:25,Baltimore Ravens
10,10,11,2025-11-16,Sun,@,CLE,W,23,16,,11,26,42.3,81,0,3.1,1.38,34.3,3,34,25,106,0,4.2,54,187,3.46,3,3,1,1,6,299,4,5,1,10,2,14,0,1,5,41,0,1,1,27:01,Baltimore Ravens
11,11,12,2025-11-23,Sun,,NYJ,W,23,10,,17,28,60.7,204,1,7.3,6.39,80.1,3,18,26,78,0,3.0,57,282,4.95,1,1,1,1,4,152,10,5,0,15,4,11,0,2,6,81,1,1,2,28:13,Baltimore Ravens
12,12,13,2025-11-27,Thu,,CIN,L,14,32,,24,46,52.2,254,2,5.5,6.39,83.1,1,7,33,128,0,3.9,80,382,4.78,6,6,2,2,2,105,11,8,3,22,8,19,1,2,6,35,1,0,1,38:46,Baltimore Ravens
13,13,14,2025-12-07,Sun,,PIT,L,22,27,,23,34,67.6,284,1,8.4,8.94,103.1,0,0,17,34,2,2.0,51,318,6.24,2,2,3,3,4,197,7,4,2,13,6,14,1,1,7,33,0,0,0,26:16,Baltimore Ravens
14,,15,2025-12-14,Sun,@,CIN,,,,,,,,,,,,,,,,,,,,,,,,,,,,,,,,,,,,,,,,,,Baltimore Ravens
15,,16,2025-12-21,Sun,,NWE,,,,,,,,,,,,,,,,,,,,,,,,,,,,,,,,,,,,,,,,,,Baltimore Ravens
16,,17,2025-12-28,Sun,@,GNB,,,,,,,,,,,,,,,,,,,,,,,,,,,,,,,,,,,,,,,,,,Baltimore Ravens
17,,18,2026-01-04,Sun,@,PIT,,,,,,,,,,,,,,,,,,,,,,,,,,,,,,,,,,,,,,,,,,Baltimore Ravens
1,1,1,2025-09-07,Sun,,BAL,W,41,40,,14,19,73.7,194,2,10.2,12.32,141.1,2,15,29,238,3,8.2,50,432,8.64,2,2,5,4,3,152,8,10,1,19,6,11,0,0,7,51,1,0,1,25:11,Buffalo Bills
2,2,2,2025-09-14,Sun,@,NYJ,W,30,10,,10,22,45.5,54,1,2.5,3.36,67.6,4,29,21,100,0,4.8,47,154,3.28,1,1,1,1,7,340,5,5,1,11,0,11,3,3,5,35,1,0,1,21:39,Buffalo Bills
3,3,3,2025-09-18,Thu,,MIA,W,31,21,,22,34,64.7,146,2,4.3,4.15,81.2,0,0,25,130,1,5.2,59,276,4.68,0,0,3,3,4,200,11,8,0,19,10,15,1,1,6,57,0,1,1,28:13,Buffalo Bills
4,4,4,2025-09-28,Sun,,NOR,W,31,19,,18,28,64.3,109,1,3.9,3.00,68.9,3,17,34,189,1,5.6,65,298,4.58,2,2,1,1,3,142,7,14,1,22,5,13,0,2,4,41,0,1,1,28:39,Buffalo Bills
5,5,5,2025-10-05,Sun,,NWE,L,20,23,,22,30,73.3,267,0,8.9,8.90,100.3,4,6,22,71,2,3.2,56,338,6.04,3,3,2,2,4,191,13,5,3,21,3,9,0,0,8,93,1,0,1,25:29,Buffalo Bills
6,6,6,2025-10-13,Mon,@,ATL,L,14,24,,20,32,62.5,233,1,7.3,7.91,94.9,2,17,32,210,2,6.6,66,443,6.71,2,1,3,3,4,180,10,9,3,22,5,12,0,1,6,35,0,0,0,31:39,Buffalo Bills
7,7,8,2025-10-26,Sun,@,CAR,W,40,9,,16,24,66.7,130,0,5.4,3.54,62.8,7,45,28,114,1,4.1,59,244,4.14,2,1,1,0,4,211,11,5,3,19,4,11,1,1,4,20,2,1,3,26:28,Buffalo Bills
8,8,9,2025-11-02,Sun,,KAN,W,28,21,,15,34,44.1,226,0,6.6,5.32,54.3,3,24,20,79,2,4.0,57,305,5.35,2,2,1,1,3,146,10,5,1,16,3,13,2,3,3,25,0,1,1,25:15,Buffalo Bills
9,9,10,2025-11-09,Sun,@,MIA,L,13,30,,15,21,71.4,173,2,8.2,5.86,88.1,0,0,32,197,2,6.2,53,370,6.98,1,1,4,3,3,153,9,9,1,19,3,9,0,0,5,35,0,2,2,28:37,Buffalo Bills
10,10,11,2025-11-16,Sun,,TAM,W,44,32,,16,28,57.1,165,1,5.9,5.00,71.3,1,8,39,202,3,5.2,68,367,5.40,2,2,2,2,4,161,6,13,2,21,9,16,1,1,2,30,1,1,2,35:07,Buffalo Bills
11,11,12,2025-11-20,Thu,@,HOU,L,19,23,,16,30,53.3,153,2,5.1,6.43,90.0,0,0,26,108,0,4.2,56,261,4.66,3,3,2,2,6,286,7,6,2,15,2,12,1,1,5,40,0,0,0,27:38,Buffalo Bills
12,12,13,2025-11-30,Sun,@,PIT,W,26,7,,10,24,41.7,108,0,4.5,2.63,38.2,1,9,18,58,1,3.2,43,166,3.86,0,0,1,1,4,161,4,5,1,10,3,9,0,1,5,67,1,1,2,18:01,Buffalo Bills
13,13,14,2025-12-07,Sun,,CIN,W,39,34,,25,36,69.4,276,4,7.7,7.39,105.8,1,8,19,62,1,3.3,56,338,6.04,0,0,4,4,2,79,18,4,3,25,10,12,0,0,4,30,0,2,2,28:12,Buffalo Bills
14,,15,2025-12-14,Sun,@,NWE,,,,,,,,,,,,,,,,,,,,,,,,,,,,,,,,,,,,,,,,,,Buffalo Bills
15,,16,2025-12-21,Sun,@,CLE,,,,,,,,,,,,,,,,,,,,,,,,,,,,,,,,,,,,,,,,,,Buffalo Bills
16,,17,2025-12-28,Sun,,PHI,,,,,,,,,,,,,,,,,,,,,,,,,,,,,,,,,,,,,,,,,,Buffalo Bills
17,,18,2026-01-04,Sun,,NYJ,,,,,,,,,,,,,,,,,,,,,,,,,,,,,,,,,,,,,,,,,,Buffalo Bills
1,1,1,2025-09-07,Sun,@,JAX,L,10,26,,19,31,61.3,178,1,5.7,4.94,74.4,0,0,32,200,1,6.3,63,378,6.00,4,4,2,2,2,111,9,10,0,19,5,12,2,2,11,93,0,1,1,31:00,Carolina Panthers
2,2,2,2025-09-14,Sun,@,ARI,L,22,27,,17,25,68.0,211,1,8.4,7.44,90.6,1,9,22,82,1,3.7,48,293,6.10,2,2,3,3,2,123,10,5,1,16,3,9,1,1,12,96,0,1,1,26:45,Carolina Panthers
3,3,3,2025-09-21,Sun,,ATL,W,30,0,,23,43,53.5,201,0,4.7,2.58,46.8,0,0,23,131,0,5.7,66,332,5.03,2,0,0,0,3,96,11,6,0,17,5,13,0,3,3,23,1,2,3,28:02,Carolina Panthers
4,4,4,2025-09-28,Sun,@,NWE,L,13,42,,14,18,77.8,203,2,11.3,13.50,150.7,1,0,29,104,3,3.6,48,307,6.40,0,0,6,6,4,205,8,7,1,16,3,9,1,1,7,54,0,0,0,24:46,Carolina Panthers
5,5,5,2025-10-05,Sun,,MIA,W,27,24,,27,36,75.0,229,3,6.4,8.03,118.9,3,27,14,19,0,1.4,53,248,4.68,1,1,3,3,6,312,13,2,0,15,5,13,1,1,9,64,0,0,0,28:46,Carolina Panthers
6,6,6,2025-10-12,Sun,,DAL,W,30,27,,25,34,73.5,261,3,7.7,9.44,124.8,0,0,19,31,0,1.6,53,292,5.51,2,2,3,3,3,143,12,1,2,15,5,12,2,2,6,37,0,0,0,27:58,Carolina Panthers
7,7,7,2025-10-19,Sun,@,NYJ,W,13,6,,16,34,47.1,139,0,4.1,1.44,33.8,6,33,20,81,0,4.1,60,220,3.67,2,2,0,0,5,243,8,3,1,12,7,15,0,1,5,26,0,2,2,24:55,Carolina Panthers
8,8,8,2025-10-26,Sun,,BUF,L,9,40,,14,23,60.9,165,1,7.2,8.04,97.2,2,20,35,245,4,7.0,60,410,6.83,2,2,5,4,3,146,10,12,1,23,7,12,0,0,7,60,0,0,0,33:32,Carolina Panthers
9,9,9,2025-11-02,Sun,@,GNB,W,16,13,,26,37,70.3,265,0,7.2,5.95,79.2,1,8,25,104,1,4.2,63,369,5.86,3,2,1,1,0,0,13,7,0,20,7,13,2,3,7,42,1,1,2,30:10,Carolina Panthers
10,10,10,2025-11-09,Sun,,NOR,L,7,17,,19,28,67.9,266,2,9.5,10.93,122.0,2,16,37,122,0,3.3,67,388,5.79,1,1,2,2,4,177,9,8,0,17,8,17,2,3,6,60,1,0,1,33:21,Carolina Panthers
11,11,11,2025-11-16,Sun,@,ATL,W,30,27,OT,19,30,63.3,223,0,7.4,7.43,85.8,0,0,28,125,3,4.5,58,348,6.00,2,2,3,3,5,255,11,8,4,23,4,11,0,0,6,44,1,0,1,27:43,Carolina Panthers
12,12,12,2025-11-24,Mon,@,SFO,L,9,20,,23,32,71.9,193,1,6.0,2.44,58.5,0,0,38,147,1,3.9,70,340,4.86,2,2,2,2,1,40,11,12,0,23,7,13,2,2,2,6,0,3,3,37:42,Carolina Panthers
13,13,13,2025-11-30,Sun,,LAR,W,31,28,,18,28,64.3,227,2,8.1,6.32,83.5,2,16,21,152,2,7.2,51,379,7.43,0,0,4,4,1,56,12,9,1,22,2,5,0,0,1,5,1,2,3,24:44,Carolina Panthers
14,,15,2025-12-14,Sun,@,NOR,,,,,,,,,,,,,,,,,,,,,,,,,,,,,,,,,,,,,,,,,,Carolina Panthers
15,,16,2025-12-21,Sun,,TAM,,,,,,,,,,,,,,,,,,,,,,,,,,,,,,,,,,,,,,,,,,Carolina Panthers
16,,17,2025-12-28,Sun,,SEA,,,,,,,,,,,,,,,,,,,,,,,,,,,,,,,,,,,,,,,,,,Carolina Panthers
17,,18,2026-01-04,Sun,@,TAM,,,,,,,,,,,,,,,,,,,,,,,,,,,,,,,,,,,,,,,,,,Carolina Panthers
1,1,1,2025-09-08,Mon,,MIN,L,24,27,,13,20,65.0,134,2,6.7,6.45,96.7,3,9,26,120,1,4.6,49,254,5.18,2,2,1,1,7,333,5,6,3,14,3,12,0,0,8,50,0,1,1,27:07,Chicago Bears
2,2,2,2025-09-14,Sun,@,DET,L,21,52,,23,28,82.1,334,5,11.9,15.50,156.0,0,0,30,177,2,5.9,58,511,8.81,2,1,7,7,3,147,15,10,0,25,4,10,1,1,3,28,0,0,0,30:20,Chicago Bears
3,3,3,2025-09-21,Sun,,DAL,W,31,14,,34,45,75.6,275,1,6.1,3.56,70.1,2,17,20,121,0,6.1,67,396,5.91,2,2,0,0,2,102,14,6,3,23,3,11,2,3,4,25,1,3,4,32:58,Chicago Bears
4,4,4,2025-09-28,Sun,@,LVR,W,25,24,,14,21,66.7,117,2,5.6,1.05,73.0,0,0,31,240,1,7.7,52,357,6.87,2,1,3,3,1,60,6,10,1,17,2,8,0,1,5,36,1,3,4,26:50,Chicago Bears
5,5,6,2025-10-13,Mon,@,WAS,W,25,24,,19,26,73.1,205,3,7.9,8.46,118.3,3,6,31,124,0,4.0,60,329,5.48,2,1,3,3,1,30,11,7,4,22,3,8,1,1,5,40,2,1,3,31:34,Chicago Bears
6,6,7,2025-10-19,Sun,,NOR,W,26,14,,20,32,62.5,209,2,6.5,3.56,63.2,4,24,17,44,0,2.6,53,253,4.77,1,0,2,2,3,127,9,3,4,16,3,10,0,2,5,30,1,3,4,23:41,Chicago Bears
7,7,8,2025-10-26,Sun,@,BAL,L,16,30,,17,22,77.3,178,1,8.1,9.00,115.3,2,8,35,177,2,5.1,59,355,6.02,3,3,3,3,2,95,8,13,3,24,4,10,1,1,6,45,0,0,0,30:30,Chicago Bears
8,8,9,2025-11-02,Sun,@,CIN,W,47,42,,31,47,66.0,449,4,9.6,9.34,107.5,3,21,15,46,0,3.1,65,495,7.62,3,2,4,4,1,53,22,3,1,26,5,10,1,1,7,49,1,2,3,25:30,Chicago Bears
9,9,10,2025-11-09,Sun,,NYG,W,24,20,,22,36,61.1,262,0,7.3,7.28,83.3,4,25,30,169,2,5.6,70,431,6.16,2,2,2,2,3,110,11,8,2,21,5,14,1,4,10,69,1,0,1,31:18,Chicago Bears
10,10,11,2025-11-16,Sun,@,MIN,W,19,17,,16,32,50.0,150,1,4.7,2.50,47.7,0,0,22,115,1,5.2,54,265,4.91,1,1,2,2,6,297,10,4,1,15,3,11,1,1,2,15,0,2,2,23:01,Chicago Bears
11,11,12,2025-11-23,Sun,,PIT,W,31,28,,24,31,77.4,159,1,5.1,4.32,85.3,2,12,36,186,2,5.2,69,345,5.00,0,0,4,4,3,106,8,12,2,22,8,14,1,3,6,41,1,1,2,33:09,Chicago Bears
12,12,13,2025-11-28,Fri,@,PHI,W,24,15,,19,34,55.9,230,2,6.8,6.62,84.2,0,0,17,87,0,5.1,51,317,6.22,2,1,1,0,5,245,11,2,1,14,4,12,0,0,7,44,1,1,2,20:42,Chicago Bears
13,13,14,2025-12-07,Sun,@,GNB,L,21,28,,17,25,68.0,220,3,8.8,9.40,118.3,1,14,26,117,1,4.5,52,337,6.48,0,0,4,4,3,145,9,8,0,17,8,12,0,0,6,55,0,1,1,26:31,Chicago Bears
14,,15,2025-12-14,Sun,,CLE,,,,,,,,,,,,,,,,,,,,,,,,,,,,,,,,,,,,,,,,,,Chicago Bears
15,,16,2025-12-20,Sat,,GNB,,,,,,,,,,,,,,,,,,,,,,,,,,,,,,,,,,,,,,,,,,Chicago Bears
16,,17,2025-12-28,Sun,@,SFO,,,,,,,,,,,,,,,,,,,,,,,,,,,,,,,,,,,,,,,,,,Chicago Bears
17,,18,2026-01-04,Sun,,DET,,,,,,,,,,,,,,,,,,,,,,,,,,,,,,,,,,,,,,,,,,Chicago Bears
1,1,1,2025-09-07,Sun,@,CLE,W,17,16,,31,45,68.9,278,1,6.2,4.62,74.1,2,12,24,49,1,2.0,71,327,4.61,2,1,2,1,2,97,13,5,4,22,9,16,2,3,7,53,0,2,2,35:49,Cincinnati Bengals
2,2,2,2025-09-14,Sun,,JAX,W,31,27,,24,42,57.1,261,3,6.2,5.50,79.6,1,10,27,139,0,5.1,70,400,5.71,2,2,3,3,2,95,15,5,1,21,6,13,0,1,6,55,0,2,2,33:11,Cincinnati Bengals
3,3,3,2025-09-21,Sun,@,MIN,L,10,48,,16,24,66.7,183,2,7.6,9.29,117.2,3,19,31,169,2,5.5,58,352,6.07,2,2,6,6,5,220,10,10,2,22,4,12,1,1,13,105,0,0,0,30:56,Cincinnati Bengals
4,4,4,2025-09-29,Mon,@,DEN,L,3,28,,29,42,69.0,326,2,7.8,7.64,97.9,0,0,38,186,2,4.9,80,512,6.40,0,0,4,4,4,199,17,11,1,29,8,14,0,1,7,72,0,1,1,37:58,Cincinnati Bengals
5,5,5,2025-10-05,Sun,,DET,L,24,37,,20,24,83.3,247,4,10.3,13.63,149.1,4,14,33,118,1,3.6,61,365,5.98,0,0,5,5,5,224,15,7,1,23,2,8,0,0,8,56,1,0,1,34:21,Cincinnati Bengals
6,6,6,2025-10-12,Sun,@,GNB,L,18,27,,19,26,73.1,256,1,9.8,8.88,100.8,1,3,33,153,2,4.6,60,409,6.82,2,2,3,3,2,91,11,12,1,24,5,11,1,1,5,40,0,1,1,32:44,Cincinnati Bengals
7,7,7,2025-10-16,Thu,,PIT,W,33,31,,23,34,67.6,249,4,7.3,7.03,103.7,0,0,20,147,0,7.4,54,396,7.33,1,1,4,4,2,84,12,7,0,19,7,10,0,0,7,59,0,2,2,25:28,Cincinnati Bengals
8,8,8,2025-10-26,Sun,,NYJ,L,38,39,,22,33,66.7,248,2,7.5,8.73,109.2,0,0,37,254,2,6.9,70,502,7.17,3,3,2,2,2,81,13,11,1,25,7,15,2,3,4,25,0,0,0,33:40,Cincinnati Bengals
9,9,9,2025-11-02,Sun,,CHI,L,42,47,,22,37,59.5,293,4,7.9,10.08,120.7,2,9,37,283,2,7.6,76,576,7.58,3,2,5,5,2,117,17,11,2,30,8,15,2,2,7,43,0,0,0,34:30,Cincinnati Bengals
10,10,11,2025-11-16,Sun,@,PIT,L,12,34,,21,31,67.7,232,2,7.5,8.77,111.2,1,11,28,111,0,4.0,60,343,5.72,2,2,4,4,3,133,13,6,3,22,7,13,1,1,8,76,0,0,0,30:05,Cincinnati Bengals
11,11,12,2025-11-23,Sun,,NWE,L,20,26,,22,35,62.9,285,1,8.1,7.43,86.0,1,9,31,107,0,3.5,67,392,5.85,4,4,2,2,2,98,12,7,2,21,5,13,0,1,4,52,0,1,1,33:14,Cincinnati Bengals
12,12,13,2025-11-27,Thu,@,BAL,W,32,14,,17,32,53.1,223,0,7.0,5.56,62.4,3,23,22,123,2,5.6,57,346,6.07,0,0,2,2,3,149,7,8,1,16,3,10,1,2,7,53,4,1,5,21:14,Cincinnati Bengals
13,13,14,2025-12-07,Sun,@,BUF,L,34,39,,22,28,78.6,233,3,8.3,10.46,137.1,3,18,29,183,1,6.3,60,416,6.93,1,1,4,4,0,0,13,7,2,22,6,11,3,4,6,68,1,0,1,31:48,Cincinnati Bengals
14,,15,2025-12-14,Sun,,BAL,,,,,,,,,,,,,,,,,,,,,,,,,,,,,,,,,,,,,,,,,,Cincinnati Bengals
15,,16,2025-12-21,Sun,@,MIA,,,,,,,,,,,,,,,,,,,,,,,,,,,,,,,,,,,,,,,,,,Cincinnati Bengals
16,,17,2025-12-28,Sun,,ARI,,,,,,,,,,,,,,,,,,,,,,,,,,,,,,,,,,,,,,,,,,Cincinnati Bengals
17,,18,2026-01-04,Sun,,CLE,,,,,,,,,,,,,,,,,,,,,,,,,,,,,,,,,,,,,,,,,,Cincinnati Bengals
1,1,1,2025-09-07,Sun,,CIN,L,16,17,,14,23,60.9,95,1,4.1,5.00,84.5,3,18,23,46,1,2.0,49,141,2.88,1,1,2,2,6,316,7,3,1,11,7,14,0,0,7,33,0,0,0,24:11,Cleveland Browns
2,2,2,2025-09-14,Sun,@,BAL,L,17,41,,19,29,65.5,197,4,6.8,9.55,124.6,3,28,21,45,0,2.1,53,242,4.57,2,2,5,5,5,259,10,2,2,14,3,12,1,1,6,28,0,0,0,28:11,Cleveland Browns
3,3,3,2025-09-21,Sun,,GNB,W,13,10,,18,25,72.0,149,1,6.0,4.96,83.6,5,34,31,81,0,2.6,61,230,3.77,2,1,1,1,5,265,8,4,2,14,10,18,0,0,14,75,0,1,1,34:14,Cleveland Browns
4,4,4,2025-09-28,Sun,@,DET,L,10,34,,16,27,59.3,168,2,6.2,6.04,86.7,0,0,29,109,1,3.8,56,277,4.95,2,2,4,4,5,221,8,6,2,16,6,14,0,1,6,35,0,1,1,28:16,Cleveland Browns
5,5,5,2025-10-05,Sun,,MIN,L,17,21,,26,35,74.3,252,2,7.2,8.34,113.0,3,16,23,97,1,4.2,61,349,5.72,1,0,3,3,5,286,14,4,2,20,3,9,0,0,7,50,2,0,2,29:31,Cleveland Browns
6,6,6,2025-10-12,Sun,@,PIT,L,9,23,,21,30,70.0,235,2,7.8,9.17,115.3,0,0,28,100,0,3.6,58,335,5.78,4,3,2,2,2,84,11,7,1,19,5,13,0,0,10,59,0,0,0,31:52,Cleveland Browns
7,7,7,2025-10-19,Sun,,MIA,W,31,6,,17,31,54.8,120,0,3.9,-0.48,24.3,4,33,22,99,0,4.5,57,219,3.84,2,2,0,0,4,189,7,3,2,12,1,13,2,4,11,103,1,3,4,28:15,Cleveland Browns
8,8,8,2025-10-26,Sun,@,NWE,L,13,32,,18,24,75.0,245,3,10.2,10.83,129.3,6,37,35,177,0,5.1,65,422,6.49,3,3,3,3,3,124,11,10,2,23,3,11,0,0,7,54,1,1,2,36:12,Cleveland Browns
9,9,10,2025-11-09,Sun,@,NYJ,L,20,27,,6,11,54.5,42,1,3.8,1.55,55.9,3,12,33,127,0,3.8,47,169,3.60,2,2,3,3,5,249,1,8,3,12,3,11,0,0,7,61,0,1,1,25:56,Cleveland Browns
10,10,11,2025-11-16,Sun,,BAL,L,16,23,,14,25,56.0,167,0,6.7,3.08,43.2,5,26,30,184,2,6.1,60,351,5.85,3,3,2,2,4,176,9,8,0,17,5,13,1,1,4,26,1,2,3,32:59,Cleveland Browns
11,11,12,2025-11-23,Sun,@,LVR,W,24,10,,30,44,68.2,208,1,4.7,5.18,86.2,10,77,21,60,0,2.9,75,268,3.57,2,1,1,1,8,374,15,2,2,19,4,17,1,3,13,109,1,0,1,36:26,Cleveland Browns
12,12,13,2025-11-30,Sun,,SFO,L,8,26,,16,30,53.3,161,1,5.4,6.03,80.0,1,7,33,91,2,2.8,64,252,3.94,2,2,2,2,5,178,11,7,1,19,11,17,0,0,3,11,0,0,0,30:10,Cleveland Browns
13,13,14,2025-12-07,Sun,,TEN,L,29,31,,14,28,50.0,108,2,3.9,3.68,68.7,1,9,35,184,2,5.3,64,292,4.56,1,1,4,4,8,383,6,7,0,13,6,17,0,0,11,85,0,1,1,31:56,Cleveland Browns
14,,15,2025-12-14,Sun,@,CHI,,,,,,,,,,,,,,,,,,,,,,,,,,,,,,,,,,,,,,,,,,Cleveland Browns
15,,16,2025-12-21,Sun,,BUF,,,,,,,,,,,,,,,,,,,,,,,,,,,,,,,,,,,,,,,,,,Cleveland Browns
16,,17,2025-12-28,Sun,,PIT,,,,,,,,,,,,,,,,,,,,,,,,,,,,,,,,,,,,,,,,,,Cleveland Browns
17,,18,2026-01-04,Sun,@,CIN,,,,,,,,,,,,,,,,,,,,,,,,,,,,,,,,,,,,,,,,,,Cleveland Browns
1,1,1,2025-09-04,Thu,@,PHI,L,20,24,,19,23,82.6,144,0,6.3,6.26,92.8,1,8,38,158,3,4.2,62,302,4.87,1,1,3,3,3,146,6,14,0,20,8,13,0,0,9,110,0,0,0,34:52,Dallas Cowboys
2,2,2,2025-09-14,Sun,,NYG,W,40,37,OT,30,41,73.2,422,3,10.3,10.66,120.2,3,28,21,84,1,4.0,65,506,7.78,3,3,4,4,3,135,15,6,1,22,6,14,1,2,14,160,0,1,1,32:39,Dallas Cowboys
3,3,3,2025-09-21,Sun,@,CHI,L,14,31,,19,28,67.9,298,4,10.6,13.50,142.6,0,0,29,87,0,3.0,57,385,6.75,1,1,4,4,4,176,11,7,1,19,8,14,1,1,6,41,0,0,0,27:02,Dallas Cowboys
4,4,4,2025-09-28,Sun,,GNB,T,40,40,OT,31,43,72.1,325,3,7.6,8.95,116.9,1,12,35,164,2,4.7,79,489,6.19,2,2,5,4,2,83,16,11,5,32,10,14,1,1,7,53,1,0,1,35:33,Dallas Cowboys
5,5,5,2025-10-05,Sun,@,NYJ,W,37,22,,32,46,69.6,234,2,5.1,5.96,95.7,5,49,22,144,0,6.5,73,378,5.18,2,2,0,0,4,176,14,9,2,25,7,16,1,3,10,61,1,0,1,34:36,Dallas Cowboys
6,6,6,2025-10-12,Sun,@,CAR,L,27,30,,17,25,68.0,194,3,7.8,8.36,114.0,1,5,38,216,0,5.7,64,410,6.41,3,3,3,3,2,98,11,14,2,27,3,8,1,1,6,57,0,1,1,32:02,Dallas Cowboys
7,7,7,2025-10-19,Sun,,WAS,W,44,22,,16,32,50.0,205,1,6.4,5.63,67.8,4,14,28,136,2,4.9,64,341,5.33,0,0,2,2,5,286,8,8,2,18,7,16,0,2,11,118,1,1,2,28:39,Dallas Cowboys
8,8,8,2025-10-26,Sun,@,DEN,L,24,44,,19,29,65.5,247,4,8.5,9.72,117.4,0,0,28,179,2,6.4,57,426,7.47,1,1,5,5,2,80,15,8,2,25,5,8,0,0,7,42,0,1,1,26:28,Dallas Cowboys
9,9,9,2025-11-03,Mon,,ARI,L,17,27,,21,31,67.7,221,2,7.1,8.42,109.7,5,40,29,119,1,4.1,65,340,5.23,2,2,3,3,3,87,14,8,1,23,7,13,0,1,2,10,0,0,0,33:20,Dallas Cowboys
10,10,11,2025-11-17,Mon,@,LVR,W,33,16,,27,42,64.3,209,1,5.0,4.38,74.4,4,29,12,27,0,2.3,58,236,4.07,3,3,1,1,3,160,12,4,1,17,3,12,2,3,6,40,0,1,1,26:24,Dallas Cowboys
11,11,12,2025-11-23,Sun,,PHI,W,24,21,,27,39,69.2,276,1,7.1,7.59,97.8,1,13,18,63,2,3.5,58,339,5.84,1,0,3,3,5,250,14,4,1,19,5,12,0,0,14,96,2,0,2,30:58,Dallas Cowboys
12,12,13,2025-11-27,Thu,,KAN,W,31,28,,23,34,67.6,243,4,7.1,9.50,127.5,3,18,23,119,0,5.2,60,362,6.03,0,0,4,4,5,215,12,7,0,19,5,13,3,3,10,119,0,0,0,29:06,Dallas Cowboys
13,13,14,2025-12-04,Thu,@,DET,L,30,44,,25,34,73.5,299,1,8.8,9.38,109.8,1,10,22,109,4,5.0,57,408,7.16,4,3,5,5,2,84,10,8,2,20,3,8,0,0,8,50,0,0,0,28:37,Dallas Cowboys
14,,15,2025-12-14,Sun,,MIN,,,,,,,,,,,,,,,,,,,,,,,,,,,,,,,,,,,,,,,,,,Dallas Cowboys
15,,16,2025-12-21,Sun,,LAC,,,,,,,,,,,,,,,,,,,,,,,,,,,,,,,,,,,,,,,,,,Dallas Cowboys
16,,17,2025-12-25,Thu,@,WAS,,,,,,,,,,,,,,,,,,,,,,,,,,,,,,,,,,,,,,,,,,Dallas Cowboys
17,,18,2026-01-04,Sun,@,NYG,,,,,,,,,,,,,,,,,,,,,,,,,,,,,,,,,,,,,,,,,,Dallas Cowboys
1,1,1,2025-09-07,Sun,,TEN,W,20,12,,12,28,42.9,62,0,2.2,2.21,50.3,6,50,21,71,0,3.4,55,133,2.42,4,4,0,0,8,395,5,2,0,7,2,14,0,1,13,131,2,0,2,28:04,Denver Broncos
2,2,2,2025-09-14,Sun,@,IND,L,28,29,,23,34,67.6,306,1,9.0,9.59,105.8,1,10,32,167,1,5.2,67,473,7.06,5,5,2,2,0,0,16,6,4,26,6,13,0,2,11,68,0,0,0,32:07,Denver Broncos
3,3,3,2025-09-21,Sun,@,LAC,L,20,23,,28,47,59.6,270,1,5.7,5.21,73.9,5,30,28,106,1,3.8,80,376,4.70,3,3,2,2,5,249,17,6,6,29,8,17,0,0,3,25,1,1,2,36:20,Denver Broncos
4,4,4,2025-09-29,Mon,,CIN,W,28,3,,14,25,56.0,106,0,4.2,4.24,66.4,3,19,15,53,0,3.5,43,159,3.70,1,1,0,0,8,403,3,3,3,9,2,11,0,0,11,65,0,0,0,22:02,Denver Broncos
5,5,5,2025-10-05,Sun,@,PHI,W,21,17,,23,38,60.5,257,2,6.8,7.82,98.2,6,23,11,45,0,4.1,55,302,5.49,1,1,2,2,7,359,11,2,3,16,2,11,0,0,9,55,0,0,0,25:43,Denver Broncos
6,6,6,2025-10-12,Sun,@,NYJ,W,13,11,,9,17,52.9,-10,0,-0.6,-0.59,58.7,9,55,31,92,0,3.0,57,82,1.44,3,3,0,0,7,355,2,6,0,8,2,15,1,2,2,15,0,0,0,28:52,Denver Broncos
7,7,7,2025-10-19,Sun,,NYG,W,33,32,,15,33,45.5,268,3,8.1,8.58,91.5,4,15,32,119,2,3.7,69,387,5.61,0,0,4,2,6,263,12,7,7,26,6,15,2,2,8,36,0,1,1,30:11,Denver Broncos
8,8,8,2025-10-26,Sun,,DAL,W,44,24,,22,35,62.9,231,1,6.6,4.60,67.7,2,15,31,108,2,3.5,68,339,4.99,1,1,3,3,5,252,12,8,4,24,4,11,1,1,9,80,0,2,2,33:32,Denver Broncos
9,9,9,2025-11-02,Sun,@,HOU,W,18,15,,23,40,57.5,191,0,4.8,4.78,69.9,4,25,28,77,0,2.8,72,268,3.72,6,5,0,0,8,420,11,2,2,15,3,17,1,1,4,29,0,0,0,34:36,Denver Broncos
10,10,10,2025-11-06,Thu,,LVR,W,10,7,,16,27,59.3,114,0,4.2,2.56,53.6,6,29,25,74,1,3.0,58,188,3.24,1,0,1,1,8,299,6,4,0,10,4,15,0,1,11,83,0,1,1,29:14,Denver Broncos
11,11,11,2025-11-16,Sun,,KAN,W,22,19,,29,45,64.4,249,1,5.5,4.98,77.0,3,27,14,62,1,4.4,62,311,5.02,2,2,2,1,4,238,13,3,3,19,5,13,0,1,10,69,0,1,1,30:31,Denver Broncos
12,12,13,2025-11-30,Sun,@,WAS,W,27,26,OT,28,50,56.0,276,2,5.5,5.42,76.7,2,18,33,143,1,4.3,85,419,4.93,2,2,2,2,4,169,17,10,3,30,8,17,3,3,5,35,0,1,1,35:00,Denver Broncos
13,13,14,2025-12-07,Sun,@,LVR,W,24,17,,21,32,65.6,189,2,5.9,7.16,102.2,4,24,12,40,0,3.3,48,229,4.77,1,1,2,2,3,143,11,3,2,16,3,9,1,3,3,25,0,0,0,20:57,Denver Broncos
14,,15,2025-12-14,Sun,,GNB,,,,,,,,,,,,,,,,,,,,,,,,,,,,,,,,,,,,,,,,,,Denver Broncos
15,,16,2025-12-21,Sun,,JAX,,,,,,,,,,,,,,,,,,,,,,,,,,,,,,,,,,,,,,,,,,Denver Broncos
16,,17,2025-12-25,Thu,@,KAN,,,,,,,,,,,,,,,,,,,,,,,,,,,,,,,,,,,,,,,,,,Denver Broncos
17,,18,2026-01-04,Sun,,LAC,,,,,,,,,,,,,,,,,,,,,,,,,,,,,,,,,,,,,,,,,,Denver Broncos
1,1,1,2025-09-07,Sun,@,GNB,L,13,27,,16,22,72.7,188,2,8.5,10.36,128.6,0,0,25,78,1,3.1,47,266,5.66,2,2,3,3,3,164,8,4,2,14,4,10,1,1,4,40,0,0,0,24:35,Detroit Lions
2,2,2,2025-09-14,Sun,,CHI,W,52,21,,21,33,63.6,205,2,6.2,6.06,88.6,4,29,27,134,1,5.0,64,339,5.30,0,0,3,3,4,212,11,7,1,19,7,13,0,2,8,50,1,1,2,29:40,Detroit Lions
3,3,3,2025-09-22,Mon,@,BAL,W,38,30,,21,28,75.0,233,3,8.3,10.46,135.0,7,55,19,85,1,4.5,54,318,5.89,1,1,3,3,3,157,14,4,3,21,6,11,0,1,3,10,1,0,1,26:42,Detroit Lions
4,4,4,2025-09-28,Sun,,CLE,W,34,10,,16,35,45.7,170,0,4.9,2.29,36.6,3,14,27,79,1,2.9,65,249,3.83,2,1,1,1,7,314,8,7,1,16,3,14,1,1,6,44,1,2,3,31:44,Detroit Lions
5,5,5,2025-10-05,Sun,@,CIN,W,37,24,,26,40,65.0,237,3,5.9,4.05,74.7,2,14,16,85,0,5.3,58,322,5.55,1,1,3,3,4,220,12,4,5,21,4,11,0,0,6,30,0,3,3,25:39,Detroit Lions
6,6,6,2025-10-12,Sun,@,KAN,L,17,30,,22,30,73.3,243,3,8.1,10.10,130.3,3,14,29,112,1,3.9,62,355,5.73,1,1,4,3,1,46,16,8,2,26,4,10,2,3,0,0,0,0,0,30:37,Detroit Lions
7,7,7,2025-10-20,Mon,,TAM,W,24,9,,28,50,56.0,210,1,4.2,3.70,64.6,4,18,12,41,0,3.4,66,251,3.80,1,1,0,0,6,263,11,2,2,15,4,16,2,5,6,35,1,1,2,28:21,Detroit Lions
8,8,9,2025-11-02,Sun,,MIN,L,24,27,,14,25,56.0,116,2,4.6,4.44,78.1,5,27,29,142,1,4.9,59,258,4.37,2,2,3,3,4,176,8,7,5,20,4,12,0,0,7,56,0,1,1,28:52,Detroit Lions
9,9,10,2025-11-09,Sun,@,WAS,W,44,22,,16,22,72.7,195,2,8.9,10.68,129.9,2,18,27,93,1,3.4,51,288,5.65,1,1,1,1,4,200,9,5,0,14,2,10,3,3,8,61,0,0,0,27:24,Detroit Lions
10,10,11,2025-11-16,Sun,@,PHI,L,9,16,,14,28,50.0,124,0,4.4,4.43,62.2,1,11,40,148,1,3.7,69,272,3.94,3,3,1,1,7,289,6,7,3,16,4,15,0,1,9,78,0,0,0,35:48,Detroit Lions
11,11,12,2025-11-23,Sun,,NYG,W,34,27,OT,19,37,51.4,395,3,10.7,11.08,105.1,1,4,39,122,0,3.1,77,517,6.71,2,2,3,3,3,120,16,6,3,25,8,16,1,3,7,59,0,1,1,37:11,Detroit Lions
12,12,13,2025-11-27,Thu,,GNB,L,24,31,,18,30,60.0,234,4,7.8,10.47,124.2,0,0,30,125,0,4.2,60,359,5.98,1,1,4,4,2,134,11,5,2,18,6,12,3,3,3,20,0,0,0,28:54,Detroit Lions
13,13,14,2025-12-04,Thu,,DAL,W,44,30,,31,47,66.0,326,1,6.9,5.45,75.3,5,50,24,91,1,3.8,76,417,5.49,5,5,1,1,1,62,17,7,1,25,6,15,2,2,7,76,1,2,3,31:23,Detroit Lions
14,,15,2025-12-14,Sun,@,LAR,,,,,,,,,,,,,,,,,,,,,,,,,,,,,,,,,,,,,,,,,,Detroit Lions
15,,16,2025-12-21,Sun,,PIT,,,,,,,,,,,,,,,,,,,,,,,,,,,,,,,,,,,,,,,,,,Detroit Lions
16,,17,2025-12-25,Thu,@,MIN,,,,,,,,,,,,,,,,,,,,,,,,,,,,,,,,,,,,,,,,,,Detroit Lions
17,,18,2026-01-04,Sun,@,CHI,,,,,,,,,,,,,,,,,,,,,,,,,,,,,,,,,,,,,,,,,,Detroit Lions
1,1,1,2025-09-07,Sun,,DET,W,27,13,,31,39,79.5,200,1,5.1,4.49,85.9,4,25,22,46,0,2.1,65,246,3.78,2,2,1,1,3,142,13,2,1,16,5,15,3,4,7,40,0,1,1,35:25,Green Bay Packers
2,2,2,2025-09-11,Thu,,WAS,W,27,18,,24,42,57.1,179,2,4.3,5.21,83.3,4,21,19,51,0,2.7,65,230,3.54,3,1,1,1,4,187,10,3,2,15,5,16,1,3,5,30,0,0,0,27:34,Green Bay Packers
3,3,3,2025-09-21,Sun,@,CLE,L,10,13,,21,36,58.3,125,0,3.5,2.22,53.6,2,17,19,96,1,5.1,57,221,3.88,2,2,1,1,6,291,7,5,3,15,4,13,1,2,8,90,0,1,1,25:46,Green Bay Packers
4,4,4,2025-09-28,Sun,@,DAL,T,40,40,OT,31,40,77.5,319,3,8.0,9.48,124.9,1,0,26,117,2,4.5,67,436,6.51,1,1,5,5,4,190,17,8,1,26,4,11,1,1,11,95,0,0,0,34:27,Green Bay Packers
5,5,6,2025-10-12,Sun,,CIN,W,27,18,,29,45,64.4,213,2,4.7,5.62,90.3,1,6,16,55,0,3.4,62,268,4.32,3,1,1,1,4,211,12,5,3,20,6,15,2,2,3,17,0,0,0,27:16,Green Bay Packers
6,6,7,2025-10-19,Sun,@,ARI,W,27,23,,25,36,69.4,236,2,6.6,7.67,105.8,6,43,28,94,0,3.4,70,330,4.71,3,3,2,2,1,42,13,5,5,23,7,14,0,2,6,55,1,0,1,34:10,Green Bay Packers
7,7,8,2025-10-26,Sun,@,PIT,W,35,25,,24,36,66.7,202,2,5.6,6.72,99.5,3,17,18,93,0,5.2,57,295,5.18,4,4,1,1,4,194,10,4,2,16,1,10,1,1,6,65,1,0,1,28:12,Green Bay Packers
8,8,9,2025-11-02,Sun,,CAR,L,13,16,,11,20,55.0,102,0,5.1,2.85,48.3,1,0,33,163,2,4.9,54,265,4.91,1,1,2,1,3,134,6,11,2,19,4,10,2,2,5,39,0,1,1,29:50,Green Bay Packers
9,9,10,2025-11-10,Mon,,PHI,L,7,10,,15,26,57.7,183,1,7.0,7.81,92.3,0,0,34,111,0,3.3,60,294,4.90,1,1,1,1,5,238,8,4,1,13,7,16,0,2,7,61,1,0,1,32:05,Green Bay Packers
10,10,11,2025-11-16,Sun,@,NYG,W,27,20,,19,29,65.5,194,0,6.7,5.14,70.2,2,7,38,142,3,3.7,69,336,4.87,0,0,3,2,2,90,10,10,2,22,7,14,3,4,6,77,1,1,2,35:56,Green Bay Packers
11,11,12,2025-11-23,Sun,,MIN,W,23,6,,12,19,63.2,52,0,2.7,-2.00,27.6,5,35,20,93,0,4.7,44,145,3.30,2,2,0,0,4,222,3,7,0,10,2,9,0,1,2,29,1,2,3,22:45,Green Bay Packers
12,12,13,2025-11-27,Thu,@,DET,W,31,24,,20,27,74.1,233,2,8.6,10.11,124.5,3,23,30,119,1,4.0,60,352,5.87,1,1,3,3,2,85,12,7,1,20,8,13,0,2,5,22,0,0,0,31:06,Green Bay Packers
13,13,14,2025-12-07,Sun,,CHI,W,28,21,,19,35,54.3,177,2,5.1,4.91,75.5,1,9,32,138,0,4.3,68,315,4.63,2,2,1,1,4,208,12,7,2,21,8,16,1,2,4,17,0,1,1,33:29,Green Bay Packers
14,,15,2025-12-14,Sun,@,DEN,,,,,,,,,,,,,,,,,,,,,,,,,,,,,,,,,,,,,,,,,,Green Bay Packers
15,,16,2025-12-20,Sat,@,CHI,,,,,,,,,,,,,,,,,,,,,,,,,,,,,,,,,,,,,,,,,,Green Bay Packers
16,,17,2025-12-28,Sun,,BAL,,,,,,,,,,,,,,,,,,,,,,,,,,,,,,,,,,,,,,,,,,Green Bay Packers
17,,18,2026-01-04,Sun,@,MIN,,,,,,,,,,,,,,,,,,,,,,,,,,,,,,,,,,,,,,,,,,Green Bay Packers
1,1,1,2025-09-07,Sun,@,LAR,L,9,14,,21,29,72.4,224,1,7.7,8.41,106.1,3,21,25,72,1,2.9,57,296,5.19,0,0,2,2,5,220,13,3,2,18,7,13,1,1,7,60,1,0,1,28:35,Houston Texans
2,2,2,2025-09-15,Mon,,TAM,L,19,20,,25,38,65.8,191,2,5.0,6.08,95.4,4,24,30,169,1,5.6,72,360,5.00,1,0,2,2,6,253,12,9,4,25,6,14,1,1,7,45,0,0,0,37:09,Houston Texans
3,3,3,2025-09-21,Sun,@,JAX,L,10,17,,20,40,50.0,205,0,5.1,4.00,54.7,2,17,24,86,2,3.6,66,291,4.41,2,1,2,2,6,293,10,5,2,17,4,15,0,1,9,70,0,1,1,31:18,Houston Texans
4,4,4,2025-09-28,Sun,,TEN,W,26,0,,10,26,38.5,93,0,3.6,1.85,33.0,2,15,18,82,0,4.6,46,175,3.80,2,0,0,0,5,213,5,3,2,10,2,11,0,1,4,35,0,1,1,21:39,Houston Texans
5,5,5,2025-10-05,Sun,@,BAL,W,44,10,,14,20,70.0,163,0,8.2,1.40,54.8,1,16,19,44,1,2.3,40,207,5.18,2,1,1,1,4,182,7,4,1,12,3,8,0,0,9,49,0,3,3,23:27,Houston Texans
6,6,7,2025-10-20,Mon,@,SEA,L,19,27,,17,32,53.1,198,1,6.2,4.00,56.5,2,15,33,118,2,3.6,67,316,4.72,3,2,3,3,4,205,9,6,4,19,2,14,2,2,12,93,2,2,4,32:17,Houston Texans
7,7,8,2025-10-26,Sun,,SFO,W,26,15,,19,32,59.4,175,2,5.5,5.31,82.2,2,18,10,48,0,4.8,44,223,5.07,0,0,1,1,5,238,10,2,0,12,3,9,0,1,4,30,0,1,1,18:38,Houston Texans
8,8,9,2025-11-02,Sun,,DEN,L,15,18,,18,37,48.6,171,2,4.6,4.49,68.6,1,2,23,100,0,4.3,61,271,4.44,2,1,1,1,8,428,9,6,0,15,6,15,0,0,4,41,1,1,2,25:24,Houston Texans
9,9,10,2025-11-09,Sun,,JAX,W,36,29,,13,23,56.5,119,1,5.2,4.09,67.1,5,39,27,94,1,3.5,55,213,3.87,3,3,2,2,3,137,7,6,6,19,4,11,0,0,9,90,1,1,2,29:00,Houston Texans
10,10,11,2025-11-16,Sun,@,TEN,W,16,13,,24,37,64.9,171,1,4.6,5.16,84.4,3,23,17,58,0,3.4,57,229,4.02,2,2,1,1,6,305,10,2,2,14,6,15,0,0,9,62,1,0,1,28:57,Houston Texans
11,11,12,2025-11-20,Thu,,BUF,W,23,19,,24,34,70.6,183,0,5.4,2.74,58.8,8,70,24,143,1,6.0,66,326,4.94,2,2,2,1,3,136,9,5,0,14,5,16,3,5,6,54,1,2,3,32:22,Houston Texans
12,12,13,2025-11-30,Sun,@,IND,W,20,16,,14,27,51.9,195,2,7.2,8.70,100.1,1,6,23,86,0,3.7,51,281,5.51,1,1,2,1,4,189,9,5,3,17,3,10,0,2,5,33,0,0,0,25:02,Houston Texans
13,13,14,2025-12-07,Sun,@,KAN,W,20,10,,14,33,42.4,148,0,4.5,0.39,18.2,2,12,29,126,1,4.3,64,274,4.28,2,1,1,1,4,188,8,6,1,15,4,14,1,3,5,20,0,3,3,28:02,Houston Texans
14,,15,2025-12-14,Sun,,ARI,,,,,,,,,,,,,,,,,,,,,,,,,,,,,,,,,,,,,,,,,,Houston Texans
15,,16,2025-12-21,Sun,,LVR,,,,,,,,,,,,,,,,,,,,,,,,,,,,,,,,,,,,,,,,,,Houston Texans
16,,17,2025-12-28,Sun,@,LAC,,,,,,,,,,,,,,,,,,,,,,,,,,,,,,,,,,,,,,,,,,Houston Texans
17,,18,2026-01-04,Sun,,IND,,,,,,,,,,,,,,,,,,,,,,,,,,,,,,,,,,,,,,,,,,Houston Texans
1,1,1,2025-09-07,Sun,,MIA,W,33,8,,19,31,61.3,133,1,4.3,2.03,54.9,3,13,12,78,0,6.5,46,211,4.59,0,0,0,0,1,42,9,3,0,12,5,10,1,2,3,15,1,2,3,21:17,Indianapolis Colts
2,2,2,2025-09-14,Sun,,DEN,W,29,28,,22,30,73.3,206,3,6.9,7.37,111.2,0,0,24,118,1,4.9,54,324,6.00,1,0,4,4,3,134,11,7,5,23,4,9,0,0,8,83,0,1,1,27:53,Indianapolis Colts
3,3,3,2025-09-21,Sun,@,TEN,W,41,20,,23,38,60.5,196,1,5.2,4.50,71.8,4,23,23,86,1,3.7,65,282,4.34,4,2,2,2,1,52,11,8,2,21,5,14,1,2,8,68,0,1,1,31:19,Indianapolis Colts
4,4,4,2025-09-28,Sun,@,LAR,L,20,27,,29,41,70.7,360,3,8.8,10.24,122.0,3,15,26,102,0,3.9,70,462,6.60,2,2,3,3,4,211,15,7,2,24,4,12,1,2,7,63,1,0,1,31:44,Indianapolis Colts
5,5,5,2025-10-05,Sun,,LVR,W,40,6,,25,36,69.4,190,0,5.3,2.78,58.8,4,38,25,106,0,4.2,65,296,4.55,3,2,0,0,2,30,12,6,4,22,8,14,1,2,6,65,0,2,2,33:25,Indianapolis Colts
6,6,6,2025-10-12,Sun,,ARI,W,31,27,,27,44,61.4,312,2,7.1,6.98,88.4,2,8,24,88,1,3.7,70,400,5.71,2,2,3,3,2,92,17,7,1,25,9,14,0,1,7,65,0,1,1,32:05,Indianapolis Colts
7,7,7,2025-10-19,Sun,@,LAC,W,38,24,,37,55,67.3,391,3,7.1,6.56,90.8,3,29,16,54,0,3.4,74,445,6.01,1,1,3,3,1,53,19,4,2,25,8,16,3,4,6,35,0,2,2,34:27,Indianapolis Colts
8,8,8,2025-10-26,Sun,,TEN,W,38,14,,22,38,57.9,228,1,6.0,5.34,73.1,4,31,25,113,1,4.5,67,341,5.09,1,0,2,2,5,215,13,5,2,20,6,15,1,3,3,34,0,1,1,34:21,Indianapolis Colts
9,9,9,2025-11-02,Sun,@,PIT,L,20,27,,25,35,71.4,187,1,5.3,5.91,93.4,3,16,23,38,2,1.7,61,225,3.69,2,2,3,3,5,252,10,5,2,17,4,12,1,2,8,46,1,0,1,28:05,Indianapolis Colts
10,10,10,2025-11-09,Sun,,ATL,W,31,25,OT,12,28,42.9,150,1,5.4,6.07,72.0,3,27,29,140,2,4.8,60,290,4.83,1,1,2,2,6,263,10,10,2,22,0,8,0,0,3,35,1,0,1,26:09,Indianapolis Colts
11,11,12,2025-11-23,Sun,@,KAN,L,20,23,OT,29,46,63.0,346,0,7.5,6.54,76.9,4,6,41,148,1,3.6,91,494,5.43,5,5,0,0,3,147,15,13,5,33,7,16,2,2,7,57,1,1,2,42:35,Indianapolis Colts
12,12,13,2025-11-30,Sun,,HOU,L,16,20,,22,35,62.9,256,0,7.3,6.03,73.0,2,20,34,108,2,3.2,71,364,5.13,2,2,2,2,2,96,14,7,3,24,6,13,0,2,9,85,0,1,1,34:58,Indianapolis Colts
13,13,14,2025-12-07,Sun,@,JAX,L,19,36,,18,31,58.1,247,2,8.0,9.26,105.2,0,0,32,103,2,3.2,63,350,5.56,2,2,4,4,3,137,10,8,0,18,7,15,1,2,8,64,1,0,1,30:05,Indianapolis Colts
14,,15,2025-12-14,Sun,@,SEA,,,,,,,,,,,,,,,,,,,,,,,,,,,,,,,,,,,,,,,,,,Indianapolis Colts
15,,16,2025-12-22,Mon,,SFO,,,,,,,,,,,,,,,,,,,,,,,,,,,,,,,,,,,,,,,,,,Indianapolis Colts
16,,17,2025-12-28,Sun,,JAX,,,,,,,,,,,,,,,,,,,,,,,,,,,,,,,,,,,,,,,,,,Indianapolis Colts
17,,18,2026-01-04,Sun,@,HOU,,,,,,,,,,,,,,,,,,,,,,,,,,,,,,,,,,,,,,,,,,Indianapolis Colts
1,1,1,2025-09-07,Sun,,CAR,W,26,10,,18,35,51.4,142,1,4.1,2.06,47.6,1,12,25,113,0,4.5,61,255,4.18,1,1,1,1,2,86,8,5,2,15,8,15,0,2,4,35,1,2,3,29:00,Jacksonville Jaguars
2,2,2,2025-09-14,Sun,@,CIN,L,27,31,,28,45,62.2,302,3,6.7,5.04,76.3,3,15,17,48,1,2.8,65,350,5.38,1,1,4,4,3,166,17,5,2,24,6,14,1,1,3,29,0,3,3,26:49,Jacksonville Jaguars
3,3,3,2025-09-21,Sun,,HOU,W,17,10,,25,38,65.8,184,1,4.8,3.00,63.9,2,20,19,87,0,4.6,59,271,4.59,2,1,1,1,6,261,8,2,3,13,4,15,1,1,7,66,1,2,3,28:42,Jacksonville Jaguars
4,4,4,2025-09-28,Sun,@,SFO,W,26,21,,22,38,57.9,306,2,8.1,6.74,79.5,1,3,24,83,0,3.5,63,389,6.17,2,2,1,1,2,91,17,3,2,22,8,13,0,1,5,54,2,2,4,27:29,Jacksonville Jaguars
5,5,5,2025-10-06,Mon,,KAN,W,31,28,,29,41,70.7,318,1,7.8,7.15,91.3,0,0,22,158,3,7.2,63,476,7.56,0,0,4,4,4,164,15,11,0,26,5,9,0,0,13,109,0,1,1,31:59,Jacksonville Jaguars
6,6,6,2025-10-12,Sun,,SEA,L,12,20,,16,27,59.3,286,2,10.6,12.07,120.3,1,9,26,60,0,2.3,54,346,6.41,2,2,2,2,7,360,10,2,1,13,1,12,0,0,7,56,0,0,0,26:39,Jacksonville Jaguars
7,7,7,2025-10-19,Sun,,LAR,L,7,35,,21,33,63.6,182,5,5.5,8.55,117.7,0,0,29,89,0,3.1,62,271,4.37,0,0,5,5,5,242,14,4,8,26,2,10,2,2,5,45,0,0,0,31:46,Jacksonville Jaguars
8,8,9,2025-11-02,Sun,@,LVR,W,30,29,OT,29,39,74.4,274,4,7.0,7.92,116.8,2,10,19,57,0,3.0,60,331,5.52,1,1,3,2,1,56,17,5,4,26,7,10,0,1,7,55,0,1,1,26:47,Jacksonville Jaguars
9,9,10,2025-11-09,Sun,@,HOU,L,29,36,,27,45,60.0,282,2,6.3,6.16,83.7,2,10,22,130,2,5.9,69,412,5.97,1,1,1,1,2,108,17,8,2,27,10,15,1,2,11,80,1,1,2,31:00,Jacksonville Jaguars
10,10,11,2025-11-16,Sun,,LAC,W,35,6,,13,26,50.0,93,0,3.6,1.85,42.6,3,25,16,42,0,2.6,45,135,3.00,2,2,0,0,4,195,4,3,1,8,3,12,1,3,5,71,0,1,1,22:05,Jacksonville Jaguars
11,11,12,2025-11-23,Sun,@,ARI,W,27,24,OT,34,50,68.0,271,1,5.4,5.82,88.0,6,44,20,55,1,2.8,76,326,4.29,2,1,3,3,6,299,15,6,4,25,5,16,1,3,7,53,0,0,0,37:26,Jacksonville Jaguars
12,12,13,2025-11-30,Sun,@,TEN,W,25,3,,24,38,63.2,121,0,3.2,3.18,68.0,3,20,14,67,0,4.8,55,188,3.42,1,1,0,0,5,232,4,5,2,11,2,12,1,4,10,86,2,0,2,28:34,Jacksonville Jaguars
13,13,14,2025-12-07,Sun,,IND,W,36,19,,23,36,63.9,196,0,5.4,2.94,54.9,1,9,26,89,2,3.4,63,285,4.52,2,2,1,1,2,101,12,5,3,20,6,11,0,1,5,45,1,2,3,29:55,Jacksonville Jaguars
14,,15,2025-12-14,Sun,,NYJ,,,,,,,,,,,,,,,,,,,,,,,,,,,,,,,,,,,,,,,,,,Jacksonville Jaguars
15,,16,2025-12-21,Sun,@,DEN,,,,,,,,,,,,,,,,,,,,,,,,,,,,,,,,,,,,,,,,,,Jacksonville Jaguars
16,,17,2025-12-28,Sun,@,IND,,,,,,,,,,,,,,,,,,,,,,,,,,,,,,,,,,,,,,,,,,Jacksonville Jaguars
17,,18,2026-01-04,Sun,,TEN,,,,,,,,,,,,,,,,,,,,,,,,,,,,,,,,,,,,,,,,,,Jacksonville Jaguars
1,1,1,2025-09-05,Fri,@,LAC,L,21,27,,25,34,73.5,304,3,8.9,10.71,130.0,3,14,25,90,0,3.6,62,394,6.35,2,2,3,3,2,106,16,6,0,22,7,13,1,1,6,49,0,0,0,32:44,Kansas City Chiefs
2,2,2,2025-09-14,Sun,,PHI,L,17,20,,15,22,68.2,94,0,4.3,4.27,76.7,2,7,34,122,2,3.6,58,216,3.72,2,2,2,2,5,274,4,9,3,16,5,14,1,1,6,48,0,0,0,32:34,Kansas City Chiefs
3,3,3,2025-09-21,Sun,@,NYG,W,22,9,,18,32,56.3,151,0,4.7,1.91,42.6,2,9,27,130,1,4.8,61,281,4.61,1,1,1,0,2,61,7,8,4,19,1,10,1,4,7,82,0,2,2,28:10,Kansas City Chiefs
4,4,4,2025-09-28,Sun,,BAL,W,37,20,,23,33,69.7,194,1,5.9,5.12,82.1,3,5,17,166,1,9.8,53,360,6.79,2,2,2,2,1,50,10,7,1,18,3,10,1,4,6,56,1,1,2,25:15,Kansas City Chiefs
5,5,5,2025-10-06,Mon,@,JAX,L,28,31,,18,25,72.0,210,1,8.4,7.40,93.7,3,11,26,109,2,4.2,54,319,5.91,1,1,4,4,2,105,8,9,4,21,5,9,0,1,4,25,1,1,2,28:01,Kansas City Chiefs
6,6,6,2025-10-12,Sun,,DET,W,30,17,,23,29,79.3,199,2,6.9,8.24,118.2,1,4,23,98,0,4.3,53,297,5.60,1,1,2,2,3,138,13,5,0,18,5,11,0,2,4,38,0,0,0,29:23,Kansas City Chiefs
7,7,7,2025-10-19,Sun,,LVR,W,31,0,,12,18,66.7,70,0,3.9,3.89,73.8,1,5,11,25,0,2.3,30,95,3.17,0,0,0,0,6,283,2,0,1,3,0,7,0,1,8,58,1,0,1,17:52,Kansas City Chiefs
8,8,8,2025-10-27,Mon,,WAS,W,28,7,,21,30,70.0,200,1,6.7,4.33,71.5,2,13,20,60,0,3.0,52,260,5.00,0,0,1,1,3,142,9,4,1,14,7,12,0,2,3,35,0,2,2,25:57,Kansas City Chiefs
9,9,9,2025-11-02,Sun,@,BUF,L,21,28,,23,26,88.5,263,1,10.1,10.88,121.6,3,10,35,141,3,4.0,64,404,6.31,1,0,4,4,3,126,13,9,1,23,7,12,0,1,4,40,0,0,0,34:45,Kansas City Chiefs
10,10,11,2025-11-16,Sun,@,DEN,L,19,22,,24,38,63.2,283,0,7.4,7.45,85.7,2,12,21,59,1,2.8,61,342,5.61,5,5,1,1,4,211,11,5,0,16,7,15,0,0,10,147,0,0,0,29:29,Kansas City Chiefs
11,11,12,2025-11-23,Sun,,IND,W,23,20,OT,19,31,61.3,181,2,5.8,7.13,99.0,0,0,19,74,0,3.9,50,255,5.10,2,2,2,2,6,294,6,4,0,10,5,13,0,0,11,83,0,0,0,25:28,Kansas City Chiefs
12,12,13,2025-11-27,Thu,@,DAL,L,28,31,,27,39,69.2,320,2,8.2,8.08,100.4,0,0,26,137,1,5.3,65,457,7.03,3,3,2,2,1,62,15,3,5,23,9,16,1,1,7,50,0,1,1,30:54,Kansas City Chiefs
13,13,14,2025-12-07,Sun,,HOU,L,10,20,,15,31,48.4,186,1,6.0,6.65,78.2,3,17,31,82,1,2.6,65,268,4.12,2,2,2,2,8,329,7,5,2,14,8,18,0,0,8,59,0,0,0,31:58,Kansas City Chiefs
14,,15,2025-12-14,Sun,,LAC,,,,,,,,,,,,,,,,,,,,,,,,,,,,,,,,,,,,,,,,,,Kansas City Chiefs
15,,16,2025-12-21,Sun,@,TEN,,,,,,,,,,,,,,,,,,,,,,,,,,,,,,,,,,,,,,,,,,Kansas City Chiefs
16,,17,2025-12-25,Thu,,DEN,,,,,,,,,,,,,,,,,,,,,,,,,,,,,,,,,,,,,,,,,,Kansas City Chiefs
17,,18,2026-01-04,Sun,@,LVR,,,,,,,,,,,,,,,,,,,,,,,,,,,,,,,,,,,,,,,,,,Kansas City Chiefs
1,1,1,2025-09-05,Fri,,KAN,W,27,21,,24,39,61.5,249,1,6.4,6.90,88.5,2,9,17,98,1,5.8,58,347,5.98,3,3,1,0,3,116,9,8,1,18,5,14,3,3,10,71,0,0,0,27:16,Los Angeles Chargers
2,2,2,2025-09-15,Mon,@,LVR,W,20,9,,24,43,55.8,150,0,3.5,0.35,34.1,3,30,19,68,0,3.6,65,218,3.35,3,3,0,0,2,114,8,5,2,15,9,18,0,2,5,47,0,3,3,31:43,Los Angeles Chargers
3,3,3,2025-09-21,Sun,,DEN,W,23,20,,14,25,56.0,147,1,5.9,6.68,86.6,2,6,21,118,1,5.6,48,265,5.52,2,2,2,2,7,330,5,3,1,9,2,13,2,2,10,90,0,0,0,23:40,Los Angeles Chargers
4,4,4,2025-09-28,Sun,@,NYG,L,18,21,,14,21,66.7,89,1,4.2,5.19,91.2,6,30,42,161,1,3.8,69,250,3.62,2,2,1,1,5,244,6,11,3,20,7,15,0,1,8,43,0,0,0,35:28,Los Angeles Chargers
5,5,5,2025-10-05,Sun,,WAS,L,10,27,,15,26,57.7,226,1,8.7,9.46,99.2,1,5,28,163,2,5.8,55,389,7.07,2,2,3,3,2,101,9,9,4,22,2,7,1,1,7,48,1,0,1,25:41,Los Angeles Chargers
6,6,6,2025-10-12,Sun,@,MIA,W,29,27,,22,33,66.7,204,1,6.2,2.70,55.6,2,9,21,137,2,6.5,56,341,6.09,3,2,3,3,2,111,10,7,2,19,5,11,0,0,4,45,0,3,3,25:41,Los Angeles Chargers
7,7,7,2025-10-19,Sun,,IND,L,24,38,,23,34,67.6,281,2,8.3,9.44,112.5,1,7,23,120,3,5.2,58,401,6.91,1,1,4,3,2,87,14,9,1,24,5,11,3,3,3,42,0,0,0,25:33,Los Angeles Chargers
8,8,8,2025-10-23,Thu,,MIN,W,37,10,,18,31,58.1,130,1,4.2,3.39,65.3,5,27,11,34,0,3.1,47,164,3.49,2,1,1,1,4,184,9,1,2,12,3,11,0,1,8,66,0,1,1,20:56,Los Angeles Chargers
9,9,9,2025-11-02,Sun,@,TEN,W,27,20,,12,21,57.1,118,0,5.6,5.62,73.1,4,27,19,88,0,4.6,44,206,4.68,2,2,2,2,5,187,7,3,0,10,1,9,0,1,7,60,0,0,0,25:40,Los Angeles Chargers
10,10,10,2025-11-09,Sun,,PIT,W,25,10,,16,31,51.6,148,1,4.8,2.52,48.9,3,13,16,73,0,4.6,50,221,4.42,2,1,1,1,4,183,6,4,1,11,2,11,0,1,4,29,1,2,3,22:25,Los Angeles Chargers
11,11,11,2025-11-16,Sun,@,JAX,L,6,35,,14,22,63.6,153,1,7.0,5.82,80.3,0,0,47,192,4,4.1,69,345,5.00,0,0,5,5,0,0,11,16,3,30,5,10,3,5,1,5,0,1,1,37:55,Los Angeles Chargers
12,12,13,2025-11-30,Sun,,LVR,W,31,14,,18,23,78.3,125,2,5.4,5.22,100.2,5,40,18,31,0,1.7,46,156,3.39,0,0,2,2,4,186,9,1,2,12,2,8,0,2,4,50,0,1,1,24:12,Los Angeles Chargers
13,13,14,2025-12-08,Mon,,PHI,W,22,19,OT,21,40,52.5,231,0,5.8,1.28,30.3,1,9,25,134,1,5.4,66,365,5.53,5,4,1,1,3,155,12,5,2,19,4,13,0,0,6,53,1,4,5,29:26,Los Angeles Chargers
14,,15,2025-12-14,Sun,@,KAN,,,,,,,,,,,,,,,,,,,,,,,,,,,,,,,,,,,,,,,,,,Los Angeles Chargers
15,,16,2025-12-21,Sun,@,DAL,,,,,,,,,,,,,,,,,,,,,,,,,,,,,,,,,,,,,,,,,,Los Angeles Chargers
16,,17,2025-12-28,Sun,,HOU,,,,,,,,,,,,,,,,,,,,,,,,,,,,,,,,,,,,,,,,,,Los Angeles Chargers
17,,18,2026-01-04,Sun,@,DEN,,,,,,,,,,,,,,,,,,,,,,,,,,,,,,,,,,,,,,,,,,Los Angeles Chargers
1,1,1,2025-09-07,Sun,,HOU,W,14,9,,19,27,70.4,151,0,5.6,3.93,68.6,3,37,27,114,0,4.2,57,265,4.65,3,3,0,0,4,208,7,8,3,18,2,9,1,1,11,80,1,1,2,31:25,Los Angeles Rams
2,2,2,2025-09-14,Sun,@,TEN,W,33,19,,19,33,57.6,143,1,4.3,4.94,78.2,5,32,26,109,0,4.2,64,252,3.94,4,4,1,1,5,250,10,7,1,18,6,15,1,1,10,62,1,0,1,30:07,Los Angeles Rams
3,3,3,2025-09-21,Sun,@,PHI,L,26,33,,21,32,65.6,202,3,6.3,8.19,114.3,4,24,27,86,1,3.2,63,288,4.57,0,0,3,3,4,222,9,8,2,19,5,14,4,5,5,50,1,0,1,30:35,Los Angeles Rams
4,4,4,2025-09-28,Sun,,IND,W,27,20,,24,33,72.7,248,1,7.5,5.39,78.9,2,14,21,85,1,4.0,56,333,5.95,2,2,2,2,4,209,11,4,2,17,4,12,1,1,11,88,1,2,3,28:16,Los Angeles Rams
5,5,5,2025-10-02,Thu,,SFO,L,23,26,OT,33,49,67.3,333,2,6.8,7.61,100.1,1,9,33,74,0,2.2,83,407,4.90,4,4,2,2,4,168,19,6,2,27,7,18,3,3,8,44,0,0,0,40:04,Los Angeles Rams
6,6,6,2025-10-12,Sun,@,BAL,W,17,3,,21,34,61.8,117,0,3.4,2.12,55.6,4,23,37,179,0,4.8,75,296,3.95,1,1,0,0,1,53,6,11,2,19,7,17,2,6,7,80,2,1,3,37:55,Los Angeles Rams
7,7,7,2025-10-19,Sun,@,JAX,W,35,7,,23,48,47.9,264,1,5.5,5.92,71.9,7,32,19,94,0,4.9,74,358,4.84,1,0,1,1,5,207,13,5,3,21,3,15,2,6,13,119,0,0,0,28:14,Los Angeles Rams
8,8,9,2025-11-02,Sun,,NOR,W,34,10,,15,25,60.0,167,1,6.7,5.68,76.6,1,9,14,57,0,4.1,40,224,5.60,1,1,1,1,4,184,8,1,1,10,2,9,0,2,5,33,1,1,2,16:07,Los Angeles Rams
9,9,10,2025-11-09,Sun,@,SFO,W,42,26,,33,39,84.6,319,3,8.2,8.56,115.7,0,0,21,74,1,3.5,60,393,6.55,0,0,3,2,2,87,16,8,0,24,3,8,1,3,7,45,1,1,2,27:28,Los Angeles Rams
10,10,11,2025-11-16,Sun,,SEA,W,21,19,,29,44,65.9,279,0,6.3,2.25,45.5,0,0,35,135,1,3.9,79,414,5.24,5,4,1,1,2,103,15,9,2,26,7,16,1,1,6,47,0,4,4,37:49,Los Angeles Rams
11,11,12,2025-11-23,Sun,,TAM,W,34,7,,17,34,50.0,70,1,2.1,0.00,41.5,4,33,29,123,0,4.2,67,193,2.88,0,0,1,1,4,169,5,7,2,14,7,17,1,5,2,10,0,2,2,31:48,Los Angeles Rams
12,12,13,2025-11-30,Sun,@,CAR,L,28,31,,15,20,75.0,194,3,9.7,12.70,144.6,2,12,40,164,0,4.1,62,358,5.77,1,1,4,4,3,112,8,9,0,17,7,15,3,3,7,70,0,0,0,35:16,Los Angeles Rams
13,13,14,2025-12-07,Sun,@,ARI,W,45,17,,25,44,56.8,263,2,6.0,5.86,80.0,3,8,14,51,0,3.6,61,314,5.15,2,1,2,2,5,271,15,2,0,17,4,12,0,1,7,42,0,1,1,24:56,Los Angeles Rams
14,,15,2025-12-14,Sun,,DET,,,,,,,,,,,,,,,,,,,,,,,,,,,,,,,,,,,,,,,,,,Los Angeles Rams
15,,16,2025-12-18,Thu,@,SEA,,,,,,,,,,,,,,,,,,,,,,,,,,,,,,,,,,,,,,,,,,Los Angeles Rams
16,,17,2025-12-29,Mon,@,ATL,,,,,,,,,,,,,,,,,,,,,,,,,,,,,,,,,,,,,,,,,,Los Angeles Rams
17,,18,2026-01-04,Sun,,ARI,,,,,,,,,,,,,,,,,,,,,,,,,,,,,,,,,,,,,,,,,,Los Angeles Rams
1,1,1,2025-09-07,Sun,@,NWE,W,20,13,,30,46,65.2,276,1,6.0,5.46,79.6,4,11,18,60,0,3.3,68,336,4.94,3,2,1,1,6,244,15,2,1,18,4,14,1,1,8,70,0,1,1,30:05,Las Vegas Raiders
2,2,2,2025-09-15,Mon,,LAC,L,9,20,,19,27,70.4,236,2,8.7,10.22,121.8,2,6,26,81,0,3.1,55,317,5.76,2,2,2,2,3,158,8,6,1,15,4,11,1,2,6,33,1,0,1,28:17,Las Vegas Raiders
3,3,3,2025-09-21,Sun,@,WAS,L,24,41,,15,21,71.4,199,1,9.5,10.43,117.0,1,8,32,201,3,6.3,54,400,7.41,3,2,5,5,3,138,7,8,2,17,5,10,0,0,7,54,1,0,1,28:07,Las Vegas Raiders
4,4,4,2025-09-28,Sun,,CHI,L,24,25,,22,37,59.5,202,1,5.5,4.78,72.1,1,10,26,69,1,2.7,64,271,4.23,4,4,1,1,3,148,10,5,1,16,7,16,1,1,8,60,0,1,1,33:10,Las Vegas Raiders
5,5,5,2025-10-05,Sun,@,IND,L,6,40,,21,32,65.6,221,2,6.9,8.16,106.4,0,0,25,96,4,3.8,57,317,5.56,0,0,2,2,2,101,12,9,3,24,8,10,0,0,9,77,0,0,0,26:35,Las Vegas Raiders
6,6,6,2025-10-12,Sun,,TEN,W,20,10,,26,38,68.4,160,1,4.2,3.55,74.5,6,62,15,65,0,4.3,59,225,3.81,1,1,1,1,5,220,11,3,1,15,3,13,2,2,7,34,2,1,3,27:34,Las Vegas Raiders
7,7,7,2025-10-19,Sun,@,KAN,L,0,31,,26,35,74.3,282,3,8.1,9.77,126.1,1,4,41,152,1,3.7,77,434,5.64,1,1,4,4,3,106,16,12,2,30,9,15,1,2,5,38,0,0,0,42:08,Las Vegas Raiders
8,8,9,2025-11-02,Sun,,JAX,L,29,30,OT,23,34,67.6,216,0,6.4,5.03,72.7,1,4,42,151,3,3.6,77,367,4.77,3,3,3,3,2,73,9,15,2,26,9,16,3,3,9,80,0,1,1,42:57,Las Vegas Raiders
9,9,10,2025-11-06,Thu,@,DEN,L,7,10,,16,28,57.1,136,1,4.9,2.36,52.1,2,14,27,84,0,3.1,57,220,3.86,2,1,1,1,7,293,5,5,0,10,5,15,0,0,11,78,0,2,2,30:46,Las Vegas Raiders
10,10,11,2025-11-17,Mon,,DAL,L,16,33,,25,33,75.8,267,4,8.1,10.52,138.5,1,1,31,114,0,3.7,65,381,5.86,1,1,4,4,2,93,16,7,1,24,4,10,1,3,6,50,1,0,1,33:36,Las Vegas Raiders
11,11,12,2025-11-23,Sun,,CLE,L,10,24,,11,20,55.0,206,1,10.3,9.05,86.7,1,3,27,64,2,2.4,48,270,5.63,1,1,3,3,8,318,4,4,3,11,3,12,0,0,8,77,1,1,2,23:34,Las Vegas Raiders
12,12,13,2025-11-30,Sun,@,LAC,L,14,31,,16,21,76.2,149,2,7.1,6.86,107.0,3,11,43,192,2,4.5,67,341,5.09,1,1,4,4,2,115,11,8,3,22,12,17,0,1,4,27,0,1,1,35:48,Las Vegas Raiders
13,13,14,2025-12-07,Sun,,DEN,L,17,24,,31,38,81.6,204,0,5.4,5.37,89.0,3,8,31,152,2,4.9,72,356,4.94,1,1,3,3,1,35,14,11,2,27,7,12,1,3,8,50,0,0,0,39:03,Las Vegas Raiders
14,,15,2025-12-14,Sun,@,PHI,,,,,,,,,,,,,,,,,,,,,,,,,,,,,,,,,,,,,,,,,,Las Vegas Raiders
15,,16,2025-12-21,Sun,@,HOU,,,,,,,,,,,,,,,,,,,,,,,,,,,,,,,,,,,,,,,,,,Las Vegas Raiders
16,,17,2025-12-28,Sun,,NYG,,,,,,,,,,,,,,,,,,,,,,,,,,,,,,,,,,,,,,,,,,Las Vegas Raiders
17,,18,2026-01-04,Sun,,KAN,,,,,,,,,,,,,,,,,,,,,,,,,,,,,,,,,,,,,,,,,,Las Vegas Raiders
1,1,1,2025-09-07,Sun,@,IND,L,8,33,,22,29,75.9,262,1,9.0,9.72,114.4,1,10,40,156,2,3.9,70,418,5.97,4,4,3,3,0,0,14,11,2,27,7,15,3,3,4,45,0,0,0,38:43,Miami Dolphins
2,2,2,2025-09-14,Sun,,NWE,L,27,33,,19,23,82.6,211,2,9.2,10.91,133.9,3,19,29,122,1,4.2,55,333,6.05,2,2,3,1,2,136,9,8,1,18,7,12,1,1,12,75,0,0,0,33:45,Miami Dolphins
3,3,3,2025-09-18,Thu,@,BUF,L,21,31,,22,28,78.6,203,3,7.3,9.39,132.6,2,10,27,157,1,5.8,57,360,6.32,2,1,4,4,2,95,12,8,3,23,6,11,0,0,3,35,0,0,0,31:47,Miami Dolphins
4,4,4,2025-09-29,Mon,,NYJ,W,27,21,,20,27,74.1,207,1,7.7,8.41,108.1,2,19,28,197,1,7.0,57,404,7.09,2,2,1,1,2,84,12,9,2,23,4,9,1,2,13,101,3,0,3,29:12,Miami Dolphins
5,5,5,2025-10-05,Sun,@,CAR,L,24,27,,19,30,63.3,179,2,6.0,5.80,88.1,3,19,32,239,1,7.5,65,418,6.43,2,2,3,3,3,161,12,8,6,26,5,11,2,2,8,46,1,1,2,31:14,Miami Dolphins
6,6,6,2025-10-12,Sun,,LAC,L,27,29,,29,38,76.3,263,2,6.9,7.97,112.1,1,1,25,140,0,5.6,64,403,6.30,5,5,2,2,2,94,12,7,1,20,6,15,1,1,7,45,1,0,1,34:19,Miami Dolphins
7,7,7,2025-10-19,Sun,@,CLE,L,6,31,,13,18,72.2,102,0,5.7,5.67,85.9,2,14,33,104,3,3.2,53,206,3.89,1,1,4,4,6,258,6,5,4,15,4,11,0,0,5,37,0,0,0,31:45,Miami Dolphins
8,8,8,2025-10-26,Sun,@,ATL,W,34,10,,21,31,67.7,168,0,5.4,5.42,81.1,1,5,17,45,1,2.6,49,213,4.35,1,1,1,1,4,185,7,3,1,11,2,11,2,4,8,76,1,0,1,22:02,Miami Dolphins
9,9,9,2025-10-30,Thu,,BAL,L,6,28,,18,23,78.3,188,4,8.2,11.65,140.3,2,16,31,150,0,4.8,56,338,6.04,0,0,4,4,6,336,11,7,0,18,5,13,1,1,5,56,0,0,0,31:43,Miami Dolphins
10,10,10,2025-11-09,Sun,,BUF,W,30,13,,28,40,70.0,289,2,7.2,7.10,96.8,3,17,22,87,0,4.0,65,376,5.78,0,0,1,1,4,217,12,4,4,20,5,15,1,2,6,67,2,1,3,31:23,Miami Dolphins
11,11,11,2025-11-16,Sun,,WAS,W,16,13,OT,20,30,66.7,207,1,6.9,6.07,83.6,1,6,33,172,0,5.2,64,379,5.92,4,2,1,1,1,41,10,9,3,22,6,13,1,2,6,31,1,1,2,32:36,Miami Dolphins
12,12,13,2025-11-30,Sun,,NOR,W,21,17,,26,38,68.4,213,2,5.6,5.47,89.0,4,26,27,81,0,3.0,69,294,4.26,1,1,0,0,6,293,12,6,2,20,4,12,0,1,6,45,1,1,2,29:52,Miami Dolphins
13,13,14,2025-12-07,Sun,@,NYJ,W,34,10,,15,34,44.1,142,0,4.2,0.21,19.5,6,27,17,65,0,3.8,57,207,3.63,1,1,1,1,6,326,8,3,1,12,1,12,1,2,6,50,0,3,3,23:53,Miami Dolphins
14,,15,2025-12-15,Mon,@,PIT,,,,,,,,,,,,,,,,,,,,,,,,,,,,,,,,,,,,,,,,,,Miami Dolphins
15,,16,2025-12-21,Sun,,CIN,,,,,,,,,,,,,,,,,,,,,,,,,,,,,,,,,,,,,,,,,,Miami Dolphins
16,,17,2025-12-28,Sun,,TAM,,,,,,,,,,,,,,,,,,,,,,,,,,,,,,,,,,,,,,,,,,Miami Dolphins
17,,18,2026-01-04,Sun,@,NWE,,,,,,,,,,,,,,,,,,,,,,,,,,,,,,,,,,,,,,,,,,Miami Dolphins
1,1,1,2025-09-08,Mon,@,CHI,W,27,24,,21,35,60.0,198,1,5.7,6.23,85.2,2,12,26,119,1,4.6,63,317,5.03,2,1,3,3,6,266,10,7,3,20,3,12,0,1,12,127,1,0,1,32:53,Minnesota Vikings
2,2,2,2025-09-14,Sun,,ATL,L,6,22,,13,21,61.9,108,0,5.1,5.14,75.1,3,27,39,218,1,5.6,63,326,5.17,5,5,1,1,3,137,5,12,2,19,6,15,0,0,5,29,1,0,1,36:32,Minnesota Vikings
3,3,3,2025-09-21,Sun,,CIN,W,48,10,,19,27,70.4,118,1,4.4,1.78,60.4,4,22,21,53,0,2.5,52,171,3.29,1,1,1,1,6,328,6,3,3,12,3,11,0,0,4,45,3,2,5,29:04,Minnesota Vikings
4,4,4,2025-09-28,Sun,@,PIT,L,21,24,,18,22,81.8,182,1,8.3,9.18,116.3,2,18,29,131,2,4.5,53,313,5.91,2,1,3,3,3,146,6,11,2,19,4,10,0,1,5,35,0,0,0,26:26,Minnesota Vikings
5,5,5,2025-10-05,Sun,@,CLE,W,21,17,,19,33,57.6,182,2,5.5,6.73,93.2,2,8,32,140,0,4.4,67,322,4.81,1,1,2,2,8,360,9,8,0,17,3,15,3,3,10,78,0,0,0,30:29,Minnesota Vikings
6,6,7,2025-10-19,Sun,,PHI,L,22,28,,19,23,82.6,316,3,13.7,16.35,158.3,3,10,23,45,0,2.0,49,361,7.37,1,0,4,4,3,146,9,4,0,13,3,10,2,3,8,64,0,0,0,25:58,Minnesota Vikings
7,7,8,2025-10-23,Thu,@,LAC,L,10,37,,18,25,72.0,212,3,8.5,9.08,120.3,2,15,43,207,1,4.8,70,419,5.99,4,3,4,4,0,0,13,14,2,29,9,13,0,0,8,46,0,1,1,39:04,Minnesota Vikings
8,8,9,2025-11-02,Sun,@,DET,W,27,24,,25,37,67.6,240,2,6.5,7.57,103.4,5,44,20,65,1,3.3,62,305,4.92,2,1,3,3,5,238,11,3,1,15,5,17,3,3,10,76,1,0,1,31:08,Minnesota Vikings
9,9,10,2025-11-09,Sun,,BAL,L,19,27,,17,29,58.6,169,1,5.8,6.52,86.7,1,7,36,152,1,4.2,66,321,4.86,5,4,1,1,5,248,9,11,3,23,6,15,0,0,5,62,0,0,0,32:35,Minnesota Vikings
10,10,11,2025-11-16,Sun,,CHI,L,17,19,,16,32,50.0,180,0,5.6,5.63,67.2,2,13,39,140,1,3.6,73,320,4.38,5,4,1,1,6,286,6,13,0,19,7,18,0,0,6,40,0,0,0,36:59,Minnesota Vikings
11,11,12,2025-11-23,Sun,@,GNB,L,6,23,,15,22,68.2,142,0,6.5,6.45,85.8,1,4,42,146,2,3.5,65,288,4.43,3,3,2,2,4,190,8,13,1,22,7,14,0,0,2,10,0,0,0,37:15,Minnesota Vikings
12,12,13,2025-11-30,Sun,@,SEA,L,0,26,,14,26,53.8,94,0,3.6,3.62,62.0,4,34,32,125,1,3.9,62,219,3.53,4,4,2,2,4,203,8,8,1,17,6,15,1,1,4,25,2,0,2,34:21,Minnesota Vikings
13,13,14,2025-12-07,Sun,,WAS,W,31,0,,11,24,45.8,99,0,4.1,0.38,22.7,2,9,23,107,0,4.7,49,206,4.20,0,0,0,0,3,140,6,4,2,12,3,10,1,3,4,34,1,2,3,25:08,Minnesota Vikings
14,,15,2025-12-14,Sun,@,DAL,,,,,,,,,,,,,,,,,,,,,,,,,,,,,,,,,,,,,,,,,,Minnesota Vikings
15,,16,2025-12-21,Sun,@,NYG,,,,,,,,,,,,,,,,,,,,,,,,,,,,,,,,,,,,,,,,,,Minnesota Vikings
16,,17,2025-12-25,Thu,,DET,,,,,,,,,,,,,,,,,,,,,,,,,,,,,,,,,,,,,,,,,,Minnesota Vikings
17,,18,2026-01-04,Sun,,GNB,,,,,,,,,,,,,,,,,,,,,,,,,,,,,,,,,,,,,,,,,,Minnesota Vikings
1,1,1,2025-09-07,Sun,,LVR,L,13,20,,24,34,70.6,333,1,9.8,9.06,99.3,4,29,24,56,1,2.3,62,389,6.27,3,2,2,2,5,249,17,3,1,21,5,13,1,1,9,77,0,1,1,29:55,New England Patriots
2,2,2,2025-09-14,Sun,@,MIA,W,33,27,,26,32,81.3,297,2,9.3,9.13,113.2,5,18,15,61,0,4.1,52,358,6.88,2,2,3,3,2,88,15,1,0,16,4,10,0,2,10,65,0,1,1,26:15,New England Patriots
3,3,3,2025-09-21,Sun,,PIT,L,14,21,,16,23,69.6,139,2,6.0,5.83,96.1,0,0,26,64,1,2.5,49,203,4.14,0,0,3,3,4,169,5,7,5,17,4,9,0,0,8,59,0,1,1,26:40,New England Patriots
4,4,4,2025-09-28,Sun,,CAR,W,42,13,,23,36,63.9,197,2,5.5,6.58,96.6,1,11,28,129,0,4.6,65,326,5.02,1,0,2,1,5,231,11,8,2,21,5,14,1,3,5,29,0,0,0,35:14,New England Patriots
5,5,5,2025-10-05,Sun,@,BUF,W,23,20,,22,31,71.0,245,2,7.9,7.74,102.2,1,8,29,118,0,4.1,61,363,5.95,2,2,2,2,2,70,16,5,4,25,5,9,0,0,11,90,2,1,3,34:31,New England Patriots
6,6,6,2025-10-12,Sun,@,NOR,W,25,19,,20,26,76.9,223,0,8.6,8.58,101.9,2,4,23,73,1,3.2,51,296,5.80,4,4,1,1,2,70,7,7,3,17,3,9,0,0,8,67,1,0,1,28:16,New England Patriots
7,7,7,2025-10-19,Sun,@,TEN,W,31,13,,25,34,73.5,216,1,6.4,5.62,87.4,5,39,12,39,0,3.3,51,255,5.00,2,2,1,1,3,122,14,1,1,16,3,10,0,2,3,15,1,1,2,22:48,New England Patriots
8,8,8,2025-10-26,Sun,,CLE,W,32,13,,21,35,60.0,145,2,4.1,2.71,64.6,1,11,16,68,0,4.3,52,213,4.10,1,0,1,1,4,161,7,4,1,12,2,11,1,3,5,31,0,2,2,23:48,New England Patriots
9,9,9,2025-11-02,Sun,,ATL,W,24,23,,22,37,59.5,217,3,5.9,7.49,103.1,1,4,16,71,0,4.4,54,288,5.33,1,1,3,2,5,217,13,3,1,17,1,10,2,3,5,40,0,0,0,25:55,New England Patriots
10,10,10,2025-11-09,Sun,@,TAM,W,28,23,,28,43,65.1,258,3,6.0,7.40,104.6,2,15,21,113,0,5.4,66,371,5.62,1,1,2,2,6,258,14,9,1,24,5,13,0,1,6,40,0,0,0,32:25,New England Patriots
11,11,11,2025-11-13,Thu,,NYJ,W,27,14,,15,27,55.6,105,1,3.9,4.63,76.9,2,11,28,140,1,5.0,57,245,4.30,0,0,2,2,5,227,5,10,0,15,8,14,0,1,7,62,1,0,1,28:04,New England Patriots
12,12,12,2025-11-23,Sun,@,CIN,W,26,20,,20,38,52.6,187,1,4.9,4.26,64.3,1,10,23,120,0,5.2,62,307,4.95,2,2,2,2,5,227,10,8,2,20,3,13,2,3,6,65,0,1,1,26:46,New England Patriots
13,13,13,2025-12-01,Mon,,NYG,W,33,15,,17,24,70.8,128,1,5.3,6.17,97.2,2,11,27,111,1,4.1,53,239,4.51,0,0,1,1,4,199,4,9,1,14,4,11,0,3,4,30,1,0,1,26:34,New England Patriots
14,,15,2025-12-14,Sun,,BUF,,,,,,,,,,,,,,,,,,,,,,,,,,,,,,,,,,,,,,,,,,New England Patriots
15,,16,2025-12-21,Sun,@,BAL,,,,,,,,,,,,,,,,,,,,,,,,,,,,,,,,,,,,,,,,,,New England Patriots
16,,17,2025-12-28,Sun,@,NYJ,,,,,,,,,,,,,,,,,,,,,,,,,,,,,,,,,,,,,,,,,,New England Patriots
17,,18,2026-01-04,Sun,,MIA,,,,,,,,,,,,,,,,,,,,,,,,,,,,,,,,,,,,,,,,,,New England Patriots
1,1,1,2025-09-07,Sun,,ARI,L,13,20,,21,29,72.4,130,2,4.5,5.86,104.1,5,33,27,146,0,5.4,61,276,4.52,3,2,2,2,4,188,11,5,3,19,6,13,0,0,9,54,0,0,0,33:46,New Orleans Saints
2,2,2,2025-09-14,Sun,,SFO,L,21,26,,26,39,66.7,267,3,6.8,8.38,111.8,3,12,26,77,0,3.0,68,344,5.06,2,2,3,2,4,173,15,5,3,23,8,15,0,0,5,40,1,0,1,30:45,New Orleans Saints
3,3,3,2025-09-21,Sun,@,SEA,L,13,44,,16,21,76.2,233,2,11.1,13.00,143.6,0,0,33,87,2,2.6,54,320,5.93,3,3,5,5,2,92,11,7,4,22,3,9,0,0,8,70,1,0,1,27:45,New Orleans Saints
4,4,4,2025-09-28,Sun,@,BUF,L,19,31,,16,22,72.7,191,2,8.7,8.45,110.2,3,18,32,165,2,5.2,57,356,6.25,1,1,4,4,2,83,10,9,1,20,3,10,0,1,11,55,0,1,1,31:21,New Orleans Saints
5,5,5,2025-10-05,Sun,,NYG,W,26,14,,26,40,65.0,199,2,5.0,3.73,72.8,1,3,29,136,0,4.7,70,335,4.79,0,0,2,2,2,75,10,11,2,23,3,10,3,5,8,95,3,2,5,31:50,New Orleans Saints
6,6,6,2025-10-12,Sun,,NWE,L,19,25,,18,26,69.2,260,3,10.0,12.31,139.9,1,1,31,73,0,2.4,58,333,5.74,1,1,2,2,3,144,12,5,2,19,6,13,1,2,11,65,0,0,0,31:44,New Orleans Saints
7,7,7,2025-10-19,Sun,@,CHI,L,14,26,,15,26,57.7,164,0,6.3,4.58,60.4,1,8,40,222,2,5.6,67,386,5.76,4,4,2,2,3,129,10,13,0,23,3,12,1,1,10,92,0,1,1,36:19,New Orleans Saints
8,8,8,2025-10-26,Sun,,TAM,L,3,23,,15,24,62.5,124,0,5.2,5.17,75.7,3,28,29,88,1,3.0,56,212,3.79,3,3,2,2,3,151,8,5,1,14,3,13,1,2,4,25,1,0,1,32:56,New Orleans Saints
9,9,9,2025-11-02,Sun,@,LAR,L,10,34,,24,32,75.0,267,4,8.3,10.84,138.9,2,14,43,171,1,4.0,77,438,5.69,1,0,5,4,2,100,14,13,3,30,7,14,2,2,3,32,0,0,0,43:53,New Orleans Saints
10,10,10,2025-11-09,Sun,@,CAR,W,17,7,,17,25,68.0,102,0,4.1,2.28,59.1,2,22,23,73,1,3.2,50,175,3.50,1,0,1,1,4,204,6,5,2,13,3,9,0,1,1,5,1,1,2,26:39,New Orleans Saints
11,11,12,2025-11-23,Sun,,ATL,L,10,24,,16,23,69.6,181,2,7.9,7.65,103.7,3,18,29,121,0,4.2,55,302,5.49,3,3,1,1,5,210,7,6,0,13,3,12,1,1,9,82,0,1,1,27:09,New Orleans Saints
12,12,13,2025-11-30,Sun,@,MIA,L,17,21,,12,23,52.2,134,0,5.8,3.87,51.7,4,23,32,164,1,5.1,59,298,5.05,4,4,1,1,4,201,8,8,0,16,4,12,0,1,3,15,0,1,1,30:08,New Orleans Saints
13,13,14,2025-12-07,Sun,@,TAM,W,24,20,,14,30,46.7,122,1,4.1,3.23,55.1,0,0,39,179,1,4.6,69,301,4.36,2,2,2,2,1,31,4,11,4,19,3,13,2,7,7,49,0,1,1,32:12,New Orleans Saints
14,,15,2025-12-14,Sun,,CAR,,,,,,,,,,,,,,,,,,,,,,,,,,,,,,,,,,,,,,,,,,New Orleans Saints
15,,16,2025-12-21,Sun,,NYJ,,,,,,,,,,,,,,,,,,,,,,,,,,,,,,,,,,,,,,,,,,New Orleans Saints
16,,17,2025-12-28,Sun,@,TEN,,,,,,,,,,,,,,,,,,,,,,,,,,,,,,,,,,,,,,,,,,New Orleans Saints
17,,18,2026-01-04,Sun,@,ATL,,,,,,,,,,,,,,,,,,,,,,,,,,,,,,,,,,,,,,,,,,New Orleans Saints
1,1,1,2025-09-07,Sun,@,WAS,L,6,21,,19,30,63.3,212,1,7.1,7.73,95.4,3,21,32,220,2,6.9,65,432,6.65,0,0,3,3,5,245,11,11,3,25,4,11,0,0,12,89,0,0,0,29:28,New York Giants
2,2,2,2025-09-14,Sun,@,DAL,L,37,40,OT,38,52,73.1,343,2,6.6,6.50,95.3,3,18,28,135,2,4.8,83,478,5.76,4,4,4,4,4,191,18,8,6,32,6,14,1,1,12,106,0,1,1,37:21,New York Giants
3,3,3,2025-09-21,Sun,,KAN,L,9,22,,22,37,59.5,201,1,5.4,5.97,83.3,2,23,28,105,1,3.8,67,306,4.57,4,3,2,1,3,139,13,6,3,22,8,15,0,0,8,85,0,0,0,31:50,New York Giants
4,4,4,2025-09-28,Sun,,LAC,W,21,18,,23,41,56.1,186,1,4.5,2.83,55.5,2,17,13,152,1,11.7,56,338,6.04,1,1,1,1,5,244,8,6,3,17,4,12,0,0,14,107,0,2,2,24:32,New York Giants
5,5,5,2025-10-05,Sun,@,NOR,L,14,26,,22,32,68.8,244,1,7.6,8.25,101.6,0,0,30,88,0,2.9,62,332,5.35,6,4,2,2,2,83,10,5,3,18,7,15,1,1,7,43,0,0,0,28:10,New York Giants
6,6,6,2025-10-09,Thu,,PHI,W,34,17,,24,33,72.7,266,1,8.1,7.30,93.7,3,17,20,73,1,3.7,56,339,6.05,1,1,2,2,4,214,14,5,1,20,1,9,2,2,4,46,1,1,2,29:01,New York Giants
7,7,7,2025-10-19,Sun,@,DEN,L,32,33,,27,50,54.0,265,2,5.3,6.10,82.5,2,14,24,142,2,5.9,76,407,5.36,1,1,2,2,6,303,15,8,2,25,4,13,1,2,12,127,0,0,0,29:49,New York Giants
8,8,8,2025-10-26,Sun,@,PHI,L,20,38,,15,20,75.0,151,4,7.6,11.55,135.6,4,28,33,276,1,8.4,57,427,7.49,2,1,5,5,1,57,10,12,1,23,2,8,2,2,5,30,0,0,0,33:15,New York Giants
9,9,9,2025-11-02,Sun,,SFO,L,24,34,,19,24,79.2,221,2,9.2,10.88,132.8,2,14,39,159,2,4.1,65,380,5.85,2,2,4,4,2,87,13,10,2,25,6,11,1,1,6,34,1,0,1,33:11,New York Giants
10,10,10,2025-11-09,Sun,@,CHI,L,20,24,,20,36,55.6,220,1,6.1,6.67,83.1,0,0,28,171,2,6.1,64,391,6.11,1,1,3,3,3,135,11,8,4,23,3,11,1,4,3,25,0,0,0,28:42,New York Giants
11,11,11,2025-11-16,Sun,,GNB,L,20,27,,15,26,57.7,168,3,6.5,8.77,115.5,2,12,23,128,1,5.6,51,296,5.80,0,0,3,1,4,195,11,7,1,19,7,11,0,0,5,48,0,0,0,24:04,New York Giants
12,12,12,2025-11-23,Sun,@,DET,L,27,34,OT,28,42,66.7,257,2,6.1,6.00,89.1,3,22,20,237,2,11.9,65,494,7.60,2,2,4,4,5,200,13,9,1,23,5,12,0,0,9,81,0,1,1,28:30,New York Giants
13,13,13,2025-12-01,Mon,@,NWE,L,15,33,,24,31,77.4,276,2,8.9,10.19,125.2,3,6,29,119,0,4.1,63,395,6.27,5,4,3,3,2,54,14,7,0,21,6,13,1,1,3,30,0,0,0,33:26,New York Giants
14,,15,2025-12-14,Sun,,WAS,,,,,,,,,,,,,,,,,,,,,,,,,,,,,,,,,,,,,,,,,,New York Giants
15,,16,2025-12-21,Sun,,MIN,,,,,,,,,,,,,,,,,,,,,,,,,,,,,,,,,,,,,,,,,,New York Giants
16,,17,2025-12-28,Sun,@,LVR,,,,,,,,,,,,,,,,,,,,,,,,,,,,,,,,,,,,,,,,,,New York Giants
17,,18,2026-01-04,Sun,,DAL,,,,,,,,,,,,,,,,,,,,,,,,,,,,,,,,,,,,,,,,,,New York Giants
1,1,1,2025-09-07,Sun,,PIT,L,32,34,,22,30,73.3,218,4,7.3,9.93,133.1,4,26,20,53,0,2.7,54,271,5.02,2,2,4,4,4,190,14,2,3,19,4,10,0,0,4,26,0,0,0,25:17,New York Jets
2,2,2,2025-09-14,Sun,,BUF,L,10,30,,15,27,55.6,179,0,6.6,6.63,76.0,1,1,43,224,3,5.2,71,403,5.68,3,3,3,3,3,130,9,12,4,25,5,14,2,2,6,69,0,0,0,38:21,New York Jets
3,3,3,2025-09-21,Sun,@,TAM,L,27,29,,19,29,65.5,225,1,7.8,8.45,100.5,1,8,34,122,0,3.6,64,347,5.42,6,5,2,2,4,162,12,4,3,19,4,13,0,0,14,124,0,0,0,32:11,New York Jets
4,4,4,2025-09-29,Mon,@,MIA,L,21,27,,17,25,68.0,177,2,7.1,8.68,114.9,0,0,31,123,1,4.0,56,300,5.36,2,2,3,3,4,192,12,5,2,19,4,12,1,1,6,40,0,0,0,30:48,New York Jets
5,5,5,2025-10-05,Sun,,DAL,L,22,37,,18,29,62.1,236,4,8.1,10.90,127.3,1,1,29,180,1,6.2,59,416,7.05,1,1,5,4,5,228,12,9,1,22,6,13,0,0,11,91,0,0,0,25:24,New York Jets
6,6,6,2025-10-12,Sun,,DEN,L,11,13,,19,30,63.3,168,1,5.6,6.27,89.3,1,6,26,78,0,3.0,57,246,4.32,2,2,1,1,6,291,9,3,0,12,5,15,1,1,6,37,1,0,1,31:08,New York Jets
7,7,7,2025-10-19,Sun,,CAR,L,6,13,,19,32,59.4,177,1,5.5,6.16,85.0,2,21,36,125,0,3.5,70,302,4.31,2,2,1,1,6,276,10,7,0,17,5,17,3,4,6,45,0,0,0,35:05,New York Jets
8,8,8,2025-10-26,Sun,@,CIN,W,39,38,,21,34,61.8,217,2,6.4,7.56,99.8,1,6,23,181,3,7.9,58,398,6.86,1,1,5,5,3,174,11,12,1,24,4,9,0,1,2,15,0,0,0,26:20,New York Jets
9,9,10,2025-11-09,Sun,,CLE,W,27,20,,17,32,53.1,120,2,3.8,5.00,82.8,6,47,32,158,0,4.9,70,278,3.97,2,2,2,2,7,351,8,10,5,23,6,16,0,1,10,78,0,0,0,34:04,New York Jets
10,10,11,2025-11-13,Thu,@,NWE,L,14,27,,25,34,73.5,271,1,8.0,8.56,106.4,1,10,27,65,2,2.4,62,336,5.42,3,2,3,3,3,153,16,4,3,23,6,12,1,1,2,20,0,0,0,31:56,New York Jets
11,11,12,2025-11-23,Sun,@,BAL,L,10,23,,13,23,56.5,143,0,6.2,6.22,75.1,1,10,34,98,2,2.9,58,241,4.16,3,3,2,2,4,246,7,6,3,16,2,11,2,2,5,30,0,0,0,31:47,New York Jets
12,12,13,2025-11-30,Sun,,ATL,W,27,24,,21,33,63.6,222,1,6.7,7.33,93.2,2,12,32,167,2,5.2,67,389,5.81,2,1,3,3,6,233,12,11,2,25,4,12,0,0,1,27,1,0,1,32:55,New York Jets
13,13,14,2025-12-07,Sun,,MIA,L,10,34,,13,21,61.9,119,1,5.7,6.62,93.2,1,8,41,239,3,5.8,63,358,5.68,2,2,4,4,6,259,8,14,1,23,2,10,0,0,5,54,0,0,0,36:07,New York Jets
14,,15,2025-12-14,Sun,@,JAX,,,,,,,,,,,,,,,,,,,,,,,,,,,,,,,,,,,,,,,,,,New York Jets
15,,16,2025-12-21,Sun,@,NOR,,,,,,,,,,,,,,,,,,,,,,,,,,,,,,,,,,,,,,,,,,New York Jets
16,,17,2025-12-28,Sun,,NWE,,,,,,,,,,,,,,,,,,,,,,,,,,,,,,,,,,,,,,,,,,New York Jets
17,,18,2026-01-04,Sun,@,BUF,,,,,,,,,,,,,,,,,,,,,,,,,,,,,,,,,,,,,,,,,,New York Jets
1,1,1,2025-09-04,Thu,,DAL,W,24,20,,21,34,61.8,188,0,5.5,5.53,76.6,0,0,22,119,2,5.4,56,307,5.48,2,2,2,2,2,87,9,7,6,22,7,11,0,1,4,42,1,0,1,25:08,Philadelphia Eagles
2,2,2,2025-09-14,Sun,@,KAN,W,20,17,,16,29,55.2,173,1,6.0,5.10,70.0,2,14,26,121,1,4.7,57,294,5.16,2,1,2,2,3,178,7,9,1,17,4,12,2,3,6,45,0,1,1,27:26,Philadelphia Eagles
3,3,3,2025-09-21,Sun,,LAR,W,33,26,,19,34,55.9,196,2,5.8,5.62,80.0,1,0,31,160,0,5.2,66,356,5.39,6,4,2,2,1,36,10,11,1,22,3,10,0,1,4,41,0,1,1,29:25,Philadelphia Eagles
4,4,4,2025-09-28,Sun,@,TAM,W,31,25,,22,40,55.0,272,2,6.8,6.68,82.5,2,17,26,104,0,4.0,68,376,5.53,3,3,2,2,4,110,7,5,6,18,3,13,1,3,5,40,1,1,2,31:52,Philadelphia Eagles
5,5,5,2025-10-05,Sun,,DEN,L,17,21,,24,39,61.5,228,1,5.8,6.36,86.3,2,14,29,130,1,4.5,70,358,5.11,2,2,1,1,7,328,12,8,3,23,5,16,0,0,12,121,0,0,0,34:17,Philadelphia Eagles
6,6,6,2025-10-09,Thu,@,NYG,L,17,34,,17,26,65.4,194,1,7.5,8.23,100.5,2,1,39,172,4,4.4,67,366,5.46,0,0,5,4,4,171,8,14,3,25,11,16,0,0,6,55,0,0,0,30:59,Philadelphia Eagles
7,7,7,2025-10-19,Sun,@,MIN,W,28,22,,26,42,61.9,298,0,7.1,4.95,63.4,2,15,23,89,1,3.9,67,387,5.78,5,5,1,1,1,34,13,7,1,21,7,15,1,1,3,30,0,2,2,34:02,Philadelphia Eagles
8,8,8,2025-10-26,Sun,,NYG,W,38,20,,14,24,58.3,178,1,7.4,8.25,95.5,5,15,21,68,1,3.2,50,246,4.92,2,2,2,2,4,194,9,4,0,13,5,12,1,1,7,54,0,0,0,26:45,Philadelphia Eagles
9,9,10,2025-11-10,Mon,@,GNB,W,10,7,,20,36,55.6,157,0,4.4,4.36,66.6,3,19,27,104,1,3.9,66,261,3.95,1,0,1,1,5,239,10,7,1,18,5,13,1,3,4,20,2,0,2,27:55,Philadelphia Eagles
10,10,11,2025-11-16,Sun,,DET,W,16,9,,14,37,37.8,243,1,6.6,5.89,58.7,2,12,21,74,0,3.5,60,317,5.28,1,1,1,0,4,169,10,3,0,13,3,13,0,5,5,48,0,1,1,24:12,Philadelphia Eagles
11,11,12,2025-11-23,Sun,@,DAL,L,21,24,,23,36,63.9,348,2,9.7,9.53,102.5,1,6,31,125,1,4.0,68,473,6.96,2,1,3,3,3,168,16,6,3,25,5,12,0,2,8,69,1,1,2,29:02,Philadelphia Eagles
12,12,13,2025-11-28,Fri,,CHI,L,15,24,,17,36,47.2,144,1,4.0,3.31,55.8,2,10,47,281,2,6.0,85,425,5.00,1,1,3,3,3,127,10,17,1,28,10,17,1,3,4,35,0,1,1,39:18,Philadelphia Eagles
13,13,14,2025-12-08,Mon,@,LAC,L,19,22,OT,12,26,46.2,106,1,4.1,3.12,54.3,7,33,38,169,0,4.4,71,275,3.87,5,5,1,1,5,256,5,9,2,16,7,19,0,0,7,55,2,1,3,38:05,Philadelphia Eagles
14,,15,2025-12-14,Sun,,LVR,,,,,,,,,,,,,,,,,,,,,,,,,,,,,,,,,,,,,,,,,,Philadelphia Eagles
15,,16,2025-12-20,Sat,@,WAS,,,,,,,,,,,,,,,,,,,,,,,,,,,,,,,,,,,,,,,,,,Philadelphia Eagles
16,,17,2025-12-28,Sun,@,BUF,,,,,,,,,,,,,,,,,,,,,,,,,,,,,,,,,,,,,,,,,,Philadelphia Eagles
17,,18,2026-01-04,Sun,,WAS,,,,,,,,,,,,,,,,,,,,,,,,,,,,,,,,,,,,,,,,,,Philadelphia Eagles
1,1,1,2025-09-07,Sun,@,NYJ,W,34,32,,16,22,72.7,212,1,9.6,10.55,118.0,1,6,39,182,3,4.7,62,394,6.35,2,2,2,2,2,94,9,13,1,23,7,14,1,2,7,74,1,0,1,34:43,Pittsburgh Steelers
2,2,2,2025-09-14,Sun,,SEA,L,17,31,,22,33,66.7,278,2,8.4,6.91,87.7,2,17,29,117,1,4.0,64,395,6.17,2,1,4,4,4,175,13,8,0,21,6,14,1,2,2,10,0,2,2,31:17,Pittsburgh Steelers
3,3,3,2025-09-21,Sun,@,NWE,W,21,14,,28,37,75.7,250,2,6.8,6.62,100.1,5,18,29,119,0,4.1,71,369,5.20,0,0,2,2,1,59,13,10,3,26,6,13,4,5,7,54,4,1,5,33:20,Pittsburgh Steelers
4,4,4,2025-09-28,Sun,,MIN,W,24,21,,30,46,65.2,302,2,6.6,5.48,80.2,6,48,20,70,0,3.5,72,372,5.17,2,2,1,1,3,136,15,6,2,23,4,14,2,3,8,82,0,2,2,33:34,Pittsburgh Steelers
5,5,6,2025-10-12,Sun,,CLE,W,23,9,,29,52,55.8,183,0,3.5,3.52,63.2,6,38,17,65,0,3.8,75,248,3.31,3,3,0,0,4,198,10,6,4,20,6,17,2,4,6,44,0,0,0,28:08,Pittsburgh Steelers
6,6,7,2025-10-16,Thu,@,CIN,L,31,33,,31,47,66.0,328,3,7.0,8.26,107.4,2,14,23,142,0,6.2,72,470,6.53,4,4,3,3,3,135,16,8,3,27,7,14,1,1,4,35,0,0,0,34:32,Pittsburgh Steelers
7,7,8,2025-10-26,Sun,,GNB,L,25,35,,29,37,78.4,360,3,9.7,11.35,134.2,0,0,26,94,1,3.6,63,454,7.21,4,2,3,3,3,152,16,5,1,22,5,12,1,1,5,47,0,0,0,31:48,Pittsburgh Steelers
8,8,9,2025-11-02,Sun,,IND,W,27,20,,31,50,62.0,313,1,6.3,3.96,61.5,5,29,19,55,1,2.9,74,368,4.97,2,2,2,2,2,110,17,6,3,26,6,14,5,5,5,53,3,3,6,31:55,Pittsburgh Steelers
9,9,10,2025-11-09,Sun,@,LAC,L,10,25,,20,33,60.6,199,1,6.0,6.64,87.8,5,21,31,115,1,3.7,69,314,4.55,4,3,2,2,6,263,7,11,0,18,6,17,1,1,8,55,0,0,0,37:35,Pittsburgh Steelers
10,10,11,2025-11-16,Sun,,CIN,W,34,12,,23,40,57.5,192,1,4.8,4.18,67.9,1,7,22,105,0,4.8,63,297,4.71,2,2,0,0,3,171,9,6,2,17,7,15,0,1,8,67,1,1,2,29:55,Pittsburgh Steelers
11,11,12,2025-11-23,Sun,@,CHI,L,28,31,,19,35,54.3,229,3,6.5,8.26,103.2,1,10,25,99,1,4.0,61,328,5.38,1,1,4,4,4,202,11,7,1,19,7,13,1,1,7,83,2,0,2,26:51,Pittsburgh Steelers
12,12,13,2025-11-30,Sun,,BUF,L,7,26,,15,23,65.2,123,1,5.3,4.26,75.1,0,0,51,249,1,4.9,74,372,5.03,2,2,3,2,2,99,9,16,1,26,8,15,2,2,7,45,1,1,2,41:59,Pittsburgh Steelers
13,13,14,2025-12-07,Sun,@,BAL,W,27,22,,19,35,54.3,203,1,5.8,5.09,69.1,2,16,40,217,1,5.4,77,420,5.45,3,3,2,1,2,102,9,10,3,22,7,18,3,4,5,39,0,1,1,33:44,Pittsburgh Steelers
14,,15,2025-12-15,Mon,,MIA,,,,,,,,,,,,,,,,,,,,,,,,,,,,,,,,,,,,,,,,,,Pittsburgh Steelers
15,,16,2025-12-21,Sun,@,DET,,,,,,,,,,,,,,,,,,,,,,,,,,,,,,,,,,,,,,,,,,Pittsburgh Steelers
16,,17,2025-12-28,Sun,@,CLE,,,,,,,,,,,,,,,,,,,,,,,,,,,,,,,,,,,,,,,,,,Pittsburgh Steelers
17,,18,2026-01-04,Sun,,BAL,,,,,,,,,,,,,,,,,,,,,,,,,,,,,,,,,,,,,,,,,,Pittsburgh Steelers
1,1,1,2025-09-07,Sun,,SFO,L,13,17,,26,35,74.3,265,2,7.6,6.14,90.8,1,12,36,119,0,3.3,72,384,5.33,3,1,2,2,2,96,15,7,2,24,7,14,2,2,9,61,0,2,2,37:58,Seattle Seahawks
2,2,2,2025-09-14,Sun,@,PIT,W,31,17,,20,35,57.1,195,1,5.6,3.57,58.6,3,20,21,72,0,3.4,59,267,4.53,3,3,0,0,4,221,6,6,1,13,5,15,1,2,2,15,0,2,2,28:43,Seattle Seahawks
3,3,3,2025-09-21,Sun,,NOR,W,44,13,,28,41,68.3,205,1,5.0,4.39,77.8,2,13,27,79,0,2.9,70,284,4.06,3,2,1,1,6,243,12,4,5,21,5,15,0,2,11,77,0,1,1,32:15,Seattle Seahawks
4,4,4,2025-09-25,Thu,@,ARI,W,23,20,,27,41,65.9,164,2,4.0,2.78,69.6,6,36,17,89,0,5.2,64,253,3.95,2,2,2,2,4,202,13,2,3,18,6,15,1,1,7,46,0,2,2,27:36,Seattle Seahawks
5,5,5,2025-10-05,Sun,,TAM,L,35,38,,29,33,87.9,370,2,11.2,12.42,133.6,1,9,24,56,2,2.3,58,426,7.34,3,3,3,3,2,91,17,6,2,25,7,11,0,0,4,37,0,0,0,33:12,Seattle Seahawks
6,6,6,2025-10-12,Sun,@,JAX,W,20,12,,27,42,64.3,214,2,5.1,6.05,92.8,7,44,19,59,0,3.1,68,273,4.01,1,0,1,0,8,393,13,3,1,17,4,16,3,3,10,76,0,0,0,33:21,Seattle Seahawks
7,7,7,2025-10-20,Mon,,HOU,W,27,19,,23,49,46.9,198,1,4.0,3.53,56.3,3,31,17,56,0,3.3,69,254,3.68,2,2,1,1,7,344,13,1,4,18,2,15,1,4,10,105,0,1,1,27:43,Seattle Seahawks
8,8,9,2025-11-02,Sun,@,WAS,W,38,14,,16,22,72.7,133,0,6.0,4.00,68.9,4,20,36,157,2,4.4,62,290,4.68,0,0,2,2,4,191,8,9,2,19,6,13,1,2,8,87,1,1,2,32:42,Seattle Seahawks
9,9,10,2025-11-09,Sun,,ARI,W,44,22,,22,45,48.9,206,2,4.6,5.47,76.7,5,52,23,129,1,5.6,73,335,4.59,0,0,2,2,4,163,13,7,1,21,6,16,2,5,5,37,2,0,2,26:20,Seattle Seahawks
10,10,11,2025-11-16,Sun,@,LAR,L,19,21,,15,28,53.6,130,2,4.6,6.07,89.9,0,0,22,119,1,5.4,50,249,4.98,0,0,3,3,6,253,6,5,1,12,2,11,2,3,6,43,1,0,1,22:11,Seattle Seahawks
11,11,12,2025-11-23,Sun,@,TEN,W,30,24,,28,42,66.7,232,1,5.5,6.00,88.6,4,24,22,64,1,2.9,68,296,4.35,1,1,3,3,3,135,12,5,1,18,6,17,5,7,10,63,0,0,0,37:25,Seattle Seahawks
12,12,13,2025-11-30,Sun,,MIN,W,26,0,,19,30,63.3,96,0,3.2,-2.80,28.6,4,30,16,66,0,4.1,50,162,3.24,0,0,0,0,5,252,6,3,2,11,2,10,0,2,10,80,1,4,5,25:39,Seattle Seahawks
13,13,14,2025-12-07,Sun,@,ATL,W,37,9,,15,30,50.0,154,0,5.1,2.13,37.4,1,8,31,120,0,3.9,62,274,4.42,4,3,0,0,2,84,6,6,3,15,1,13,1,2,8,56,1,2,3,28:40,Seattle Seahawks
14,,15,2025-12-14,Sun,,IND,,,,,,,,,,,,,,,,,,,,,,,,,,,,,,,,,,,,,,,,,,Seattle Seahawks
15,,16,2025-12-18,Thu,,LAR,,,,,,,,,,,,,,,,,,,,,,,,,,,,,,,,,,,,,,,,,,Seattle Seahawks
16,,17,2025-12-28,Sun,@,CAR,,,,,,,,,,,,,,,,,,,,,,,,,,,,,,,,,,,,,,,,,,Seattle Seahawks
17,,18,2026-01-04,Sun,@,SFO,,,,,,,,,,,,,,,,,,,,,,,,,,,,,,,,,,,,,,,,,,Seattle Seahawks
1,1,1,2025-09-07,Sun,@,SEA,W,17,13,,16,23,69.6,146,0,6.3,6.35,86.5,1,4,26,84,1,3.2,50,230,4.60,2,2,1,1,5,259,6,6,2,14,3,10,0,0,4,30,2,0,2,22:02,San Francisco 49ers
2,2,2,2025-09-14,Sun,@,NOR,W,26,21,,25,34,73.5,186,3,5.5,7.24,115.6,3,21,30,121,0,4.0,67,307,4.58,1,0,3,3,4,171,12,6,3,21,4,11,1,2,7,45,1,0,1,29:15,San Francisco 49ers
3,3,3,2025-09-21,Sun,,ARI,W,16,15,,22,35,62.9,154,1,4.4,4.97,82.3,1,5,28,106,0,3.8,64,260,4.06,3,2,1,1,5,258,8,7,1,16,5,15,2,2,5,30,0,0,0,34:39,San Francisco 49ers
4,4,4,2025-09-28,Sun,,JAX,L,21,26,,21,31,67.7,174,1,5.6,6.26,92.7,0,0,32,151,1,4.7,63,325,5.16,3,2,2,2,5,237,8,8,2,18,4,14,1,1,12,90,0,0,0,32:31,San Francisco 49ers
5,5,5,2025-10-02,Thu,@,LAR,W,26,23,OT,30,47,63.8,378,3,8.0,9.32,110.1,1,11,16,78,0,4.9,64,456,7.13,2,1,3,2,2,110,18,5,4,27,4,10,2,3,5,36,2,0,2,26:20,San Francisco 49ers
6,6,6,2025-10-12,Sun,@,TAM,L,19,30,,17,23,73.9,248,2,10.8,12.52,137.6,1,8,26,104,2,4.0,50,352,7.04,2,1,3,3,3,166,9,9,1,19,3,8,0,0,5,31,0,0,0,27:25,San Francisco 49ers
7,7,7,2025-10-19,Sun,,ATL,W,20,10,,21,38,55.3,230,1,6.1,6.58,82.1,2,11,20,62,0,3.1,60,292,4.87,1,1,1,1,3,152,13,3,3,19,5,11,0,2,6,43,1,0,1,27:50,San Francisco 49ers
8,8,8,2025-10-26,Sun,@,HOU,L,15,26,,30,39,76.9,318,2,8.2,8.03,106.6,0,0,36,157,0,4.4,75,475,6.33,4,4,2,2,2,96,16,6,1,23,9,16,1,1,8,55,0,1,1,41:22,San Francisco 49ers
9,9,9,2025-11-02,Sun,@,NYG,W,34,24,,24,33,72.7,179,2,5.4,6.64,105.5,2,12,21,117,1,5.6,56,296,5.29,2,1,3,3,5,233,7,10,2,19,5,12,0,0,5,23,0,0,0,26:49,San Francisco 49ers
10,10,10,2025-11-09,Sun,,LAR,L,26,42,,24,36,66.7,275,4,7.6,9.86,126.5,1,5,30,126,2,4.2,67,401,5.99,0,0,6,6,2,73,20,9,2,31,5,9,1,1,0,0,0,0,0,32:32,San Francisco 49ers
11,11,11,2025-11-16,Sun,@,ARI,W,41,22,,47,57,82.5,452,2,7.9,7.05,96.8,0,0,14,36,1,2.6,71,488,6.87,2,1,1,1,3,122,18,5,1,24,6,14,0,0,17,130,1,2,3,34:15,San Francisco 49ers
12,12,12,2025-11-24,Mon,,CAR,W,20,9,,18,29,62.1,161,1,5.6,3.14,59.7,1,8,13,69,0,5.3,43,230,5.35,2,1,0,0,4,201,9,3,0,12,1,7,0,0,4,30,0,2,2,22:18,San Francisco 49ers
13,13,13,2025-11-30,Sun,@,CLE,W,26,8,,17,26,65.4,115,1,4.4,5.19,87.8,3,34,31,138,0,4.5,60,253,4.22,0,0,0,0,4,178,7,8,0,15,3,11,0,4,4,25,2,0,2,29:50,San Francisco 49ers
14,,15,2025-12-14,Sun,,TEN,,,,,,,,,,,,,,,,,,,,,,,,,,,,,,,,,,,,,,,,,,San Francisco 49ers
15,,16,2025-12-22,Mon,@,IND,,,,,,,,,,,,,,,,,,,,,,,,,,,,,,,,,,,,,,,,,,San Francisco 49ers
16,,17,2025-12-28,Sun,,CHI,,,,,,,,,,,,,,,,,,,,,,,,,,,,,,,,,,,,,,,,,,San Francisco 49ers
17,,18,2026-01-04,Sun,,SEA,,,,,,,,,,,,,,,,,,,,,,,,,,,,,,,,,,,,,,,,,,San Francisco 49ers
1,1,1,2025-09-07,Sun,@,ATL,W,23,20,,27,42,64.3,289,1,6.9,7.36,92.3,1,9,28,69,1,2.5,71,358,5.04,3,2,2,2,3,140,16,4,3,23,6,15,3,4,8,55,0,0,0,35:12,Tampa Bay Buccaneers
2,2,2,2025-09-15,Mon,@,HOU,W,20,19,,13,24,54.2,182,1,7.6,8.42,92.7,3,25,19,84,1,4.4,46,266,5.78,2,2,1,1,4,203,7,3,2,12,2,9,0,1,6,45,0,0,0,22:51,Tampa Bay Buccaneers
3,3,3,2025-09-21,Sun,,NYJ,W,29,27,,26,36,72.2,168,2,4.7,4.53,88.7,4,29,23,99,0,4.3,63,267,4.24,2,2,3,3,2,97,13,5,3,21,3,11,1,3,7,81,1,1,2,27:49,Tampa Bay Buccaneers
4,4,4,2025-09-28,Sun,,PHI,L,25,31,,15,24,62.5,112,2,4.7,6.33,101.4,2,18,32,88,1,2.8,58,200,3.45,1,1,4,4,7,363,10,5,1,16,5,14,0,1,8,83,0,0,0,28:08,Tampa Bay Buccaneers
5,5,5,2025-10-05,Sun,@,SEA,W,38,35,,28,34,82.4,341,4,10.0,11.06,135.4,0,0,20,122,1,6.1,54,463,8.57,1,0,5,5,1,38,18,6,3,27,6,9,1,1,7,56,1,1,2,26:48,Tampa Bay Buccaneers
6,6,6,2025-10-12,Sun,,SFO,W,30,19,,27,39,69.2,296,0,7.6,5.28,70.0,6,51,22,67,1,3.0,67,363,5.42,4,4,1,1,2,89,10,6,1,17,7,16,0,2,9,65,0,2,2,32:35,Tampa Bay Buccaneers
7,7,7,2025-10-20,Mon,@,DET,L,9,24,,20,29,69.0,215,1,7.4,6.55,87.6,4,26,32,164,2,5.1,65,379,5.83,2,1,3,3,5,256,9,6,2,17,3,13,1,2,6,50,1,1,2,31:39,Tampa Bay Buccaneers
8,8,8,2025-10-26,Sun,@,NOR,W,23,3,,32,51,62.7,227,0,4.5,2.69,56.6,5,37,15,48,0,3.2,71,275,3.87,1,1,0,0,3,121,13,4,0,17,8,16,2,4,8,40,2,2,4,27:04,Tampa Bay Buccaneers
9,9,10,2025-11-09,Sun,,NWE,L,23,28,,16,31,51.6,269,2,8.7,8.52,89.3,1,1,27,166,2,6.1,59,435,7.37,0,0,4,4,5,248,9,5,2,16,5,14,2,3,5,49,0,1,1,27:35,Tampa Bay Buccaneers
10,10,11,2025-11-16,Sun,@,BUF,L,32,44,,19,30,63.3,317,3,10.6,9.57,104.4,0,0,23,97,3,4.2,53,414,7.81,1,1,5,5,2,83,13,4,2,19,6,11,1,2,7,45,1,2,3,24:53,Tampa Bay Buccaneers
11,11,12,2025-11-23,Sun,@,LAR,L,7,34,,25,35,71.4,263,3,7.5,9.23,121.5,1,10,19,70,0,3.7,55,333,6.05,2,2,4,4,3,105,16,4,0,20,4,10,0,1,4,32,0,0,0,28:12,Tampa Bay Buccaneers
12,12,13,2025-11-30,Sun,,ARI,W,20,17,,29,40,72.5,291,2,7.3,7.15,99.1,2,10,19,95,0,5.0,61,386,6.33,2,1,2,2,2,92,16,6,0,22,3,8,0,2,4,33,1,1,2,29:34,Tampa Bay Buccaneers
13,13,14,2025-12-07,Sun,,NOR,L,20,24,,13,20,65.0,121,0,6.1,3.80,60.6,3,23,32,139,3,4.3,55,260,4.73,2,1,3,3,3,152,9,7,0,16,5,11,0,1,10,82,0,1,1,27:48,Tampa Bay Buccaneers
14,,15,2025-12-11,Thu,,ATL,,,,,,,,,,,,,,,,,,,,,,,,,,,,,,,,,,,,,,,,,,Tampa Bay Buccaneers
15,,16,2025-12-21,Sun,@,CAR,,,,,,,,,,,,,,,,,,,,,,,,,,,,,,,,,,,,,,,,,,Tampa Bay Buccaneers
16,,17,2025-12-28,Sun,@,MIA,,,,,,,,,,,,,,,,,,,,,,,,,,,,,,,,,,,,,,,,,,Tampa Bay Buccaneers
17,,18,2026-01-04,Sun,,CAR,,,,,,,,,,,,,,,,,,,,,,,,,,,,,,,,,,,,,,,,,,Tampa Bay Buccaneers
1,1,1,2025-09-07,Sun,@,DEN,L,12,20,,25,40,62.5,166,1,4.2,2.40,59.0,1,10,30,151,1,5.0,71,317,4.46,2,2,2,2,3,144,9,5,6,20,6,15,0,2,6,45,2,2,4,31:56,Tennessee Titans
2,2,2,2025-09-14,Sun,,LAR,L,19,33,,23,33,69.7,290,2,8.8,8.64,104.4,1,8,25,149,2,6.0,59,439,7.44,2,2,4,3,3,145,12,8,2,22,5,12,1,1,4,29,0,1,1,29:53,Tennessee Titans
3,3,3,2025-09-21,Sun,,IND,L,20,41,,18,25,72.0,228,1,9.1,9.92,113.4,0,0,28,137,3,4.9,53,365,6.89,3,2,5,5,1,46,10,9,3,22,2,8,2,2,4,23,0,0,0,28:41,Tennessee Titans
4,4,4,2025-09-28,Sun,@,HOU,L,0,26,,22,28,78.6,224,2,8.0,9.43,123.8,2,9,35,129,1,3.7,65,353,5.43,3,2,2,2,3,132,9,10,1,20,6,15,3,3,6,50,0,0,0,38:21,Tennessee Titans
5,5,5,2025-10-05,Sun,@,ARI,W,22,21,,23,32,71.9,192,0,6.0,6.00,87.0,3,28,29,168,3,5.8,64,360,5.63,0,0,3,3,7,367,8,7,1,16,7,16,0,0,8,47,3,0,3,32:40,Tennessee Titans
6,6,6,2025-10-12,Sun,@,LVR,L,10,20,,17,23,73.9,158,1,6.9,5.78,88.7,2,16,32,68,1,2.1,57,226,3.96,2,2,2,2,4,167,9,4,3,16,6,13,1,1,6,27,0,1,1,32:26,Tennessee Titans
7,7,7,2025-10-19,Sun,,NWE,L,13,31,,22,24,91.7,212,2,8.8,10.50,131.2,4,22,36,175,1,4.9,64,387,6.05,1,1,4,4,4,150,13,9,0,22,5,12,2,2,5,36,0,0,0,37:12,Tennessee Titans
8,8,8,2025-10-26,Sun,@,IND,L,14,38,,21,31,67.7,256,3,8.3,10.19,125.2,3,16,18,164,2,9.1,52,420,8.08,1,1,5,5,4,189,14,7,0,21,3,9,1,1,3,32,0,0,0,25:39,Tennessee Titans
9,9,9,2025-11-02,Sun,,LAC,L,20,27,,19,29,65.5,212,2,7.3,7.14,95.8,6,38,30,131,1,4.4,65,343,5.28,2,2,3,3,4,209,12,8,1,21,7,13,0,0,3,20,0,1,1,34:20,Tennessee Titans
10,10,11,2025-11-16,Sun,,HOU,L,13,16,,26,41,63.4,240,1,5.9,6.34,87.4,4,34,23,75,0,3.3,68,315,4.63,3,3,1,1,5,208,13,5,2,20,4,13,0,1,5,53,0,0,0,31:03,Tennessee Titans
11,11,12,2025-11-23,Sun,,SEA,L,24,30,,16,26,61.5,239,2,9.2,10.73,117.3,1,5,20,114,1,5.7,47,353,7.51,3,3,3,3,2,106,9,8,2,19,2,7,0,1,11,69,0,0,0,22:35,Tennessee Titans
12,12,13,2025-11-30,Sun,,JAX,L,3,25,,16,27,59.3,202,2,7.5,8.96,107.3,3,27,27,70,1,2.6,57,272,4.77,1,1,2,2,7,313,13,3,4,20,3,13,1,1,13,98,0,0,0,31:26,Tennessee Titans
13,13,14,2025-12-07,Sun,@,CLE,W,31,29,,23,42,54.8,351,3,8.4,8.71,96.4,2,13,20,61,1,3.1,64,412,6.44,1,1,2,2,7,222,13,5,4,22,6,14,0,0,7,50,1,1,2,28:04,Tennessee Titans
14,,15,2025-12-14,Sun,@,SFO,,,,,,,,,,,,,,,,,,,,,,,,,,,,,,,,,,,,,,,,,,Tennessee Titans
15,,16,2025-12-21,Sun,,KAN,,,,,,,,,,,,,,,,,,,,,,,,,,,,,,,,,,,,,,,,,,Tennessee Titans
16,,17,2025-12-28,Sun,,NOR,,,,,,,,,,,,,,,,,,,,,,,,,,,,,,,,,,,,,,,,,,Tennessee Titans
17,,18,2026-01-04,Sun,@,JAX,,,,,,,,,,,,,,,,,,,,,,,,,,,,,,,,,,,,,,,,,,Tennessee Titans
1,1,1,2025-09-07,Sun,,NYG,W,21,6,,17,37,45.9,157,0,4.2,4.24,58.1,2,11,23,74,0,3.2,62,231,3.73,2,2,0,0,6,287,9,4,4,17,4,16,1,2,6,35,0,0,0,30:32,Washington Commanders
2,2,2,2025-09-11,Thu,@,GNB,L,18,27,,19,31,61.3,269,2,8.7,9.97,110.8,2,23,30,135,1,4.5,63,404,6.41,3,2,3,3,4,213,14,6,2,22,5,12,0,1,10,77,0,0,0,32:26,Washington Commanders
3,3,3,2025-09-21,Sun,,LVR,W,41,24,,19,29,65.5,261,3,9.0,11.07,128.7,5,28,28,93,0,3.3,62,354,5.71,1,1,1,1,6,294,12,5,0,17,3,14,2,3,6,54,0,0,0,31:53,Washington Commanders
4,4,4,2025-09-28,Sun,@,ATL,L,27,34,,20,26,76.9,307,2,11.8,11.62,125.0,1,6,37,128,2,3.5,64,435,6.80,2,2,4,4,2,92,14,9,1,24,6,12,1,1,5,45,0,1,1,34:15,Washington Commanders
5,5,5,2025-10-05,Sun,@,LAC,W,27,10,,25,33,75.8,181,1,5.5,4.73,85.5,5,29,27,155,0,5.7,65,336,5.17,1,1,1,1,2,96,11,6,1,18,9,16,1,2,10,85,1,1,2,34:19,Washington Commanders
6,6,6,2025-10-13,Mon,,CHI,L,24,25,,17,29,58.6,236,1,8.1,8.83,96.3,3,16,27,145,1,5.4,59,381,6.46,5,4,1,1,2,106,10,8,1,19,3,10,0,1,9,84,0,0,0,28:26,Washington Commanders
7,7,7,2025-10-19,Sun,@,DAL,L,22,44,,21,30,70.0,257,3,8.6,10.57,129.4,1,7,31,152,1,4.9,62,409,6.60,3,3,5,5,3,128,11,7,3,21,6,12,0,0,10,79,0,0,0,31:21,Washington Commanders
8,8,8,2025-10-27,Mon,@,KAN,L,7,28,,25,34,73.5,284,3,8.4,7.47,103.1,3,15,30,148,1,4.9,67,432,6.45,0,0,4,4,1,56,16,8,2,26,4,10,2,2,9,95,0,2,2,34:03,Washington Commanders
9,9,9,2025-11-02,Sun,,SEA,L,14,38,,21,24,87.5,330,4,13.8,15.21,141.0,0,0,24,88,1,3.7,48,418,8.71,1,1,5,5,3,155,13,5,3,21,7,11,0,0,5,44,0,1,1,27:18,Washington Commanders
10,10,10,2025-11-09,Sun,,DET,L,22,44,,25,35,71.4,320,3,9.1,10.86,128.3,0,0,33,226,2,6.8,68,546,8.03,3,3,4,3,0,0,19,11,0,30,5,10,2,2,3,1,0,0,0,32:36,Washington Commanders
11,11,11,2025-11-16,Sun,@,MIA,L,13,16,OT,14,20,70.0,142,0,7.1,7.10,90.0,3,29,31,169,1,5.5,54,311,5.76,3,3,1,1,2,106,8,11,0,19,3,9,0,2,4,39,0,0,0,29:51,Washington Commanders
12,12,13,2025-11-30,Sun,,DEN,L,26,27,OT,29,45,64.4,315,1,7.0,6.44,83.1,1,6,23,87,2,3.8,69,402,5.83,2,2,3,3,4,181,17,6,0,23,7,15,1,1,5,33,0,1,1,32:13,Washington Commanders
13,13,14,2025-12-07,Sun,@,MIN,L,0,31,,16,23,69.6,151,3,6.6,9.17,127.0,4,12,34,162,1,4.8,61,313,5.13,1,1,4,4,1,43,13,10,2,25,6,11,2,2,3,24,0,0,0,34:52,Washington Commanders
14,,15,2025-12-14,Sun,@,NYG,,,,,,,,,,,,,,,,,,,,,,,,,,,,,,,,,,,,,,,,,,Washington Commanders
15,,16,2025-12-20,Sat,,PHI,,,,,,,,,,,,,,,,,,,,,,,,,,,,,,,,,,,,,,,,,,Washington Commanders
16,,17,2025-12-25,Thu,,DAL,,,,,,,,,,,,,,,,,,,,,,,,,,,,,,,,,,,,,,,,,,Washington Commanders
17,,18,2026-01-04,Sun,@,PHI,,,,,,,,,,,,,,,,,,,,,,,,,,,,,,,,,,,,,,,,,,Washington Commanders
