Quarter,Time,Team,Detail,Team_1,Team_2,Game_ID
1,11:49,Cowboys,Javonte Williams 1 yard rush (Brandon Aubrey kick),7,0,2025_01_DAL_PHI
1,5:55,Eagles,Jalen Hurts 4 yard rush (Jake Elliott kick),7,7,2025_01_DAL_PHI
2,14:56,Cowboys,Javonte Williams 1 yard rush (Brandon Aubrey kick),14,7,2025_01_DAL_PHI
2,6:46,Eagles,Jalen Hurts 8 yard rush (Jake Elliott kick),14,14,2025_01_DAL_PHI
2,2:34,Cowboys,Brandon Aubrey 41 yard field goal ,17,14,2025_01_DAL_PHI
2,0:51,Eagles,Saquon Barkley 10 yard rush (Jake Elliott kick),17,21,2025_01_DAL_PHI
2,0:00,Cowboys,Brandon Aubrey 53 yard field goal ,20,21,2025_01_DAL_PHI
3,8:30,Eagles,Jake Elliott 58 yard field goal ,20,24,2025_01_DAL_PHI
1,9:11,Chargers,Quentin Johnston 5 yard pass from Justin Herbert (Cameron Dicker kick),0,7,2025_01_KC_LAC
2,13:47,Chargers,Cameron Dicker 39 yard field goal ,0,10,2025_01_KC_LAC
2,4:50,Chiefs,Harrison Butker 35 yard field goal ,3,10,2025_01_KC_LAC
2,0:45,Chargers,Cameron Dicker 36 yard field goal ,3,13,2025_01_KC_LAC
2,0:00,Chiefs,Harrison Butker 59 yard field goal ,6,13,2025_01_KC_LAC
3,8:05,Chiefs,Patrick Mahomes 11 yard rush (Harrison Butker kick failed),12,13,2025_01_KC_LAC
3,0:32,Chargers,Keenan Allen 11 yard pass from Justin Herbert (Cameron Dicker kick),12,20,2025_01_KC_LAC
4,12:04,Chiefs,Travis Kelce 37 yard pass from Patrick Mahomes (pass failed),18,20,2025_01_KC_LAC
4,5:02,Chargers,Quentin Johnston 23 yard pass from Justin Herbert (Cameron Dicker kick),18,27,2025_01_KC_LAC
4,2:34,Chiefs,Harrison Butker 27 yard field goal ,21,27,2025_01_KC_LAC
1,13:14,Falcons,Bijan Robinson 50 yard pass from Michael Penix (Younghoe Koo kick),0,7,2025_01_TB_ATL
2,10:17,Buccaneers,Chase McLaughlin 48 yard field goal ,3,7,2025_01_TB_ATL
2,6:53,Buccaneers,Emeka Egbuka 30 yard pass from Baker Mayfield (Chase McLaughlin kick),10,7,2025_01_TB_ATL
2,0:53,Falcons,Younghoe Koo 41 yard field goal ,10,10,2025_01_TB_ATL
3,7:26,Buccaneers,Bucky Irving 9 yard pass from Baker Mayfield (Chase McLaughlin kick),17,10,2025_01_TB_ATL
3,0:20,Falcons,Younghoe Koo 36 yard field goal ,17,13,2025_01_TB_ATL
4,2:17,Falcons,Michael Penix 4 yard rush (Younghoe Koo kick),17,20,2025_01_TB_ATL
4,0:59,Buccaneers,Emeka Egbuka 25 yard pass from Baker Mayfield (Chase McLaughlin kick failed),23,20,2025_01_TB_ATL
1,7:32,Bengals,Chase Brown 5 yard rush (Evan McPherson kick),7,0,2025_01_CIN_CLE
2,12:42,Browns,Raheim Sanders 1 yard rush (Andre Szmyt kick),7,7,2025_01_CIN_CLE
2,4:18,Bengals,Noah Fant 1 yard pass from Joe Burrow (Evan McPherson kick),14,7,2025_01_CIN_CLE
2,0:23,Browns,Andre Szmyt 45 yard field goal ,14,10,2025_01_CIN_CLE
3,7:20,Browns,Cedric Tillman 5 yard pass from Joe Flacco (Andre Szmyt kick failed),14,16,2025_01_CIN_CLE
3,2:48,Bengals,Evan McPherson 35 yard field goal ,17,16,2025_01_CIN_CLE
1,10:37,Colts,Spencer Shrader 24 yard field goal ,0,3,2025_01_MIA_IND
2,14:54,Colts,Michael Pittman Jr. 27 yard pass from Daniel Jones (Spencer Shrader kick),0,10,2025_01_MIA_IND
2,12:01,Colts,Daniel Jones 1 yard rush (Spencer Shrader kick),0,17,2025_01_MIA_IND
2,0:00,Colts,Spencer Shrader 35 yard field goal ,0,20,2025_01_MIA_IND
3,7:30,Colts,Spencer Shrader 28 yard field goal ,0,23,2025_01_MIA_IND
4,10:14,Colts,Daniel Jones 1 yard rush (Spencer Shrader kick),0,30,2025_01_MIA_IND
4,6:21,Dolphins,De'Von Achane 11 yard pass from Tua Tagovailoa (Julian Hill pass from Tua Tagovailoa),8,30,2025_01_MIA_IND
4,2:23,Colts,Spencer Shrader 48 yard field goal ,8,33,2025_01_MIA_IND
1,8:15,Jaguars,Cam Little 35 yard field goal ,0,3,2025_01_CAR_JAX
1,0:36,Panthers,Ryan Fitzgerald 48 yard field goal ,3,3,2025_01_CAR_JAX
2,8:32,Jaguars,Hunter Long 6 yard pass from Trevor Lawrence (Cam Little kick),3,10,2025_01_CAR_JAX
2,1:49,Jaguars,Brian Thomas 9 yard rush (Cam Little kick),3,17,2025_01_CAR_JAX
2,0:01,Jaguars,Cam Little 47 yard field goal ,3,20,2025_01_CAR_JAX
4,7:09,Jaguars,Cam Little 36 yard field goal ,3,23,2025_01_CAR_JAX
4,4:47,Panthers,Chuba Hubbard 27 yard pass from Bryce Young (Ryan Fitzgerald kick),10,23,2025_01_CAR_JAX
4,1:57,Jaguars,Cam Little 28 yard field goal ,10,26,2025_01_CAR_JAX
1,12:17,Raiders,Tre Tucker 26 yard pass from Geno Smith (Daniel Carlson kick),7,0,2025_01_LVR_NE
1,1:02,Patriots,Demario Douglas 2 yard pass from Drake Maye (Andres Borregales kick),7,7,2025_01_LVR_NE
2,1:57,Patriots,Andres Borregales 35 yard field goal ,7,10,2025_01_LVR_NE
3,9:39,Raiders,Ashton Jeanty 3 yard rush (Daniel Carlson kick),14,10,2025_01_LVR_NE
3,0:52,Raiders,Daniel Carlson 51 yard field goal ,17,10,2025_01_LVR_NE
4,6:46,Raiders,Daniel Carlson 40 yard field goal ,20,10,2025_01_LVR_NE
4,0:19,Patriots,Andres Borregales 44 yard field goal ,20,13,2025_01_LVR_NE
1,5:03,Cardinals,Chad Ryland 42 yard field goal ,3,0,2025_01_ARI_NO
2,14:20,Saints,Alvin Kamara 18 yard rush (Blake Grupe kick),3,7,2025_01_ARI_NO
2,10:05,Cardinals,Marvin Harrison Jr. 1 yard pass from Kyler Murray (Chad Ryland kick),10,7,2025_01_ARI_NO
2,4:58,Saints,Blake Grupe 36 yard field goal ,10,10,2025_01_ARI_NO
2,0:28,Cardinals,James Conner 4 yard pass from Kyler Murray (Chad Ryland kick),17,10,2025_01_ARI_NO
3,9:16,Cardinals,Chad Ryland 50 yard field goal ,20,10,2025_01_ARI_NO
4,2:42,Saints,Blake Grupe 28 yard field goal ,20,13,2025_01_ARI_NO
1,9:15,Jets,Nick Folk 35 yard field goal ,0,3,2025_01_PIT_NYJ
1,3:37,Steelers,Ben Skowronek 22 yard pass from Aaron Rodgers (Chris Boswell kick),7,3,2025_01_PIT_NYJ
1,0:25,Jets,Garrett Wilson 33 yard pass from Justin Fields (run failed),7,9,2025_01_PIT_NYJ
2,13:26,Steelers,Chris Boswell 56 yard field goal ,10,9,2025_01_PIT_NYJ
2,10:03,Jets,Braelon Allen 8 yard rush (Nick Folk kick),10,16,2025_01_PIT_NYJ
2,2:54,Jets,Nick Folk 51 yard field goal ,10,19,2025_01_PIT_NYJ
2,0:32,Steelers,Jonnu Smith 3 yard pass from Aaron Rodgers (Chris Boswell kick),17,19,2025_01_PIT_NYJ
3,3:46,Jets,Justin Fields 2 yard rush (Nick Folk kick),17,26,2025_01_PIT_NYJ
4,14:57,Steelers,Jaylen Warren 5 yard pass from Aaron Rodgers (Chris Boswell kick),24,26,2025_01_PIT_NYJ
4,14:07,Steelers,Calvin Austin III 18 yard pass from Aaron Rodgers (Chris Boswell kick),31,26,2025_01_PIT_NYJ
4,7:01,Jets,Justin Fields 1 yard rush (pass failed),31,32,2025_01_PIT_NYJ
4,1:03,Steelers,Chris Boswell 60 yard field goal ,34,32,2025_01_PIT_NYJ
1,7:00,Commanders,Zach Ertz 7 yard pass from Jayden Daniels (Matt Gay kick),0,7,2025_01_NYG_WAS
2,13:57,Giants,Graham Gano 21 yard field goal ,3,7,2025_01_NYG_WAS
2,6:14,Commanders,Jacory Croskey-Merritt 6 yard rush (Matt Gay kick),3,14,2025_01_NYG_WAS
3,1:43,Giants,Graham Gano 55 yard field goal ,6,14,2025_01_NYG_WAS
4,7:09,Commanders,Deebo Samuel 19 yard rush (Matt Gay kick),6,21,2025_01_NYG_WAS
1,11:58,Titans,Joey Slye 50 yard field goal ,3,0,2025_01_TEN_DEN
1,8:35,Broncos,Wil Lutz 39 yard field goal ,3,3,2025_01_TEN_DEN
2,2:16,Titans,Joey Slye 33 yard field goal ,6,3,2025_01_TEN_DEN
2,0:16,Broncos,Courtland Sutton 22 yard pass from Bo Nix (Wil Lutz kick),6,10,2025_01_TEN_DEN
2,0:02,Titans,Joey Slye 42 yard field goal ,9,10,2025_01_TEN_DEN
3,11:56,Titans,Joey Slye 35 yard field goal ,12,10,2025_01_TEN_DEN
3,4:17,Broncos,Wil Lutz 33 yard field goal ,12,13,2025_01_TEN_DEN
4,7:37,Broncos,J.K. Dobbins 19 yard rush (Wil Lutz kick),12,20,2025_01_TEN_DEN
1,3:43,49ers,George Kittle 5 yard pass from Brock Purdy (Jake Moody kick),7,0,2025_01_SF_SEA
2,13:38,Seahawks,Zach Charbonnet 1 yard rush (Jason Myers kick),7,7,2025_01_SF_SEA
2,0:02,Seahawks,Jason Myers 48 yard field goal ,7,10,2025_01_SF_SEA
4,9:42,49ers,Jake Moody 32 yard field goal ,10,10,2025_01_SF_SEA
4,3:24,Seahawks,Jason Myers 37 yard field goal ,10,13,2025_01_SF_SEA
4,1:34,49ers,Jake Tonges 4 yard pass from Brock Purdy (Jake Moody kick),17,13,2025_01_SF_SEA
1,9:25,Packers,Tucker Kraft 15 yard pass from Jordan Love (Brandon McManus kick),0,7,2025_01_DET_GB
1,3:58,Packers,Brandon McManus 34 yard field goal ,0,10,2025_01_DET_GB
2,9:27,Lions,Jake Bates 30 yard field goal ,3,10,2025_01_DET_GB
2,8:34,Packers,Jayden Reed 17 yard pass from Jordan Love (Brandon McManus kick),3,17,2025_01_DET_GB
3,9:40,Lions,Jake Bates 27 yard field goal ,6,17,2025_01_DET_GB
4,7:57,Packers,Josh Jacobs 3 yard rush (Brandon McManus kick),6,24,2025_01_DET_GB
4,4:22,Packers,Brandon McManus 38 yard field goal ,6,27,2025_01_DET_GB
4,0:55,Lions,Isaac TeSlaa 13 yard pass from Jared Goff (Jake Bates kick),13,27,2025_01_DET_GB
1,1:15,Texans,Ka'imi Fairbairn 51 yard field goal ,3,0,2025_01_HOU_LAR
2,4:47,Texans,Ka'imi Fairbairn 45 yard field goal ,6,0,2025_01_HOU_LAR
2,0:53,Rams,Kyren Williams 1 yard rush (Joshua Karty kick),6,7,2025_01_HOU_LAR
2,0:00,Texans,Ka'imi Fairbairn 53 yard field goal ,9,7,2025_01_HOU_LAR
3,12:28,Rams,Davis Allen 13 yard pass from Matthew Stafford (Joshua Karty kick),9,14,2025_01_HOU_LAR
1,11:19,Bills,Dalton Kincaid 15 yard pass from Josh Allen (Matt Prater kick),0,7,2025_01_BAL_BUF
1,3:38,Ravens,Tyler Loop 52 yard field goal ,3,7,2025_01_BAL_BUF
2,13:35,Ravens,Derrick Henry 30 yard rush (Tyler Loop kick),10,7,2025_01_BAL_BUF
2,9:47,Ravens,Lamar Jackson 10 yard rush (Tyler Loop kick),17,7,2025_01_BAL_BUF
2,2:50,Bills,Matt Prater 25 yard field goal ,17,10,2025_01_BAL_BUF
2,0:31,Ravens,Tyler Loop 49 yard field goal ,20,10,2025_01_BAL_BUF
2,0:00,Bills,Matt Prater 43 yard field goal ,20,13,2025_01_BAL_BUF
3,12:48,Ravens,Zay Flowers 23 yard pass from Lamar Jackson (Tyler Loop kick),27,13,2025_01_BAL_BUF
3,7:47,Bills,James Cook 2 yard rush (pass failed),27,19,2025_01_BAL_BUF
3,1:09,Ravens,DeAndre Hopkins 29 yard pass from Lamar Jackson (Tyler Loop kick),34,19,2025_01_BAL_BUF
4,12:51,Bills,Josh Allen 2 yard rush (pass failed),34,25,2025_01_BAL_BUF
4,11:42,Ravens,Derrick Henry 46 yard rush (Tyler Loop kick failed),40,25,2025_01_BAL_BUF
4,3:56,Bills,Keon Coleman 10 yard pass from Josh Allen (Matt Prater kick),40,32,2025_01_BAL_BUF
4,1:58,Bills,Josh Allen 1 yard rush (pass failed),40,38,2025_01_BAL_BUF
4,0:00,Bills,Matt Prater 32 yard field goal ,40,41,2025_01_BAL_BUF
1,7:04,Bears,Caleb Williams 9 yard rush (Cairo Santos kick),0,7,2025_01_MIN_CHI
2,12:48,Vikings,Will Reichard 31 yard field goal ,3,7,2025_01_MIN_CHI
2,0:24,Bears,Cairo Santos 42 yard field goal ,3,10,2025_01_MIN_CHI
2,0:06,Vikings,Will Reichard 59 yard field goal ,6,10,2025_01_MIN_CHI
3,12:51,Bears,Nahshon Wright 74 yard interception return (Cairo Santos kick),6,17,2025_01_MIN_CHI
4,12:13,Vikings,Justin Jefferson 13 yard pass from J.J. McCarthy (pass failed),12,17,2025_01_MIN_CHI
4,9:46,Vikings,Aaron Jones 27 yard pass from J.J. McCarthy (Adam Thielen pass from J.J. McCarthy),20,17,2025_01_MIN_CHI
4,2:53,Vikings,J.J. McCarthy 14 yard rush (Will Reichard kick),27,17,2025_01_MIN_CHI
4,2:02,Bears,Rome Odunze 1 yard pass from Caleb Williams (Cairo Santos kick),27,24,2025_01_MIN_CHI
1,4:39,Packers,Romeo Doubs 5 yard pass from Jordan Love (Brandon McManus kick),0,7,2025_02_WAS_GB
2,7:33,Packers,Josh Jacobs 2 yard rush (Brandon McManus kick),0,14,2025_02_WAS_GB
2,4:27,Commanders,Matt Gay 51 yard field goal ,3,14,2025_02_WAS_GB
3,6:37,Packers,Brandon McManus 22 yard field goal ,3,17,2025_02_WAS_GB
4,13:45,Commanders,Zach Ertz 20 yard pass from Jayden Daniels (Matt Gay kick),10,17,2025_02_WAS_GB
4,8:57,Packers,Tucker Kraft 8 yard pass from Jordan Love (Brandon McManus kick),10,24,2025_02_WAS_GB
4,6:42,Packers,Brandon McManus 56 yard field goal ,10,27,2025_02_WAS_GB
4,2:53,Commanders,Deebo Samuel 10 yard pass from Jayden Daniels (Luke McCaffrey pass from Jayden Daniels),18,27,2025_02_WAS_GB
1,3:06,Ravens,Tyler Loop 43 yard field goal ,0,3,2025_02_CLE_BAL
2,11:13,Ravens,Tylan Wallace 15 yard pass from Lamar Jackson (Tyler Loop kick),0,10,2025_02_CLE_BAL
2,0:29,Browns,Andre Szmyt 38 yard field goal ,3,10,2025_02_CLE_BAL
3,12:26,Ravens,Tyler Loop 32 yard field goal ,3,13,2025_02_CLE_BAL
3,10:09,Ravens,Devontez Walker 2 yard pass from Lamar Jackson (Tyler Loop kick),3,20,2025_02_CLE_BAL
3,5:02,Browns,Cedric Tillman 18 yard pass from Joe Flacco (Andre Szmyt kick),10,20,2025_02_CLE_BAL
4,13:26,Ravens,Devontez Walker 24 yard pass from Lamar Jackson (Tyler Loop kick),10,27,2025_02_CLE_BAL
4,8:19,Ravens,Roquan Smith 63 yard fumble return (Tyler Loop kick),10,34,2025_02_CLE_BAL
4,4:43,Ravens,DeAndre Hopkins 23 yard pass from Lamar Jackson (Tyler Loop kick),10,41,2025_02_CLE_BAL
4,1:50,Browns,Dylan Sampson 8 yard pass from Dillon Gabriel (Andre Szmyt kick),17,41,2025_02_CLE_BAL
1,10:51,Jaguars,Dyami Brown 9 yard pass from Trevor Lawrence (Cam Little kick),7,0,2025_02_JAX_CIN
1,0:07,Bengals,Ja'Marr Chase 4 yard pass from Joe Burrow (Evan McPherson kick),7,7,2025_02_JAX_CIN
2,10:54,Jaguars,Bhayshul Tuten 8 yard pass from Trevor Lawrence (Cam Little kick),14,7,2025_02_JAX_CIN
2,3:28,Bengals,Evan McPherson 31 yard field goal ,14,10,2025_02_JAX_CIN
2,1:35,Jaguars,Cam Little 42 yard field goal ,17,10,2025_02_JAX_CIN
3,11:05,Bengals,Mitchell Tinsley 13 yard pass from Jake Browning (Evan McPherson kick),17,17,2025_02_JAX_CIN
3,4:08,Jaguars,Travis Etienne 11 yard pass from Trevor Lawrence (Cam Little kick),24,17,2025_02_JAX_CIN
3,2:39,Bengals,Tee Higgins 42 yard pass from Jake Browning (Evan McPherson kick),24,24,2025_02_JAX_CIN
4,11:43,Jaguars,Cam Little 25 yard field goal ,27,24,2025_02_JAX_CIN
4,0:18,Bengals,Jake Browning 1 yard rush (Evan McPherson kick),27,31,2025_02_JAX_CIN
1,6:11,Giants,Graham Gano 38 yard field goal ,3,0,2025_02_NYG_DAL
1,1:05,Giants,Graham Gano 33 yard field goal ,6,0,2025_02_NYG_DAL
2,8:25,Cowboys,Brandon Aubrey 51 yard field goal ,6,3,2025_02_NYG_DAL
2,5:37,Giants,Malik Nabers 29 yard pass from Russell Wilson (Graham Gano kick),13,3,2025_02_NYG_DAL
2,2:11,Cowboys,KaVontae Turpin 10 yard pass from Dak Prescott (Brandon Aubrey kick),13,10,2025_02_NYG_DAL
3,7:20,Cowboys,Javonte Williams 30 yard rush (Brandon Aubrey kick),13,17,2025_02_NYG_DAL
3,5:38,Giants,Graham Gano 33 yard field goal ,16,17,2025_02_NYG_DAL
4,14:13,Cowboys,Brandon Aubrey 44 yard field goal ,16,20,2025_02_NYG_DAL
4,12:07,Giants,Cam Skattebo 1 yard rush (Graham Gano kick),23,20,2025_02_NYG_DAL
4,6:14,Cowboys,Miles Sanders 4 yard rush (Brandon Aubrey kick),23,27,2025_02_NYG_DAL
4,2:44,Giants,Wan'Dale Robinson 32 yard pass from Russell Wilson (Graham Gano kick),30,27,2025_02_NYG_DAL
4,0:52,Cowboys,George Pickens 6 yard pass from Dak Prescott (Brandon Aubrey kick),30,34,2025_02_NYG_DAL
4,0:25,Giants,Malik Nabers 48 yard pass from Russell Wilson (Graham Gano kick),37,34,2025_02_NYG_DAL
4,0:00,Cowboys,Brandon Aubrey 64 yard field goal ,37,37,2025_02_NYG_DAL
OT,0:00,Cowboys,Brandon Aubrey 46 yard field goal ,37,40,2025_02_NYG_DAL
1,12:13,Lions,Jahmyr Gibbs 6 yard rush (Jake Bates kick),0,7,2025_02_CHI_DET
1,8:30,Bears,Rome Odunze 28 yard pass from Caleb Williams (Cairo Santos kick),7,7,2025_02_CHI_DET
1,2:39,Lions,David Montgomery 1 yard rush (Jake Bates kick),7,14,2025_02_CHI_DET
2,4:48,Lions,Brock Wright 8 yard pass from Jared Goff (Jake Bates kick),7,21,2025_02_CHI_DET
2,1:55,Bears,Rome Odunze 6 yard pass from Caleb Williams (Cairo Santos kick),14,21,2025_02_CHI_DET
2,0:02,Lions,Amon-Ra St. Brown 4 yard pass from Jared Goff (Jake Bates kick),14,28,2025_02_CHI_DET
3,10:39,Lions,Jake Bates 34 yard field goal ,14,31,2025_02_CHI_DET
3,6:22,Lions,Jameson Williams 44 yard pass from Jared Goff (Jake Bates kick),14,38,2025_02_CHI_DET
4,14:56,Lions,Amon-Ra St. Brown 8 yard pass from Jared Goff (Jake Bates kick),14,45,2025_02_CHI_DET
4,11:45,Bears,D'Andre Swift 3 yard rush (Cairo Santos kick),21,45,2025_02_CHI_DET
4,7:58,Lions,Amon-Ra St. Brown 4 yard pass from Jared Goff (Jake Bates kick),21,52,2025_02_CHI_DET
1,9:29,Patriots,Mack Hollins 8 yard pass from Drake Maye (Andres Borregales kick failed),6,0,2025_02_NE_MIA
1,0:49,Patriots,Kayshon Boutte 16 yard pass from Drake Maye (Andres Borregales kick failed),12,0,2025_02_NE_MIA
2,11:19,Dolphins,Jaylen Waddle 18 yard pass from Tua Tagovailoa (Riley Patterson kick),12,7,2025_02_NE_MIA
2,1:56,Patriots,Andres Borregales 22 yard field goal ,15,7,2025_02_NE_MIA
2,0:33,Dolphins,De'Von Achane 29 yard pass from Tua Tagovailoa (Riley Patterson kick),15,14,2025_02_NE_MIA
3,10:41,Dolphins,Riley Patterson 40 yard field goal ,15,17,2025_02_NE_MIA
3,3:37,Dolphins,Riley Patterson 44 yard field goal ,15,20,2025_02_NE_MIA
3,0:06,Patriots,Drake Maye 6 yard rush (Rhamondre Stevenson run),23,20,2025_02_NE_MIA
4,7:18,Dolphins,Malik Washington 74 yard punt return (Riley Patterson kick),23,27,2025_02_NE_MIA
4,7:06,Patriots,Antonio Gibson 90 yard kickoff return (Andres Borregales kick),30,27,2025_02_NE_MIA
4,1:47,Patriots,Andres Borregales 53 yard field goal ,33,27,2025_02_NE_MIA
1,3:25,49ers,Luke Farrell 11 yard pass from Mac Jones (Eddy PiÃ±eiro kick failed),6,0,2025_02_SF_NO
2,11:23,49ers,Eddy PiÃ±eiro 44 yard field goal ,9,0,2025_02_SF_NO
2,1:14,Saints,Juwan Johnson 18 yard pass from Spencer Rattler (Blake Grupe kick),9,7,2025_02_SF_NO
2,0:07,49ers,Christian McCaffrey 7 yard pass from Mac Jones (Eddy PiÃ±eiro kick),16,7,2025_02_SF_NO
3,7:11,Saints,Rashid Shaheed 3 yard pass from Spencer Rattler (Blake Grupe kick),16,14,2025_02_SF_NO
3,3:20,49ers,Eddy PiÃ±eiro 46 yard field goal ,19,14,2025_02_SF_NO
4,12:18,49ers,Jauan Jennings 42 yard pass from Mac Jones (Eddy PiÃ±eiro kick),26,14,2025_02_SF_NO
4,6:18,Saints,Devaughn Vele 3 yard pass from Spencer Rattler (Blake Grupe kick),26,21,2025_02_SF_NO
1,7:29,Bills,James Cook 1 yard rush (Matt Prater kick),7,0,2025_02_BUF_NYJ
1,5:01,Bills,Matt Prater 28 yard field goal ,10,0,2025_02_BUF_NYJ
2,14:02,Bills,Matt Prater 52 yard field goal ,13,0,2025_02_BUF_NYJ
2,8:50,Bills,James Cook 44 yard rush (Matt Prater kick),20,0,2025_02_BUF_NYJ
2,4:21,Jets,Nick Folk 51 yard field goal ,20,3,2025_02_BUF_NYJ
3,9:01,Bills,Matt Prater 33 yard field goal ,23,3,2025_02_BUF_NYJ
4,14:57,Bills,Elijah Moore 4 yard rush (Matt Prater kick),30,3,2025_02_BUF_NYJ
4,3:28,Jets,Jeremy Ruckert 5 yard pass from Tyrod Taylor (Nick Folk kick),30,10,2025_02_BUF_NYJ
1,10:29,Seahawks,Tory Horton 21 yard pass from Sam Darnold (Jason Myers kick),7,0,2025_02_SEA_PIT
1,4:47,Steelers,Chris Boswell 48 yard field goal ,7,3,2025_02_SEA_PIT
1,2:13,Steelers,Chris Boswell 48 yard field goal ,7,6,2025_02_SEA_PIT
2,1:09,Steelers,D.K. Metcalf 2 yard pass from Aaron Rodgers (Darnell Washington pass from Aaron Rodgers),7,14,2025_02_SEA_PIT
3,6:10,Seahawks,AJ Barner 7 yard pass from Sam Darnold (Jason Myers kick),14,14,2025_02_SEA_PIT
4,12:46,Seahawks,Jason Myers 54 yard field goal ,17,14,2025_02_SEA_PIT
4,12:46,Seahawks,George Holani kickoff recovery in end zone (Jason Myers kick),24,14,2025_02_SEA_PIT
4,7:49,Steelers,Chris Boswell 45 yard field goal ,24,17,2025_02_SEA_PIT
4,3:41,Seahawks,Kenneth Walker III 19 yard rush (Jason Myers kick),31,17,2025_02_SEA_PIT
1,8:39,Rams,Puka Nacua 45 yard rush (Joshua Karty kick),7,0,2025_02_LAR_TEN
2,11:21,Titans,Joey Slye 55 yard field goal ,7,3,2025_02_LAR_TEN
2,7:25,Rams,Joshua Karty 21 yard field goal ,10,3,2025_02_LAR_TEN
2,0:38,Titans,Elic Ayomanor 9 yard pass from Cam Ward (Joey Slye kick),10,10,2025_02_LAR_TEN
2,0:00,Titans,Joey Slye 37 yard field goal ,10,13,2025_02_LAR_TEN
3,9:29,Rams,Joshua Karty 21 yard field goal ,13,13,2025_02_LAR_TEN
3,3:32,Titans,Joey Slye 57 yard field goal ,13,16,2025_02_LAR_TEN
3,1:17,Rams,Davis Allen 8 yard pass from Matthew Stafford (Joshua Karty kick),20,16,2025_02_LAR_TEN
4,9:40,Rams,Davante Adams 16 yard pass from Matthew Stafford (Joshua Karty kick),27,16,2025_02_LAR_TEN
4,6:45,Rams,Blake Corum 1 yard rush (Joshua Karty kick failed),33,16,2025_02_LAR_TEN
4,2:40,Titans,Joey Slye 35 yard field goal ,33,19,2025_02_LAR_TEN
1,13:27,Cardinals,Zaven Collins 3 yard fumble return (Chad Ryland kick),0,7,2025_02_CAR_ARI
1,5:19,Cardinals,Chad Ryland 29 yard field goal ,0,10,2025_02_CAR_ARI
1,0:50,Panthers,Ryan Fitzgerald 27 yard field goal ,3,10,2025_02_CAR_ARI
2,1:55,Cardinals,Chad Ryland 47 yard field goal ,3,13,2025_02_CAR_ARI
2,0:04,Cardinals,Michael Wilson 11 yard pass from Kyler Murray (Chad Ryland kick),3,20,2025_02_CAR_ARI
3,9:23,Cardinals,James Conner 2 yard rush (Chad Ryland kick),3,27,2025_02_CAR_ARI
3,2:06,Panthers,Hunter Renfrow 4 yard pass from Bryce Young (run failed),9,27,2025_02_CAR_ARI
4,5:05,Panthers,Chuba Hubbard 5 yard pass from Bryce Young (run failed),15,27,2025_02_CAR_ARI
4,1:58,Panthers,Hunter Renfrow 1 yard pass from Bryce Young (Ryan Fitzgerald kick),22,27,2025_02_CAR_ARI
1,11:51,Colts,Spencer Shrader 29 yard field goal ,0,3,2025_02_DEN_IND
1,8:24,Broncos,Marvin Mims 23 yard pass from Bo Nix (Wil Lutz kick),7,3,2025_02_DEN_IND
1,4:19,Colts,Spencer Shrader 33 yard field goal ,7,6,2025_02_DEN_IND
2,14:12,Colts,Daniel Jones 1 yard rush (Spencer Shrader kick),7,13,2025_02_DEN_IND
2,10:42,Broncos,Troy Franklin 3 yard pass from Bo Nix (Wil Lutz kick),14,13,2025_02_DEN_IND
2,3:03,Broncos,Adam Trautman 2 yard pass from Bo Nix (Wil Lutz kick),21,13,2025_02_DEN_IND
2,1:31,Colts,Jonathan Taylor 7 yard pass from Daniel Jones (Spencer Shrader kick),21,20,2025_02_DEN_IND
3,11:13,Broncos,J.K. Dobbins 5 yard rush (Wil Lutz kick),28,20,2025_02_DEN_IND
3,5:42,Colts,Spencer Shrader 36 yard field goal ,28,23,2025_02_DEN_IND
4,8:33,Colts,Spencer Shrader 28 yard field goal ,28,26,2025_02_DEN_IND
4,0:00,Colts,Spencer Shrader 45 yard field goal ,28,29,2025_02_DEN_IND
1,0:46,Eagles,Saquon Barkley 13 yard rush (Jake Elliott kick),7,0,2025_02_PHI_KC
2,11:42,Chiefs,Harrison Butker 56 yard field goal ,7,3,2025_02_PHI_KC
2,2:44,Chiefs,Patrick Mahomes 13 yard rush (Harrison Butker kick),7,10,2025_02_PHI_KC
2,0:00,Eagles,Jake Elliott 58 yard field goal ,10,10,2025_02_PHI_KC
3,11:28,Eagles,Jake Elliott 51 yard field goal ,13,10,2025_02_PHI_KC
4,7:48,Eagles,Jalen Hurts 1 yard rush (Jake Elliott kick),20,10,2025_02_PHI_KC
4,3:00,Chiefs,Tyquan Thornton 49 yard pass from Patrick Mahomes (Harrison Butker kick),20,17,2025_02_PHI_KC
1,11:12,Falcons,John Parker Romo 38 yard field goal ,3,0,2025_02_ATL_MIN
1,6:48,Falcons,John Parker Romo 29 yard field goal ,6,0,2025_02_ATL_MIN
2,7:06,Vikings,Will Reichard 33 yard field goal ,6,3,2025_02_ATL_MIN
2,0:25,Falcons,John Parker Romo 33 yard field goal ,9,3,2025_02_ATL_MIN
2,0:00,Vikings,Will Reichard 51 yard field goal ,9,6,2025_02_ATL_MIN
3,6:17,Falcons,John Parker Romo 33 yard field goal ,12,6,2025_02_ATL_MIN
4,11:16,Falcons,John Parker Romo 54 yard field goal ,15,6,2025_02_ATL_MIN
4,3:22,Falcons,Tyler Allgeier 5 yard rush (John Parker Romo kick),22,6,2025_02_ATL_MIN
1,12:00,Texans,Nico Collins 29 yard pass from C.J. Stroud (Ka'imi Fairbairn kick),0,7,2025_02_TB_HOU
1,7:20,Buccaneers,Ryan Miller 20 yard pass from Baker Mayfield (Chase McLaughlin kick),7,7,2025_02_TB_HOU
1,3:25,Texans,Ka'imi Fairbairn 35 yard field goal ,7,10,2025_02_TB_HOU
2,9:50,Buccaneers,Emeka Egbuka 15 yard pass from Baker Mayfield (Chase McLaughlin kick),14,10,2025_02_TB_HOU
4,5:22,Texans,Ka'imi Fairbairn 53 yard field goal ,14,13,2025_02_TB_HOU
4,2:10,Texans,Nick Chubb 25 yard rush (pass failed),14,19,2025_02_TB_HOU
4,0:06,Buccaneers,Rachaad White 2 yard rush (pass failed),20,19,2025_02_TB_HOU
1,13:43,Chargers,Cameron Dicker 38 yard field goal ,3,0,2025_02_LAC_LVR
1,9:02,Raiders,Daniel Carlson 54 yard field goal ,3,3,2025_02_LAC_LVR
1,0:20,Chargers,Keenan Allen 10 yard pass from Justin Herbert (Cameron Dicker kick),10,3,2025_02_LAC_LVR
2,9:54,Raiders,Daniel Carlson 40 yard field goal ,10,6,2025_02_LAC_LVR
2,1:51,Chargers,Quentin Johnston 60 yard pass from Justin Herbert (Cameron Dicker kick),17,6,2025_02_LAC_LVR
3,7:30,Chargers,Cameron Dicker 20 yard field goal ,20,6,2025_02_LAC_LVR
4,11:15,Raiders,Daniel Carlson 37 yard field goal ,20,9,2025_02_LAC_LVR
1,8:31,Dolphins,Ollie Gordon 2 yard rush (Riley Patterson kick),7,0,2025_03_MIA_BUF
1,4:04,Bills,Dalton Kincaid 20 yard pass from Josh Allen (Matt Prater kick),7,7,2025_03_MIA_BUF
2,11:54,Bills,Jackson Hawes 5 yard pass from Josh Allen (Matt Prater kick),7,14,2025_03_MIA_BUF
2,0:08,Dolphins,Jaylen Waddle 3 yard pass from Tua Tagovailoa (Riley Patterson kick),14,14,2025_03_MIA_BUF
3,10:23,Bills,James Cook 2 yard rush (Matt Prater kick),14,21,2025_03_MIA_BUF
4,12:17,Dolphins,Tyreek Hill 5 yard pass from Tua Tagovailoa (Riley Patterson kick),21,21,2025_03_MIA_BUF
4,7:17,Bills,Khalil Shakir 15 yard pass from Josh Allen (Matt Prater kick),21,28,2025_03_MIA_BUF
4,0:22,Bills,Matt Prater 48 yard field goal ,21,31,2025_03_MIA_BUF
1,6:44,Panthers,Bryce Young 4 yard rush (Ryan Fitzgerald kick),0,7,2025_03_ATL_CAR
2,5:24,Panthers,Ryan Fitzgerald 57 yard field goal ,0,10,2025_03_ATL_CAR
3,11:39,Panthers,Chau Smith-Wade 11 yard interception return (Ryan Fitzgerald kick),0,17,2025_03_ATL_CAR
3,4:48,Panthers,Ryan Fitzgerald 35 yard field goal ,0,20,2025_03_ATL_CAR
4,10:48,Panthers,Rico Dowdle 1 yard rush (Ryan Fitzgerald kick),0,27,2025_03_ATL_CAR
4,3:41,Panthers,Ryan Fitzgerald 41 yard field goal ,0,30,2025_03_ATL_CAR
2,14:53,Packers,Brandon McManus 39 yard field goal ,3,0,2025_03_GB_CLE
3,3:23,Packers,John FitzPatrick 3 yard pass from Jordan Love (Brandon McManus kick),10,0,2025_03_GB_CLE
4,3:38,Browns,Andre Szmyt 35 yard field goal ,10,3,2025_03_GB_CLE
4,3:01,Browns,Quinshon Judkins 1 yard rush (Andre Szmyt kick),10,10,2025_03_GB_CLE
4,0:00,Browns,Andre Szmyt 55 yard field goal ,10,13,2025_03_GB_CLE
1,2:06,Jaguars,Bhayshul Tuten 1 yard rush (Cam Little kick),0,7,2025_03_HOU_JAX
2,6:54,Texans,Ka'imi Fairbairn 27 yard field goal ,3,7,2025_03_HOU_JAX
3,6:23,Jaguars,Cam Little 39 yard field goal ,3,10,2025_03_HOU_JAX
4,9:17,Texans,Nico Collins 50 yard pass from C.J. Stroud (Ka'imi Fairbairn kick),10,10,2025_03_HOU_JAX
4,1:48,Jaguars,Travis Etienne 10 yard rush (Cam Little kick),10,17,2025_03_HOU_JAX
1,12:57,Vikings,Josh Oliver 12 yard pass from Carson Wentz (Will Reichard kick),0,7,2025_03_CIN_MIN
1,6:08,Vikings,Isaiah Rodgers 87 yard interception return (Will Reichard kick),0,14,2025_03_CIN_MIN
2,9:20,Vikings,Will Reichard 35 yard field goal ,0,17,2025_03_CIN_MIN
2,4:42,Bengals,Evan McPherson 45 yard field goal ,3,17,2025_03_CIN_MIN
2,1:47,Vikings,Isaiah Rodgers 66 yard fumble return (Will Reichard kick),3,24,2025_03_CIN_MIN
2,0:33,Vikings,Jordan Mason 5 yard rush (Will Reichard kick),3,31,2025_03_CIN_MIN
2,0:00,Vikings,Will Reichard 62 yard field goal ,3,34,2025_03_CIN_MIN
3,6:00,Vikings,Jordan Mason 4 yard rush (Will Reichard kick),3,41,2025_03_CIN_MIN
3,0:17,Vikings,T.J. Hockenson 5 yard pass from Carson Wentz (Will Reichard kick),3,48,2025_03_CIN_MIN
4,11:12,Bengals,Drew Sample 4 yard pass from Jake Browning (Evan McPherson kick),10,48,2025_03_CIN_MIN
1,8:25,Steelers,Kenneth Gainwell 1 yard rush (Chris Boswell kick),7,0,2025_03_PIT_NE
2,13:49,Steelers,D.K. Metcalf 12 yard pass from Aaron Rodgers (Chris Boswell kick),14,0,2025_03_PIT_NE
2,9:01,Patriots,Hunter Henry 5 yard pass from Drake Maye (Andres Borregales kick),14,7,2025_03_PIT_NE
4,14:56,Patriots,Hunter Henry 16 yard pass from Drake Maye (Andres Borregales kick),14,14,2025_03_PIT_NE
4,2:16,Steelers,Calvin Austin III 17 yard pass from Aaron Rodgers (Chris Boswell kick),21,14,2025_03_PIT_NE
1,8:07,Eagles,Jalen Hurts 1 yard rush (Jake Elliott kick),0,7,2025_03_LAR_PHI
1,4:00,Rams,Joshua Karty 51 yard field goal ,3,7,2025_03_LAR_PHI
1,1:20,Rams,Davante Adams 44 yard pass from Matthew Stafford (Joshua Karty kick),10,7,2025_03_LAR_PHI
2,9:15,Rams,Joshua Karty 28 yard field goal ,13,7,2025_03_LAR_PHI
2,3:43,Rams,Joshua Karty 33 yard field goal ,16,7,2025_03_LAR_PHI
2,0:10,Rams,Joshua Karty 46 yard field goal ,19,7,2025_03_LAR_PHI
3,14:06,Rams,Kyren Williams 10 yard pass from Matthew Stafford (Joshua Karty kick),26,7,2025_03_LAR_PHI
3,11:38,Eagles,Dallas Goedert 33 yard pass from Jalen Hurts (Jake Elliott kick),26,14,2025_03_LAR_PHI
3,2:16,Eagles,A.J. Brown 9 yard pass from Jalen Hurts (Jake Elliott kick),26,21,2025_03_LAR_PHI
4,1:48,Eagles,DeVonta Smith 4 yard pass from Jalen Hurts (pass failed),26,27,2025_03_LAR_PHI
4,0:00,Eagles,Jordan Davis 61 yard blocked field goal return ,26,33,2025_03_LAR_PHI
1,8:51,Jets,Nick Folk 38 yard field goal ,3,0,2025_03_NYJ_TB
1,2:20,Buccaneers,Chase McLaughlin 54 yard field goal ,3,3,2025_03_NYJ_TB
2,14:01,Jets,Nick Folk 42 yard field goal ,6,3,2025_03_NYJ_TB
2,11:15,Buccaneers,Mike Evans 5 yard pass from Baker Mayfield (Chase McLaughlin kick),6,10,2025_03_NYJ_TB
2,1:43,Buccaneers,Chase McLaughlin 33 yard field goal ,6,13,2025_03_NYJ_TB
2,0:17,Buccaneers,Jamel Dean 55 yard interception return (Chase McLaughlin kick),6,20,2025_03_NYJ_TB
3,5:51,Buccaneers,Chase McLaughlin 28 yard field goal ,6,23,2025_03_NYJ_TB
4,10:12,Jets,Garrett Wilson 11 yard pass from Tyrod Taylor (Nick Folk kick),13,23,2025_03_NYJ_TB
4,6:13,Buccaneers,Chase McLaughlin 55 yard field goal ,13,26,2025_03_NYJ_TB
4,3:40,Jets,Allen Lazard 4 yard pass from Tyrod Taylor (Nick Folk kick),20,26,2025_03_NYJ_TB
4,1:49,Jets,Will McDonald 50 yard blocked field goal return (Nick Folk kick),27,26,2025_03_NYJ_TB
4,0:00,Buccaneers,Chase McLaughlin 36 yard field goal ,27,29,2025_03_NYJ_TB
1,14:11,Colts,Kenny Moore 32 yard interception return (Spencer Shrader kick),7,0,2025_03_IND_TEN
1,12:40,Titans,Joey Slye 57 yard field goal ,7,3,2025_03_IND_TEN
1,7:37,Colts,Spencer Shrader 24 yard field goal ,10,3,2025_03_IND_TEN
1,1:07,Colts,Jonathan Taylor 1 yard rush (Spencer Shrader kick),17,3,2025_03_IND_TEN
2,10:50,Titans,Joey Slye 42 yard field goal ,17,6,2025_03_IND_TEN
2,0:00,Colts,Spencer Shrader 36 yard field goal ,20,6,2025_03_IND_TEN
3,11:08,Colts,Michael Pittman Jr. 20 yard pass from Daniel Jones (Spencer Shrader kick),27,6,2025_03_IND_TEN
3,5:09,Titans,Tony Pollard 1 yard rush (Joey Slye kick),27,13,2025_03_IND_TEN
3,1:27,Colts,Jonathan Taylor 46 yard rush (Spencer Shrader kick),34,13,2025_03_IND_TEN
4,8:40,Titans,Elic Ayomanor 8 yard pass from Cam Ward (Joey Slye kick),34,20,2025_03_IND_TEN
4,5:53,Colts,Jonathan Taylor 1 yard rush (Spencer Shrader kick),41,20,2025_03_IND_TEN
1,11:51,Commanders,Marcus Mariota 2 yard rush (Matt Gay kick),0,7,2025_03_LVR_WAS
1,9:46,Raiders,Daniel Carlson 37 yard field goal ,3,7,2025_03_LVR_WAS
2,9:56,Commanders,Matt Gay 46 yard field goal ,3,10,2025_03_LVR_WAS
2,4:20,Raiders,Tre Tucker 10 yard pass from Geno Smith (Daniel Carlson kick),10,10,2025_03_LVR_WAS
2,3:31,Commanders,Jeremy McNichols 60 yard rush (Matt Gay kick),10,17,2025_03_LVR_WAS
2,0:00,Commanders,Matt Gay 56 yard field goal ,10,20,2025_03_LVR_WAS
3,9:35,Commanders,Jaylin Lane 90 yard punt return (Matt Gay kick),10,27,2025_03_LVR_WAS
3,3:03,Commanders,Jacory Croskey-Merritt 1 yard rush (Matt Gay kick),10,34,2025_03_LVR_WAS
4,12:57,Raiders,Tre Tucker 10 yard pass from Geno Smith (run failed),16,34,2025_03_LVR_WAS
4,3:45,Raiders,Tre Tucker 61 yard pass from Geno Smith (Brock Bowers pass from Geno Smith),24,34,2025_03_LVR_WAS
4,2:05,Commanders,Luke McCaffrey 43 yard pass from Marcus Mariota (Matt Gay kick),24,41,2025_03_LVR_WAS
1,11:54,Chargers,Cameron Dicker 32 yard field goal ,0,3,2025_03_DEN_LAC
2,1:53,Chargers,Omarion Hampton 3 yard rush (Cameron Dicker kick),0,10,2025_03_DEN_LAC
2,0:38,Broncos,Courtland Sutton 52 yard pass from Bo Nix (Wil Lutz kick),7,10,2025_03_DEN_LAC
3,13:40,Broncos,J.K. Dobbins 19 yard rush (Wil Lutz kick),14,10,2025_03_DEN_LAC
3,12:02,Broncos,Wil Lutz 42 yard field goal ,17,10,2025_03_DEN_LAC
3,5:35,Chargers,Cameron Dicker 24 yard field goal ,17,13,2025_03_DEN_LAC
4,12:21,Broncos,Wil Lutz 26 yard field goal ,20,13,2025_03_DEN_LAC
4,2:37,Chargers,Keenan Allen 20 yard pass from Justin Herbert (Cameron Dicker kick),20,20,2025_03_DEN_LAC
4,0:00,Chargers,Cameron Dicker 43 yard field goal ,20,23,2025_03_DEN_LAC
1,9:48,Seahawks,Jaxon Smith-Njigba 12 yard pass from Sam Darnold (Jason Myers kick),0,7,2025_03_NO_SEA
1,7:31,Seahawks,Tory Horton 95 yard punt return (Jason Myers kick),0,14,2025_03_NO_SEA
1,4:22,Seahawks,Kenneth Walker III 3 yard rush (Jason Myers kick),0,21,2025_03_NO_SEA
2,12:47,Saints,Blake Grupe 27 yard field goal ,3,21,2025_03_NO_SEA
2,11:18,Seahawks,Tory Horton 14 yard pass from Sam Darnold (Jason Myers kick),3,28,2025_03_NO_SEA
2,7:42,Seahawks,Kenneth Walker III 1 yard rush (Jason Myers kick),3,35,2025_03_NO_SEA
2,1:29,Seahawks,Jason Myers 56 yard field goal ,3,38,2025_03_NO_SEA
2,0:00,Saints,Blake Grupe 23 yard field goal ,6,38,2025_03_NO_SEA
3,11:29,Seahawks,Jason Myers 46 yard field goal ,6,41,2025_03_NO_SEA
3,4:39,Seahawks,Jason Myers 37 yard field goal ,6,44,2025_03_NO_SEA
4,14:53,Saints,Jack Stoll 13 yard pass from Spencer Rattler (Blake Grupe kick),13,44,2025_03_NO_SEA
1,10:35,Bears,Rome Odunze 35 yard pass from Caleb Williams (Cairo Santos kick),0,7,2025_03_DAL_CHI
1,4:21,Cowboys,Brandon Aubrey 53 yard field goal ,3,7,2025_03_DAL_CHI
1,4:10,Bears,Luther Burden 65 yard pass from Caleb Williams (Cairo Santos kick),3,14,2025_03_DAL_CHI
2,13:49,Cowboys,Brandon Aubrey 33 yard field goal ,6,14,2025_03_DAL_CHI
2,7:57,Cowboys,George Pickens 2 yard pass from Dak Prescott (Jalen Tolbert pass from Dak Prescott),14,14,2025_03_DAL_CHI
2,4:15,Bears,Cairo Santos 30 yard field goal ,14,17,2025_03_DAL_CHI
2,0:25,Bears,Cole Kmet 10 yard pass from Caleb Williams (Cairo Santos kick),14,24,2025_03_DAL_CHI
3,0:09,Bears,D.J. Moore 4 yard pass from Caleb Williams (Cairo Santos kick),14,31,2025_03_DAL_CHI
2,8:45,Cardinals,Chad Ryland 34 yard field goal ,3,0,2025_03_ARI_SF
2,4:22,49ers,Eddy PiÃ±eiro 38 yard field goal ,3,3,2025_03_ARI_SF
2,0:17,49ers,Eddy PiÃ±eiro 51 yard field goal ,3,6,2025_03_ARI_SF
3,6:37,Cardinals,Chad Ryland 28 yard field goal ,6,6,2025_03_ARI_SF
4,10:50,49ers,Kyle Juszczyk 1 yard pass from Mac Jones (Eddy PiÃ±eiro kick),6,13,2025_03_ARI_SF
4,8:37,Cardinals,Trey McBride 1 yard pass from Kyler Murray (Chad Ryland kick),13,13,2025_03_ARI_SF
4,3:15,Cardinals,"Safety, Dominick Puni offensive holding in end zone ",15,13,2025_03_ARI_SF
4,0:00,49ers,Eddy PiÃ±eiro 35 yard field goal ,15,16,2025_03_ARI_SF
1,3:45,Chiefs,Harrison Butker 54 yard field goal ,3,0,2025_03_KC_NYG
2,9:48,Chiefs,Harrison Butker 48 yard field goal ,6,0,2025_03_KC_NYG
2,1:44,Giants,Cam Skattebo 13 yard rush (Jamie Gillan kick failed),6,6,2025_03_KC_NYG
2,0:00,Chiefs,Harrison Butker 28 yard field goal ,9,6,2025_03_KC_NYG
3,8:22,Chiefs,Tyquan Thornton 5 yard pass from Patrick Mahomes (Harrison Butker kick),16,6,2025_03_KC_NYG
4,10:12,Giants,Graham Gano 25 yard field goal ,16,9,2025_03_KC_NYG
4,6:03,Chiefs,Kareem Hunt 1 yard rush (Harrison Butker kick failed),22,9,2025_03_KC_NYG
1,9:16,Lions,Jahmyr Gibbs 1 yard rush (Jake Bates kick),7,0,2025_03_DET_BAL
1,5:40,Ravens,Derrick Henry 28 yard rush (Tyler Loop kick),7,7,2025_03_DET_BAL
2,5:55,Lions,David Montgomery 1 yard rush (Jake Bates kick),14,7,2025_03_DET_BAL
2,0:24,Ravens,Rashod Bateman 3 yard pass from Lamar Jackson (Tyler Loop kick),14,14,2025_03_DET_BAL
3,8:51,Ravens,Mark Andrews 14 yard pass from Lamar Jackson (Tyler Loop kick),14,21,2025_03_DET_BAL
3,5:13,Lions,Amon-Ra St. Brown 18 yard pass from Jared Goff (Jake Bates kick),21,21,2025_03_DET_BAL
4,14:55,Lions,Jahmyr Gibbs 4 yard rush (Jake Bates kick),28,21,2025_03_DET_BAL
4,9:40,Ravens,Tyler Loop 41 yard field goal ,28,24,2025_03_DET_BAL
4,6:35,Lions,Jake Bates 45 yard field goal ,31,24,2025_03_DET_BAL
4,1:42,Lions,David Montgomery 31 yard rush (Jake Bates kick),38,24,2025_03_DET_BAL
4,0:29,Ravens,Mark Andrews 27 yard pass from Lamar Jackson (pass failed),38,30,2025_03_DET_BAL
1,4:37,Cardinals,Chad Ryland 33 yard field goal ,0,3,2025_04_SEA_ARI
1,1:33,Seahawks,AJ Barner 16 yard pass from Sam Darnold (Jason Myers kick),7,3,2025_04_SEA_ARI
2,1:01,Seahawks,Zach Charbonnet 1 yard rush (Jason Myers kick),14,3,2025_04_SEA_ARI
3,8:56,Seahawks,Jason Myers 44 yard field goal ,17,3,2025_04_SEA_ARI
3,1:39,Cardinals,Chad Ryland 57 yard field goal ,17,6,2025_04_SEA_ARI
4,9:33,Seahawks,Jason Myers 31 yard field goal ,20,6,2025_04_SEA_ARI
4,5:50,Cardinals,Marvin Harrison Jr. 16 yard pass from Kyler Murray (Chad Ryland kick),20,13,2025_04_SEA_ARI
4,0:28,Cardinals,Emari Demercado 7 yard pass from Kyler Murray (Chad Ryland kick),20,20,2025_04_SEA_ARI
4,0:00,Seahawks,Jason Myers 52 yard field goal ,23,20,2025_04_SEA_ARI
1,6:24,Vikings,Will Reichard 41 yard field goal ,3,0,2025_04_MIN_PIT
1,0:55,Steelers,Kenneth Gainwell 1 yard rush (Chris Boswell kick),3,7,2025_04_MIN_PIT
2,12:16,Steelers,D.K. Metcalf 80 yard pass from Aaron Rodgers (Chris Boswell kick),3,14,2025_04_MIN_PIT
2,0:12,Vikings,Will Reichard 28 yard field goal ,6,14,2025_04_MIN_PIT
3,2:23,Steelers,Kenneth Gainwell 4 yard rush (Chris Boswell kick),6,21,2025_04_MIN_PIT
4,11:18,Steelers,Chris Boswell 33 yard field goal ,6,24,2025_04_MIN_PIT
4,7:50,Vikings,Zavier Scott 16 yard pass from Carson Wentz (Jalen Nailor pass from Carson Wentz),14,24,2025_04_MIN_PIT
4,2:08,Vikings,Jalen Nailor 2 yard pass from Carson Wentz (Will Reichard kick),21,24,2025_04_MIN_PIT
1,10:46,Falcons,John Parker Romo 38 yard field goal ,0,3,2025_04_WAS_ATL
1,0:32,Falcons,Drake London 5 yard pass from Michael Penix (John Parker Romo kick),0,10,2025_04_WAS_ATL
2,11:31,Commanders,Luke McCaffrey 5 yard pass from Marcus Mariota (Matt Gay kick),7,10,2025_04_WAS_ATL
2,8:27,Falcons,Bijan Robinson 14 yard rush (John Parker Romo kick),7,17,2025_04_WAS_ATL
2,5:24,Commanders,Matt Gay 43 yard field goal ,10,17,2025_04_WAS_ATL
3,10:12,Commanders,Matt Gay 52 yard field goal ,13,17,2025_04_WAS_ATL
3,9:25,Falcons,Kyle Pitts 7 yard pass from Michael Penix (John Parker Romo kick),13,24,2025_04_WAS_ATL
3,4:22,Commanders,Matt Gay 41 yard field goal ,16,24,2025_04_WAS_ATL
3,0:14,Falcons,Tyler Allgeier 15 yard rush (John Parker Romo kick),16,31,2025_04_WAS_ATL
4,8:48,Commanders,Deebo Samuel 24 yard pass from Marcus Mariota (Zach Ertz pass from Marcus Mariota),24,31,2025_04_WAS_ATL
4,1:57,Falcons,John Parker Romo 26 yard field goal ,24,34,2025_04_WAS_ATL
4,1:29,Commanders,Matt Gay 42 yard field goal ,27,34,2025_04_WAS_ATL
1,10:49,Bills,Khalil Shakir 43 yard pass from Josh Allen (Matt Prater kick),0,7,2025_04_NO_BUF
1,6:46,Saints,Kendre Miller 18 yard rush (Blake Grupe kick),7,7,2025_04_NO_BUF
1,2:29,Bills,James Cook 1 yard rush (Matt Prater kick),7,14,2025_04_NO_BUF
2,5:31,Saints,Blake Grupe 54 yard field goal ,10,14,2025_04_NO_BUF
3,6:42,Bills,Josh Allen 5 yard rush (Matt Prater kick),10,21,2025_04_NO_BUF
3,0:14,Saints,Chris Olave 3 yard pass from Spencer Rattler (run failed),16,21,2025_04_NO_BUF
4,8:53,Saints,Blake Grupe 35 yard field goal ,19,21,2025_04_NO_BUF
4,7:07,Bills,Dalton Kincaid 28 yard pass from Josh Allen (Matt Prater kick),19,28,2025_04_NO_BUF
4,2:09,Bills,Matt Prater 35 yard field goal ,19,31,2025_04_NO_BUF
1,5:36,Browns,Quinshon Judkins 1 yard rush (Andre Szmyt kick),7,0,2025_04_CLE_DET
1,3:20,Lions,Jahmyr Gibbs 8 yard rush (Jake Bates kick),7,7,2025_04_CLE_DET
2,14:17,Lions,Jake Bates 48 yard field goal ,7,10,2025_04_CLE_DET
2,3:00,Lions,Amon-Ra St. Brown 2 yard pass from Jared Goff (Jake Bates kick),7,17,2025_04_CLE_DET
2,0:08,Lions,Jake Bates 58 yard field goal ,7,20,2025_04_CLE_DET
3,6:44,Browns,Andre Szmyt 33 yard field goal ,10,20,2025_04_CLE_DET
4,13:40,Lions,Kalif Raymond 65 yard punt return (Jake Bates kick),10,27,2025_04_CLE_DET
4,4:04,Lions,Amon-Ra St. Brown 8 yard pass from Jared Goff (Jake Bates kick),10,34,2025_04_CLE_DET
1,4:49,Texans,Ka'imi Fairbairn 47 yard field goal ,0,3,2025_04_TEN_HOU
2,13:28,Texans,Ka'imi Fairbairn 43 yard field goal ,0,6,2025_04_TEN_HOU
4,14:55,Texans,Woody Marks 12 yard pass from C.J. Stroud (pass failed),0,12,2025_04_TEN_HOU
4,9:26,Texans,Jayden Higgins 24 yard pass from C.J. Stroud (Ka'imi Fairbairn kick),0,19,2025_04_TEN_HOU
4,4:51,Texans,Woody Marks 18 yard rush (Ka'imi Fairbairn kick),0,26,2025_04_TEN_HOU
1,10:51,Panthers,Tommy Tremble 7 yard pass from Bryce Young (Ryan Fitzgerald kick failed),6,0,2025_04_CAR_NE
1,5:34,Patriots,Marcus Jones 87 yard punt return (Andres Borregales kick),6,7,2025_04_CAR_NE
2,14:54,Patriots,Drake Maye 5 yard rush (Andres Borregales kick),6,14,2025_04_CAR_NE
2,5:48,Patriots,TreVeyon Henderson 5 yard rush (Andres Borregales kick),6,21,2025_04_CAR_NE
2,1:57,Patriots,Antonio Gibson 1 yard rush (Andres Borregales kick),6,28,2025_04_CAR_NE
3,10:17,Patriots,Hunter Henry 31 yard pass from Drake Maye (Andres Borregales kick),6,35,2025_04_CAR_NE
4,14:13,Patriots,Mack Hollins 4 yard pass from Drake Maye (Andres Borregales kick),6,42,2025_04_CAR_NE
4,1:56,Panthers,Mitchell Evans 2 yard pass from Andy Dalton (Ryan Fitzgerald kick),13,42,2025_04_CAR_NE
1,9:20,Giants,Jaxson Dart 15 yard rush (Jude McAtamney kick),0,7,2025_04_LAC_NYG
2,13:47,Giants,Jude McAtamney 22 yard field goal ,0,10,2025_04_LAC_NYG
2,8:06,Chargers,Cameron Dicker 43 yard field goal ,3,10,2025_04_LAC_NYG
2,1:52,Giants,Jude McAtamney 31 yard field goal ,3,13,2025_04_LAC_NYG
2,0:27,Chargers,Quentin Johnston 36 yard pass from Justin Herbert (Cameron Dicker kick),10,13,2025_04_LAC_NYG
3,2:49,Giants,Theo Johnson 3 yard pass from Jaxson Dart (Cam Skattebo run),10,21,2025_04_LAC_NYG
3,1:27,Chargers,Omarion Hampton 54 yard rush (Justin Herbert run),18,21,2025_04_LAC_NYG
1,12:51,Eagles,Sydney Brown 35 yard blocked punt return (Jake Elliott kick),7,0,2025_04_PHI_TB
1,7:08,Eagles,Dallas Goedert 2 yard pass from Jalen Hurts (Jake Elliott kick),14,0,2025_04_PHI_TB
1,0:00,Buccaneers,Chase McLaughlin 42 yard field goal ,14,3,2025_04_PHI_TB
2,6:10,Eagles,Dallas Goedert 5 yard pass from Jalen Hurts (Jake Elliott kick),21,3,2025_04_PHI_TB
2,0:58,Eagles,Jake Elliott 39 yard field goal ,24,3,2025_04_PHI_TB
2,0:00,Buccaneers,Chase McLaughlin 65 yard field goal ,24,6,2025_04_PHI_TB
3,9:51,Buccaneers,Emeka Egbuka 77 yard pass from Baker Mayfield (Chase McLaughlin kick),24,13,2025_04_PHI_TB
3,3:51,Eagles,Saquon Barkley 6 yard rush (Jake Elliott kick),31,13,2025_04_PHI_TB
3,2:10,Buccaneers,Bucky Irving 72 yard pass from Baker Mayfield (Chase McLaughlin kick),31,20,2025_04_PHI_TB
4,12:16,Buccaneers,Chase McLaughlin 58 yard field goal ,31,23,2025_04_PHI_TB
4,0:00,Buccaneers,"Safety, Braden Mann tackled in end zone by Kaevon Merriweather ",31,25,2025_04_PHI_TB
1,7:32,Rams,Joshua Karty 42 yard field goal ,0,3,2025_04_IND_LAR
1,4:55,Colts,Spencer Shrader 52 yard field goal ,3,3,2025_04_IND_LAR
2,12:17,Colts,Tyler Warren 2 yard rush (Spencer Shrader kick),10,3,2025_04_IND_LAR
2,5:21,Rams,Joshua Karty 37 yard field goal ,10,6,2025_04_IND_LAR
2,0:07,Rams,Davante Adams 10 yard pass from Matthew Stafford (Joshua Karty kick),10,13,2025_04_IND_LAR
4,11:34,Colts,Michael Pittman Jr. 2 yard pass from Daniel Jones (Spencer Shrader kick),17,13,2025_04_IND_LAR
4,8:58,Colts,Spencer Shrader 38 yard field goal ,20,13,2025_04_IND_LAR
4,3:20,Rams,Puka Nacua 9 yard pass from Matthew Stafford (Joshua Karty kick),20,20,2025_04_IND_LAR
4,1:33,Rams,Tutu Atwell 88 yard pass from Matthew Stafford (Joshua Karty kick),20,27,2025_04_IND_LAR
1,8:33,49ers,Eddy PiÃ±eiro 26 yard field goal ,0,3,2025_04_JAX_SF
2,14:41,Jaguars,Travis Etienne 48 yard rush (Cam Little kick),7,3,2025_04_JAX_SF
2,5:01,Jaguars,Hunter Long 4 yard pass from Trevor Lawrence (Cam Little kick),14,3,2025_04_JAX_SF
2,0:40,49ers,Eddy PiÃ±eiro 23 yard field goal ,14,6,2025_04_JAX_SF
2,0:00,Jaguars,Cam Little 26 yard field goal ,17,6,2025_04_JAX_SF
3,8:32,49ers,Christian McCaffrey 8 yard pass from Brock Purdy (Jauan Jennings pass from Brock Purdy),17,14,2025_04_JAX_SF
3,4:07,Jaguars,Cam Little 44 yard field goal ,20,14,2025_04_JAX_SF
3,2:22,Jaguars,Parker Washington 87 yard punt return (pass failed),26,14,2025_04_JAX_SF
4,7:41,49ers,Jake Tonges 21 yard pass from Brock Purdy (Eddy PiÃ±eiro kick),26,21,2025_04_JAX_SF
1,9:35,Ravens,Justice Hill 11 yard pass from Lamar Jackson (Tyler Loop kick),7,0,2025_04_BAL_KC
1,5:40,Chiefs,Harrison Butker 38 yard field goal ,7,3,2025_04_BAL_KC
2,10:00,Chiefs,Harrison Butker 23 yard field goal ,7,6,2025_04_BAL_KC
2,3:59,Chiefs,JuJu Smith-Schuster 4 yard pass from Patrick Mahomes (Harrison Butker kick),7,13,2025_04_BAL_KC
2,1:41,Chiefs,Isiah Pacheco 8 yard pass from Patrick Mahomes (Harrison Butker kick),7,20,2025_04_BAL_KC
2,0:00,Ravens,Tyler Loop 43 yard field goal ,10,20,2025_04_BAL_KC
3,11:51,Chiefs,Tyquan Thornton 11 yard pass from Patrick Mahomes (Harrison Butker kick),10,27,2025_04_BAL_KC
3,7:22,Ravens,Tyler Loop 32 yard field goal ,13,27,2025_04_BAL_KC
3,1:06,Chiefs,Harrison Butker 31 yard field goal ,13,30,2025_04_BAL_KC
4,13:19,Chiefs,Marquise Brown 15 yard pass from Patrick Mahomes (Harrison Butker kick),13,37,2025_04_BAL_KC
4,1:56,Ravens,Justice Hill 71 yard rush (Tyler Loop kick),20,37,2025_04_BAL_KC
1,9:53,Bears,Cairo Santos 46 yard field goal ,3,0,2025_04_CHI_LVR
1,0:08,Raiders,Ashton Jeanty 8 yard pass from Geno Smith (Daniel Carlson kick),3,7,2025_04_CHI_LVR
2,4:22,Bears,Cairo Santos 43 yard field goal ,6,7,2025_04_CHI_LVR
2,4:03,Raiders,Ashton Jeanty 64 yard rush (Daniel Carlson kick),6,14,2025_04_CHI_LVR
2,0:53,Bears,Cairo Santos 52 yard field goal ,9,14,2025_04_CHI_LVR
3,11:38,Bears,Rome Odunze 27 yard pass from Caleb Williams (Cairo Santos kick),16,14,2025_04_CHI_LVR
3,5:23,Raiders,Ashton Jeanty 9 yard pass from Geno Smith (Daniel Carlson kick),16,21,2025_04_CHI_LVR
4,11:38,Bears,Cairo Santos 51 yard field goal ,19,21,2025_04_CHI_LVR
4,6:45,Raiders,Daniel Carlson 29 yard field goal ,19,24,2025_04_CHI_LVR
4,1:34,Bears,D'Andre Swift 2 yard rush (pass failed),25,24,2025_04_CHI_LVR
1,10:07,Packers,Romeo Doubs 2 yard pass from Jordan Love (Brandon McManus kick),7,0,2025_04_GB_DAL
2,10:37,Packers,Romeo Doubs 1 yard pass from Jordan Love (Brandon McManus kick failed),13,0,2025_04_GB_DAL
2,10:37,Cowboys,Markquese Bell defensive extra point return ,13,2,2025_04_GB_DAL
2,0:41,Cowboys,Dak Prescott 2 yard rush (Brandon Aubrey kick),13,9,2025_04_GB_DAL
2,0:09,Cowboys,George Pickens 15 yard pass from Dak Prescott (Brandon Aubrey kick),13,16,2025_04_GB_DAL
3,7:08,Packers,Josh Jacobs 1 yard rush (Brandon McManus kick),20,16,2025_04_GB_DAL
3,0:34,Cowboys,Jake Ferguson 8 yard pass from Dak Prescott (Brandon Aubrey kick),20,23,2025_04_GB_DAL
4,11:46,Packers,Josh Jacobs 18 yard rush (Brandon McManus kick),27,23,2025_04_GB_DAL
4,4:50,Cowboys,Javonte Williams 1 yard rush (Brandon Aubrey kick),27,30,2025_04_GB_DAL
4,1:45,Packers,Romeo Doubs 15 yard pass from Jordan Love (Brandon McManus kick),34,30,2025_04_GB_DAL
4,0:51,Cowboys,George Pickens 28 yard pass from Dak Prescott (Brandon Aubrey kick),34,37,2025_04_GB_DAL
4,0:00,Packers,Brandon McManus 53 yard field goal ,37,37,2025_04_GB_DAL
OT,4:40,Cowboys,Brandon Aubrey 22 yard field goal ,37,40,2025_04_GB_DAL
OT,0:00,Packers,Brandon McManus 34 yard field goal ,40,40,2025_04_GB_DAL
1,10:51,Dolphins,Riley Patterson 47 yard field goal ,0,3,2025_04_NYJ_MIA
2,9:20,Dolphins,Darren Waller 4 yard pass from Tua Tagovailoa (Riley Patterson kick),0,10,2025_04_NYJ_MIA
2,0:00,Jets,Nick Folk 58 yard field goal ,3,10,2025_04_NYJ_MIA
3,11:33,Dolphins,Darren Waller 9 yard pass from Tua Tagovailoa (Riley Patterson kick),3,17,2025_04_NYJ_MIA
3,9:23,Jets,Justin Fields 43 yard rush (Nick Folk kick),10,17,2025_04_NYJ_MIA
3,5:20,Dolphins,De'Von Achane 9 yard rush (Riley Patterson kick),10,24,2025_04_NYJ_MIA
4,13:09,Jets,Nick Folk 50 yard field goal ,13,24,2025_04_NYJ_MIA
4,3:33,Dolphins,Riley Patterson 36 yard field goal ,13,27,2025_04_NYJ_MIA
4,1:49,Jets,Garrett Wilson 23 yard pass from Justin Fields (Justin Fields run),21,27,2025_04_NYJ_MIA
1,9:08,Bengals,Evan McPherson 26 yard field goal ,3,0,2025_04_CIN_DEN
1,0:17,Broncos,Bo Nix 6 yard rush (Wil Lutz kick),3,7,2025_04_CIN_DEN
2,8:48,Broncos,Marvin Mims 16 yard rush (Wil Lutz kick),3,14,2025_04_CIN_DEN
2,0:08,Broncos,Courtland Sutton 20 yard pass from Bo Nix (Wil Lutz kick),3,21,2025_04_CIN_DEN
4,4:58,Broncos,RJ Harvey 12 yard pass from Bo Nix (Wil Lutz kick),3,28,2025_04_CIN_DEN
1,10:09,49ers,Jake Tonges 6 yard pass from Mac Jones (Eddy PiÃ±eiro kick),7,0,2025_05_SF_LAR
2,13:44,49ers,Christian McCaffrey 1 yard pass from Mac Jones (Eddy PiÃ±eiro kick),14,0,2025_05_SF_LAR
2,2:09,Rams,Kyren Williams 14 yard pass from Matthew Stafford (Joshua Karty kick),14,7,2025_05_SF_LAR
2,0:00,49ers,Eddy PiÃ±eiro 37 yard field goal ,17,7,2025_05_SF_LAR
3,6:33,49ers,Eddy PiÃ±eiro 20 yard field goal ,20,7,2025_05_SF_LAR
3,3:45,Rams,Puka Nacua 1 yard pass from Matthew Stafford (Joshua Karty kick),20,14,2025_05_SF_LAR
4,10:39,Rams,Kyren Williams 8 yard pass from Matthew Stafford (Joshua Karty kick failed),20,20,2025_05_SF_LAR
4,2:52,49ers,Eddy PiÃ±eiro 59 yard field goal ,23,20,2025_05_SF_LAR
4,0:02,Rams,Joshua Karty 48 yard field goal ,23,23,2025_05_SF_LAR
OT,5:51,49ers,Eddy PiÃ±eiro 41 yard field goal ,26,23,2025_05_SF_LAR
1,6:49,Browns,Harold Fannin 1 yard pass from Dillon Gabriel (Andre Szmyt kick),0,7,2025_05_MIN_CLE
1,2:30,Vikings,Josh Oliver 32 yard pass from Cam Akers (Will Reichard kick),7,7,2025_05_MIN_CLE
2,0:09,Browns,Andre Szmyt 31 yard field goal ,7,10,2025_05_MIN_CLE
3,11:11,Vikings,Jordan Mason 3 yard rush (Will Reichard kick),14,10,2025_05_MIN_CLE
3,3:05,Browns,David Njoku 9 yard pass from Dillon Gabriel (Andre Szmyt kick),14,17,2025_05_MIN_CLE
4,0:25,Vikings,Jordan Addison 12 yard pass from Carson Wentz (Will Reichard kick),21,17,2025_05_MIN_CLE
1,9:25,Texans,Xavier Hutchinson 5 yard pass from C.J. Stroud (Ka'imi Fairbairn kick),7,0,2025_05_HOU_BAL
1,1:58,Ravens,Tyler Loop 27 yard field goal ,7,3,2025_05_HOU_BAL
2,11:18,Texans,Ka'imi Fairbairn 50 yard field goal ,10,3,2025_05_HOU_BAL
2,5:36,Texans,Nico Collins 10 yard pass from C.J. Stroud (Ka'imi Fairbairn kick),17,3,2025_05_HOU_BAL
2,0:28,Texans,Xavier Hutchinson 10 yard pass from C.J. Stroud (Ka'imi Fairbairn kick),24,3,2025_05_HOU_BAL
3,11:33,Texans,Nick Chubb 27 yard rush (Ka'imi Fairbairn kick),31,3,2025_05_HOU_BAL
3,5:53,Texans,Ka'imi Fairbairn 57 yard field goal ,34,3,2025_05_HOU_BAL
3,2:41,Ravens,Derrick Henry 1 yard rush (Tyler Loop kick),34,10,2025_05_HOU_BAL
4,13:48,Texans,Jaylin Noel 4 yard pass from C.J. Stroud (Ka'imi Fairbairn kick),41,10,2025_05_HOU_BAL
4,10:30,Texans,Ka'imi Fairbairn 34 yard field goal ,44,10,2025_05_HOU_BAL
1,9:03,Dolphins,Riley Patterson 43 yard field goal ,3,0,2025_05_MIA_CAR
2,14:55,Dolphins,De'Von Achane 10 yard pass from Tua Tagovailoa (Riley Patterson kick),10,0,2025_05_MIA_CAR
2,10:48,Dolphins,Darren Waller 4 yard pass from Tua Tagovailoa (Riley Patterson kick),17,0,2025_05_MIA_CAR
2,3:24,Panthers,Xavier Legette 7 yard pass from Bryce Young (Ryan Fitzgerald kick),17,7,2025_05_MIA_CAR
2,0:00,Panthers,Ryan Fitzgerald 35 yard field goal ,17,10,2025_05_MIA_CAR
3,12:15,Panthers,Ryan Fitzgerald 49 yard field goal ,17,13,2025_05_MIA_CAR
4,6:10,Panthers,Rico Dowdle 1 yard rush (Ryan Fitzgerald kick),17,20,2025_05_MIA_CAR
4,4:42,Dolphins,Jaylen Waddle 46 yard pass from Tua Tagovailoa (Riley Patterson kick),24,20,2025_05_MIA_CAR
4,1:59,Panthers,Mitchell Evans 4 yard pass from Bryce Young (Ryan Fitzgerald kick),24,27,2025_05_MIA_CAR
1,3:21,Raiders,Daniel Carlson 24 yard field goal ,3,0,2025_05_LVR_IND
2,11:33,Colts,Tyler Warren 11 yard pass from Daniel Jones (Spencer Shrader kick),3,7,2025_05_LVR_IND
2,7:56,Colts,Jonathan Taylor 3 yard rush (Spencer Shrader kick),3,14,2025_05_LVR_IND
2,0:15,Colts,Michael Pittman Jr. 4 yard pass from Daniel Jones (pass failed),3,20,2025_05_LVR_IND
3,6:54,Colts,Jonathan Taylor 1 yard rush (pass failed),3,26,2025_05_LVR_IND
3,5:49,Colts,Ameer Abdullah 2 yard rush (pass failed),3,32,2025_05_LVR_IND
3,2:27,Colts,Jonathan Taylor 6 yard rush (Jonathan Taylor run),3,40,2025_05_LVR_IND
4,11:39,Raiders,Daniel Carlson 37 yard field goal ,6,40,2025_05_LVR_IND
1,9:34,Giants,Theo Johnson 1 yard pass from Jaxson Dart (Jude McAtamney kick),7,0,2025_05_NYG_NO
1,1:40,Saints,Blake Grupe 28 yard field goal ,7,3,2025_05_NYG_NO
2,13:01,Giants,Theo Johnson 15 yard pass from Jaxson Dart (Jude McAtamney kick),14,3,2025_05_NYG_NO
2,7:41,Saints,Blake Grupe 53 yard field goal ,14,6,2025_05_NYG_NO
2,5:16,Saints,Rashid Shaheed 87 yard pass from Spencer Rattler (Blake Grupe kick),14,13,2025_05_NYG_NO
2,0:00,Saints,Blake Grupe 29 yard field goal ,14,16,2025_05_NYG_NO
3,6:55,Saints,Blake Grupe 28 yard field goal ,14,19,2025_05_NYG_NO
4,14:47,Saints,Jordan Howden 86 yard fumble return (Blake Grupe kick),14,26,2025_05_NYG_NO
1,7:43,Jets,Nick Folk 25 yard field goal ,0,3,2025_05_DAL_NYJ
1,4:57,Cowboys,Brandon Aubrey 35 yard field goal ,3,3,2025_05_DAL_NYJ
2,11:40,Cowboys,Jake Ferguson 26 yard pass from Dak Prescott (Brandon Aubrey kick),10,3,2025_05_DAL_NYJ
2,0:57,Cowboys,Javonte Williams 5 yard rush (Brandon Aubrey kick),17,3,2025_05_DAL_NYJ
2,0:15,Cowboys,Jake Ferguson 1 yard pass from Dak Prescott (Brandon Aubrey kick failed),23,3,2025_05_DAL_NYJ
3,4:33,Cowboys,George Pickens 43 yard pass from Dak Prescott (Brandon Aubrey kick),30,3,2025_05_DAL_NYJ
3,0:57,Jets,Nick Folk 48 yard field goal ,30,6,2025_05_DAL_NYJ
4,7:56,Jets,Andrew Beck 1 yard pass from Justin Fields (Mason Taylor pass from Justin Fields),30,14,2025_05_DAL_NYJ
4,4:31,Cowboys,Javonte Williams 4 yard pass from Dak Prescott (Brandon Aubrey kick),37,14,2025_05_DAL_NYJ
4,1:41,Jets,Garrett Wilson 9 yard pass from Justin Fields (Josh Reynolds pass from Justin Fields),37,22,2025_05_DAL_NYJ
1,6:49,Broncos,Wil Lutz 55 yard field goal ,3,0,2025_05_DEN_PHI
1,0:29,Eagles,Jake Elliott 31 yard field goal ,3,3,2025_05_DEN_PHI
2,7:20,Eagles,Dallas Goedert 2 yard pass from Jalen Hurts (Jake Elliott kick),3,10,2025_05_DEN_PHI
3,13:23,Eagles,Saquon Barkley 47 yard pass from Jalen Hurts (Jake Elliott kick),3,17,2025_05_DEN_PHI
4,13:11,Broncos,J.K. Dobbins 2 yard rush (Wil Lutz kick),10,17,2025_05_DEN_PHI
4,7:36,Broncos,Evan Engram 11 yard pass from Bo Nix (Troy Franklin pass from Bo Nix),18,17,2025_05_DEN_PHI
4,1:11,Broncos,Wil Lutz 36 yard field goal ,21,17,2025_05_DEN_PHI
1,10:54,Cardinals,Michael Carter 1 yard rush (Chad Ryland kick),0,7,2025_05_TEN_ARI
1,5:00,Titans,Joey Slye 44 yard field goal ,3,7,2025_05_TEN_ARI
1,0:39,Cardinals,Kyler Murray 12 yard rush (Chad Ryland kick),3,14,2025_05_TEN_ARI
2,10:43,Cardinals,Zonovan Knight 1 yard rush (Chad Ryland kick),3,21,2025_05_TEN_ARI
2,8:29,Titans,Joey Slye 51 yard field goal ,6,21,2025_05_TEN_ARI
4,10:26,Titans,Tony Pollard 1 yard rush (Joey Slye kick failed),12,21,2025_05_TEN_ARI
4,4:39,Titans,Tyler Lockett fumble recovery in end zone (Joey Slye kick),19,21,2025_05_TEN_ARI
4,0:00,Titans,Joey Slye 29 yard field goal ,22,21,2025_05_TEN_ARI
1,7:57,Buccaneers,Chase McLaughlin 30 yard field goal ,3,0,2025_05_TB_SEA
2,14:08,Buccaneers,Chase McLaughlin 36 yard field goal ,6,0,2025_05_TB_SEA
2,2:09,Buccaneers,Rachaad White 7 yard rush (Chase McLaughlin kick),13,0,2025_05_TB_SEA
2,0:06,Seahawks,Jaxon Smith-Njigba 6 yard pass from Sam Darnold (Jason Myers kick),13,7,2025_05_TB_SEA
3,13:01,Seahawks,Zach Charbonnet 5 yard rush (Jason Myers kick),13,14,2025_05_TB_SEA
3,7:52,Buccaneers,Emeka Egbuka 20 yard pass from Baker Mayfield (Emeka Egbuka pass from Baker Mayfield),21,14,2025_05_TB_SEA
3,4:12,Seahawks,AJ Barner 2 yard pass from Sam Darnold (Jason Myers kick),21,21,2025_05_TB_SEA
3,0:19,Buccaneers,Rachaad White 1 yard rush (Chase McLaughlin kick),28,21,2025_05_TB_SEA
4,9:48,Seahawks,AJ Barner 6 yard pass from Sam Darnold (Jason Myers kick),28,28,2025_05_TB_SEA
4,3:18,Seahawks,Tory Horton 21 yard pass from Sam Darnold (Jason Myers kick),28,35,2025_05_TB_SEA
4,1:08,Buccaneers,Sterling Shepard 11 yard pass from Baker Mayfield (Chase McLaughlin kick),35,35,2025_05_TB_SEA
4,0:00,Buccaneers,Chase McLaughlin 39 yard field goal ,38,35,2025_05_TB_SEA
1,10:50,Lions,Sam LaPorta 10 yard pass from Jared Goff (Jake Bates kick),7,0,2025_05_DET_CIN
2,12:16,Lions,Brock Wright 3 yard pass from David Montgomery (Jake Bates kick),14,0,2025_05_DET_CIN
2,0:00,Bengals,Evan McPherson 50 yard field goal ,14,3,2025_05_DET_CIN
3,11:25,Lions,Jahmyr Gibbs 20 yard pass from Jared Goff (Jake Bates kick),21,3,2025_05_DET_CIN
3,5:43,Lions,David Montgomery 8 yard rush (Jake Bates kick),28,3,2025_05_DET_CIN
4,14:51,Bengals,Ja'Marr Chase 15 yard pass from Jake Browning (Evan McPherson kick),28,10,2025_05_DET_CIN
4,10:33,Bengals,Ja'Marr Chase 64 yard pass from Jake Browning (Evan McPherson kick),28,17,2025_05_DET_CIN
4,5:14,Lions,Isaac TeSlaa 12 yard pass from Jared Goff (Jake Bates kick),35,17,2025_05_DET_CIN
4,3:01,Bengals,Tee Higgins 2 yard pass from Jake Browning (Evan McPherson kick),35,24,2025_05_DET_CIN
4,1:49,Lions,"Safety, Jake Browning sacked in end zone by Derrick Barnes ",37,24,2025_05_DET_CIN
1,9:49,Chargers,Ladd McConkey 2 yard pass from Justin Herbert (Cameron Dicker kick),0,7,2025_05_WAS_LAC
1,2:57,Chargers,Cameron Dicker 55 yard field goal ,0,10,2025_05_WAS_LAC
2,4:15,Commanders,Jacory Croskey-Merritt 15 yard rush (Matt Gay kick),7,10,2025_05_WAS_LAC
2,0:02,Commanders,Matt Gay 29 yard field goal ,10,10,2025_05_WAS_LAC
3,10:58,Commanders,Jacory Croskey-Merritt 5 yard rush (Matt Gay kick),17,10,2025_05_WAS_LAC
3,5:49,Commanders,Matt Gay 36 yard field goal ,20,10,2025_05_WAS_LAC
4,1:08,Commanders,Deebo Samuel 8 yard pass from Jayden Daniels (Matt Gay kick),27,10,2025_05_WAS_LAC
1,0:56,Patriots,Andres Borregales 30 yard field goal ,3,0,2025_05_NE_BUF
2,9:34,Bills,Matt Prater 31 yard field goal ,3,3,2025_05_NE_BUF
2,0:00,Patriots,Andres Borregales 19 yard field goal ,6,3,2025_05_NE_BUF
3,9:21,Bills,Curtis Samuel 6 yard pass from Josh Allen (Matt Prater kick),6,10,2025_05_NE_BUF
3,6:34,Patriots,Rhamondre Stevenson 4 yard rush (Andres Borregales kick),13,10,2025_05_NE_BUF
4,12:10,Patriots,Rhamondre Stevenson 7 yard rush (Andres Borregales kick),20,10,2025_05_NE_BUF
4,7:37,Bills,Keon Coleman 2 yard pass from Josh Allen (Matt Prater kick),20,17,2025_05_NE_BUF
4,2:17,Bills,Matt Prater 45 yard field goal ,20,20,2025_05_NE_BUF
4,0:15,Patriots,Andres Borregales 52 yard field goal ,23,20,2025_05_NE_BUF
1,4:02,Chiefs,Travis Kelce 2 yard pass from Patrick Mahomes (Harrison Butker kick),7,0,2025_05_KC_JAX
2,10:44,Chiefs,Patrick Mahomes 9 yard rush (Harrison Butker kick),14,0,2025_05_KC_JAX
2,2:38,Jaguars,Parker Washington 3 yard pass from Trevor Lawrence (Cam Little kick),14,7,2025_05_KC_JAX
3,8:40,Jaguars,Trevor Lawrence 10 yard rush (Cam Little kick),14,14,2025_05_KC_JAX
3,2:19,Jaguars,Devin Lloyd 99 yard interception return (Cam Little kick),14,21,2025_05_KC_JAX
4,12:20,Chiefs,Kareem Hunt 5 yard rush (Harrison Butker kick),21,21,2025_05_KC_JAX
4,8:08,Jaguars,Cam Little 52 yard field goal ,21,24,2025_05_KC_JAX
4,1:45,Chiefs,Kareem Hunt 2 yard rush (Harrison Butker kick),28,24,2025_05_KC_JAX
4,0:23,Jaguars,Trevor Lawrence 1 yard rush (Cam Little kick),28,31,2025_05_KC_JAX
1,11:59,Eagles,Jake Elliott 42 yard field goal ,3,0,2025_06_PHI_NYG
1,9:59,Giants,Jaxson Dart 20 yard rush (Jude McAtamney kick),3,7,2025_06_PHI_NYG
1,5:37,Giants,Wan'Dale Robinson 35 yard pass from Jaxson Dart (Jude McAtamney kick failed),3,13,2025_06_PHI_NYG
1,1:49,Eagles,Dallas Goedert 3 yard pass from Jalen Hurts (Jake Elliott kick),10,13,2025_06_PHI_NYG
2,6:56,Eagles,Jalen Hurts 1 yard rush (Jake Elliott kick),17,13,2025_06_PHI_NYG
2,1:19,Giants,Cam Skattebo 4 yard rush (Jude McAtamney kick),17,20,2025_06_PHI_NYG
3,7:56,Giants,Cam Skattebo 1 yard rush (Jude McAtamney kick),17,27,2025_06_PHI_NYG
4,9:41,Giants,Cam Skattebo 1 yard rush (Jude McAtamney kick),17,34,2025_06_PHI_NYG
1,11:00,Jets,Nick Folk 52 yard field goal ,0,3,2025_06_DEN_NYJ
1,7:03,Broncos,Wil Lutz 57 yard field goal ,3,3,2025_06_DEN_NYJ
1,4:55,Jets,Nick Folk 41 yard field goal ,3,6,2025_06_DEN_NYJ
1,0:00,Broncos,Nate Adkins 16 yard pass from Bo Nix (Wil Lutz kick),10,6,2025_06_DEN_NYJ
3,10:25,Jets,Nick Folk 38 yard field goal ,10,9,2025_06_DEN_NYJ
3,4:56,Jets,"Safety, Quinn Meinerz offensive holding in end zone ",10,11,2025_06_DEN_NYJ
4,5:06,Broncos,Wil Lutz 27 yard field goal ,13,11,2025_06_DEN_NYJ
1,7:22,Ravens,Tyler Loop 37 yard field goal ,0,3,2025_06_LAR_BAL
2,9:50,Rams,Joshua Karty 36 yard field goal ,3,3,2025_06_LAR_BAL
3,11:52,Rams,Kyren Williams 3 yard rush (Joshua Karty kick),10,3,2025_06_LAR_BAL
3,10:20,Rams,Tyler Higbee 8 yard pass from Matthew Stafford (Joshua Karty kick),17,3,2025_06_LAR_BAL
1,9:08,Panthers,Ryan Fitzgerald 31 yard field goal ,0,3,2025_06_DAL_CAR
1,4:48,Cowboys,Brandon Aubrey 23 yard field goal ,3,3,2025_06_DAL_CAR
2,14:56,Cowboys,Hunter Luepke 3 yard pass from Dak Prescott (Brandon Aubrey kick),10,3,2025_06_DAL_CAR
2,11:29,Panthers,Tetairoa McMillan 19 yard pass from Bryce Young (Ryan Fitzgerald kick),10,10,2025_06_DAL_CAR
2,3:39,Cowboys,Jake Ferguson 19 yard pass from Dak Prescott (Brandon Aubrey kick),17,10,2025_06_DAL_CAR
2,0:20,Panthers,Ryan Fitzgerald 55 yard field goal ,17,13,2025_06_DAL_CAR
3,13:19,Panthers,Rico Dowdle 36 yard pass from Bryce Young (Ryan Fitzgerald kick),17,20,2025_06_DAL_CAR
3,2:38,Cowboys,George Pickens 34 yard pass from Dak Prescott (Brandon Aubrey kick),24,20,2025_06_DAL_CAR
4,12:20,Panthers,Tetairoa McMillan 2 yard pass from Bryce Young (Ryan Fitzgerald kick),24,27,2025_06_DAL_CAR
4,9:20,Cowboys,Brandon Aubrey 28 yard field goal ,27,27,2025_06_DAL_CAR
4,0:00,Panthers,Ryan Fitzgerald 33 yard field goal ,27,30,2025_06_DAL_CAR
1,11:01,Colts,Tyler Warren 8 yard pass from Daniel Jones (Michael Badgley kick),0,7,2025_06_ARI_IND
1,1:42,Cardinals,Zonovan Knight 1 yard rush (Chad Ryland kick),7,7,2025_06_ARI_IND
2,7:51,Colts,Daniel Jones 3 yard rush (Michael Badgley kick),7,14,2025_06_ARI_IND
2,1:56,Cardinals,Chad Ryland 40 yard field goal ,10,14,2025_06_ARI_IND
3,8:39,Cardinals,Trey McBride 1 yard pass from Jacoby Brissett (Chad Ryland kick),17,14,2025_06_ARI_IND
3,4:31,Colts,Michael Badgley 45 yard field goal ,17,17,2025_06_ARI_IND
3,1:22,Cardinals,Greg Dortch 12 yard pass from Jacoby Brissett (Chad Ryland kick),24,17,2025_06_ARI_IND
4,13:12,Colts,Josh Downs 5 yard pass from Daniel Jones (Michael Badgley kick),24,24,2025_06_ARI_IND
4,9:31,Cardinals,Chad Ryland 44 yard field goal ,27,24,2025_06_ARI_IND
4,4:32,Colts,Jonathan Taylor 1 yard rush (Michael Badgley kick),27,31,2025_06_ARI_IND
1,1:14,Jaguars,Brian Thomas 21 yard pass from Trevor Lawrence (Cam Little kick failed),0,6,2025_06_SEA_JAX
2,10:38,Seahawks,Jason Myers 24 yard field goal ,3,6,2025_06_SEA_JAX
2,8:34,Seahawks,Jaxon Smith-Njigba 61 yard pass from Sam Darnold (Jason Myers kick),10,6,2025_06_SEA_JAX
2,0:10,Seahawks,Jason Myers 53 yard field goal ,13,6,2025_06_SEA_JAX
3,10:14,Seahawks,Cooper Kupp 11 yard pass from Sam Darnold (Jason Myers kick),20,6,2025_06_SEA_JAX
4,13:00,Jaguars,Tim Patrick 26 yard pass from Trevor Lawrence (run failed),20,12,2025_06_SEA_JAX
1,7:52,Chargers,Cameron Dicker 35 yard field goal ,3,0,2025_06_LAC_MIA
1,4:03,Dolphins,De'Von Achane 49 yard rush (Riley Patterson kick),3,7,2025_06_LAC_MIA
1,0:35,Chargers,Cameron Dicker 31 yard field goal ,6,7,2025_06_LAC_MIA
2,8:39,Chargers,Cameron Dicker 29 yard field goal ,9,7,2025_06_LAC_MIA
2,4:30,Dolphins,Riley Patterson 47 yard field goal ,9,10,2025_06_LAC_MIA
2,0:00,Dolphins,Riley Patterson 27 yard field goal ,9,13,2025_06_LAC_MIA
3,7:26,Chargers,Ladd McConkey 5 yard pass from Justin Herbert (Cameron Dicker kick),16,13,2025_06_LAC_MIA
3,3:55,Chargers,Kimani Vidal 7 yard pass from Justin Herbert (Cameron Dicker kick),23,13,2025_06_LAC_MIA
4,12:47,Chargers,Cameron Dicker 35 yard field goal ,26,13,2025_06_LAC_MIA
4,7:56,Dolphins,De'Von Achane 4 yard rush (Riley Patterson kick),26,20,2025_06_LAC_MIA
4,0:46,Dolphins,Darren Waller 7 yard pass from Tua Tagovailoa (Riley Patterson kick),26,27,2025_06_LAC_MIA
4,0:05,Chargers,Cameron Dicker 33 yard field goal ,29,27,2025_06_LAC_MIA
1,12:50,Saints,Blake Grupe 34 yard field goal ,0,3,2025_06_NE_NO
1,10:52,Patriots,Demario Douglas 53 yard pass from Drake Maye (Andres Borregales kick),7,3,2025_06_NE_NO
1,5:05,Saints,Blake Grupe 48 yard field goal ,7,6,2025_06_NE_NO
1,0:33,Patriots,Kayshon Boutte 25 yard pass from Drake Maye (Andres Borregales kick),14,6,2025_06_NE_NO
2,9:42,Saints,Taysom Hill 1 yard rush (Blake Grupe kick),14,13,2025_06_NE_NO
2,1:51,Saints,Blake Grupe 38 yard field goal ,14,16,2025_06_NE_NO
2,0:31,Patriots,Kayshon Boutte 29 yard pass from Drake Maye (Drake Maye run),22,16,2025_06_NE_NO
3,7:26,Patriots,Andres Borregales 24 yard field goal ,25,16,2025_06_NE_NO
4,13:41,Saints,Blake Grupe 54 yard field goal ,25,19,2025_06_NE_NO
1,10:55,Steelers,Chris Boswell 44 yard field goal ,0,3,2025_06_CLE_PIT
2,11:01,Steelers,Chris Boswell 50 yard field goal ,0,6,2025_06_CLE_PIT
2,3:38,Steelers,Chris Boswell 48 yard field goal ,0,9,2025_06_CLE_PIT
2,0:00,Browns,Andre Szmyt 31 yard field goal ,3,9,2025_06_CLE_PIT
3,7:46,Steelers,Connor Heyward 12 yard pass from Aaron Rodgers (Chris Boswell kick),3,16,2025_06_CLE_PIT
3,4:08,Browns,Andre Szmyt 53 yard field goal ,6,16,2025_06_CLE_PIT
4,14:55,Steelers,D.K. Metcalf 25 yard pass from Aaron Rodgers (Chris Boswell kick),6,23,2025_06_CLE_PIT
4,9:29,Browns,Andre Szmyt 32 yard field goal ,9,23,2025_06_CLE_PIT
1,4:07,Raiders,Daniel Carlson 50 yard field goal ,0,3,2025_06_TEN_LVR
2,5:13,Raiders,Michael Mayer 4 yard pass from Geno Smith (Daniel Carlson kick),0,10,2025_06_TEN_LVR
3,7:04,Raiders,Ashton Jeanty 3 yard rush (Daniel Carlson kick),0,17,2025_06_TEN_LVR
3,1:06,Titans,Matthew Wright 46 yard field goal ,3,17,2025_06_TEN_LVR
4,7:14,Raiders,Daniel Carlson 29 yard field goal ,3,20,2025_06_TEN_LVR
4,3:03,Titans,David Martin-Robinson 1 yard pass from Cam Ward (Matthew Wright kick),10,20,2025_06_TEN_LVR
2,14:15,Packers,Lucas Havrisik 43 yard field goal ,0,3,2025_06_CIN_GB
2,4:05,Packers,Josh Jacobs 3 yard rush (Lucas Havrisik kick),0,10,2025_06_CIN_GB
3,4:46,Bengals,Tanner Hudson 2 yard pass from Joe Flacco (Evan McPherson kick),7,10,2025_06_CIN_GB
4,14:56,Packers,Josh Jacobs 14 yard rush (Lucas Havrisik kick),7,17,2025_06_CIN_GB
4,10:43,Bengals,Evan McPherson 45 yard field goal ,10,17,2025_06_CIN_GB
4,7:33,Packers,Tucker Kraft 19 yard pass from Jordan Love (Lucas Havrisik kick),10,24,2025_06_CIN_GB
4,4:11,Bengals,Ja'Marr Chase 19 yard pass from Joe Flacco (Chase Brown pass from Joe Flacco),18,24,2025_06_CIN_GB
4,1:52,Packers,Lucas Havrisik 39 yard field goal ,18,27,2025_06_CIN_GB
1,9:54,Buccaneers,Rachaad White 2 yard rush (Chase McLaughlin kick),0,7,2025_06_SF_TB
1,7:54,49ers,Eddy PiÃ±eiro 52 yard field goal ,3,7,2025_06_SF_TB
2,10:18,49ers,Christian McCaffrey 1 yard rush (Eddy PiÃ±eiro kick),10,7,2025_06_SF_TB
2,5:10,Buccaneers,Sean Tucker 9 yard rush (Chase McLaughlin kick),10,14,2025_06_SF_TB
2,2:05,49ers,Eddy PiÃ±eiro 54 yard field goal ,13,14,2025_06_SF_TB
2,0:44,Buccaneers,Kameron Johnson 34 yard pass from Baker Mayfield (run failed),13,20,2025_06_SF_TB
2,0:02,49ers,Eddy PiÃ±eiro 42 yard field goal ,16,20,2025_06_SF_TB
3,7:27,49ers,Eddy PiÃ±eiro 29 yard field goal ,19,20,2025_06_SF_TB
3,2:40,Buccaneers,Tez Johnson 45 yard pass from Baker Mayfield (Chase McLaughlin kick),19,27,2025_06_SF_TB
4,1:55,Buccaneers,Chase McLaughlin 45 yard field goal ,19,30,2025_06_SF_TB
1,5:21,Lions,Jake Bates 28 yard field goal ,3,0,2025_06_DET_KC
1,1:15,Chiefs,Xavier Worthy 6 yard pass from Patrick Mahomes (Harrison Butker kick failed),3,6,2025_06_DET_KC
2,12:49,Lions,Jameson Williams 22 yard pass from Jared Goff (Jake Bates kick),10,6,2025_06_DET_KC
2,0:37,Chiefs,Patrick Mahomes 1 yard rush (Harrison Butker kick),10,13,2025_06_DET_KC
3,11:24,Chiefs,Marquise Brown 9 yard pass from Patrick Mahomes (Harrison Butker kick),10,20,2025_06_DET_KC
4,14:14,Lions,Sam LaPorta 4 yard pass from Jared Goff (Jake Bates kick),17,20,2025_06_DET_KC
4,9:30,Chiefs,Marquise Brown 3 yard pass from Patrick Mahomes (Harrison Butker kick),17,27,2025_06_DET_KC
4,2:26,Chiefs,Harrison Butker 33 yard field goal ,17,30,2025_06_DET_KC
1,12:15,Falcons,Tyler Allgeier 21 yard rush (John Parker Romo kick),0,7,2025_06_BUF_ATL
1,7:58,Bills,Dawson Knox 19 yard pass from Josh Allen (Matt Prater kick),7,7,2025_06_BUF_ATL
1,0:26,Falcons,Drake London 9 yard pass from Michael Penix (John Parker Romo kick),7,14,2025_06_BUF_ATL
2,11:09,Falcons,Bijan Robinson 81 yard rush (John Parker Romo kick),7,21,2025_06_BUF_ATL
3,9:23,Bills,Ray Davis 16 yard pass from Josh Allen (Matt Prater kick),14,21,2025_06_BUF_ATL
4,1:43,Falcons,John Parker Romo 33 yard field goal ,14,24,2025_06_BUF_ATL
1,10:41,Bears,Jake Moody 47 yard field goal ,3,0,2025_06_CHI_WAS
1,2:27,Bears,Jake Moody 48 yard field goal ,6,0,2025_06_CHI_WAS
2,14:18,Bears,Caleb Williams 1 yard rush (Jake Moody kick),13,0,2025_06_CHI_WAS
2,9:28,Commanders,Chris Moore 22 yard pass from Jayden Daniels (Matt Gay kick),13,7,2025_06_CHI_WAS
3,11:59,Commanders,Matt Gay 53 yard field goal ,13,10,2025_06_CHI_WAS
3,8:05,Bears,Jake Moody 41 yard field goal ,16,10,2025_06_CHI_WAS
3,2:56,Commanders,Luke McCaffrey 33 yard pass from Jayden Daniels (Matt Gay kick),16,17,2025_06_CHI_WAS
4,11:27,Commanders,Zach Ertz 6 yard pass from Jayden Daniels (Matt Gay kick),16,24,2025_06_CHI_WAS
4,10:26,Bears,D'Andre Swift 55 yard pass from Caleb Williams (pass failed),22,24,2025_06_CHI_WAS
4,0:00,Bears,Jake Moody 38 yard field goal ,25,24,2025_06_CHI_WAS
1,10:49,Steelers,Jonnu Smith 10 yard pass from Aaron Rodgers (Chris Boswell kick),7,0,2025_07_PIT_CIN
2,10:26,Steelers,Chris Boswell 41 yard field goal ,10,0,2025_07_PIT_CIN
2,4:38,Bengals,Ja'Marr Chase 8 yard pass from Joe Flacco (Evan McPherson kick),10,7,2025_07_PIT_CIN
2,2:52,Bengals,Tee Higgins 29 yard pass from Joe Flacco (Evan McPherson kick),10,14,2025_07_PIT_CIN
2,0:00,Bengals,Evan McPherson 49 yard field goal ,10,17,2025_07_PIT_CIN
3,7:55,Bengals,Evan McPherson 23 yard field goal ,10,20,2025_07_PIT_CIN
3,3:55,Steelers,Pat Freiermuth 19 yard pass from Aaron Rodgers (Chris Boswell kick),17,20,2025_07_PIT_CIN
4,14:57,Bengals,Noah Fant 5 yard pass from Joe Flacco (Evan McPherson kick),17,27,2025_07_PIT_CIN
4,11:03,Steelers,Darnell Washington 2 yard pass from Aaron Rodgers (Chris Boswell kick),24,27,2025_07_PIT_CIN
4,6:58,Bengals,Evan McPherson 45 yard field goal ,24,30,2025_07_PIT_CIN
4,2:21,Steelers,Pat Freiermuth 68 yard pass from Aaron Rodgers (Chris Boswell kick),31,30,2025_07_PIT_CIN
4,0:07,Bengals,Evan McPherson 36 yard field goal ,31,33,2025_07_PIT_CIN
1,6:38,Rams,Konata Mumpfield 5 yard pass from Matthew Stafford (Joshua Karty kick),7,0,2025_07_LAR_JAX
1,1:51,Rams,Davante Adams 2 yard pass from Matthew Stafford (Joshua Karty kick),14,0,2025_07_LAR_JAX
2,4:37,Rams,Davante Adams 1 yard pass from Matthew Stafford (Joshua Karty kick),21,0,2025_07_LAR_JAX
4,11:11,Rams,Terrance Ferguson 31 yard pass from Matthew Stafford (Joshua Karty kick),28,0,2025_07_LAR_JAX
4,9:06,Jaguars,Travis Hunter 34 yard pass from Trevor Lawrence (Cam Little kick),28,7,2025_07_LAR_JAX
4,4:58,Rams,Davante Adams 1 yard pass from Matthew Stafford (Joshua Karty kick),35,7,2025_07_LAR_JAX
1,9:34,Bears,Jake Moody 27 yard field goal ,0,3,2025_07_NO_CHI
2,14:06,Bears,Jake Moody 39 yard field goal ,0,6,2025_07_NO_CHI
2,9:05,Bears,D'Andre Swift 11 yard rush (Jake Moody kick),0,13,2025_07_NO_CHI
2,2:51,Bears,Kyle Monangai 1 yard rush (Jake Moody kick),0,20,2025_07_NO_CHI
2,0:22,Saints,Chris Olave 21 yard pass from Spencer Rattler (Blake Grupe kick),7,20,2025_07_NO_CHI
3,9:40,Saints,Chris Olave 14 yard pass from Spencer Rattler (Blake Grupe kick),14,20,2025_07_NO_CHI
3,4:07,Bears,Jake Moody 24 yard field goal ,14,23,2025_07_NO_CHI
4,6:22,Bears,Jake Moody 33 yard field goal ,14,26,2025_07_NO_CHI
1,2:17,Browns,Andre Szmyt 30 yard field goal ,0,3,2025_07_MIA_CLE
2,14:14,Dolphins,Riley Patterson 33 yard field goal ,3,3,2025_07_MIA_CLE
2,11:19,Browns,Quinshon Judkins 46 yard rush (Andre Szmyt kick),3,10,2025_07_MIA_CLE
2,6:03,Browns,Quinshon Judkins 3 yard rush (Andre Szmyt kick),3,17,2025_07_MIA_CLE
2,0:00,Dolphins,Riley Patterson 26 yard field goal ,6,17,2025_07_MIA_CLE
3,14:48,Browns,Tyson Campbell 34 yard interception return (Andre Szmyt kick),6,24,2025_07_MIA_CLE
4,10:56,Browns,Quinshon Judkins 2 yard rush (Andre Szmyt kick),6,31,2025_07_MIA_CLE
1,5:58,Chiefs,Rashee Rice 2 yard pass from Patrick Mahomes (Harrison Butker kick),0,7,2025_07_LVR_KC
2,9:17,Chiefs,Marquise Brown 8 yard pass from Patrick Mahomes (Harrison Butker kick),0,14,2025_07_LVR_KC
2,0:10,Chiefs,Rashee Rice 3 yard pass from Patrick Mahomes (Harrison Butker kick),0,21,2025_07_LVR_KC
3,9:00,Chiefs,Isiah Pacheco 7 yard rush (Harrison Butker kick),0,28,2025_07_LVR_KC
3,2:36,Chiefs,Harrison Butker 38 yard field goal ,0,31,2025_07_LVR_KC
1,6:59,Eagles,A.J. Brown 37 yard pass from Jalen Hurts (Jake Elliott kick),7,0,2025_07_PHI_MIN
1,2:04,Vikings,Will Reichard 59 yard field goal ,7,3,2025_07_PHI_MIN
2,13:26,Eagles,Jalyx Hunt 42 yard interception return (Jake Elliott kick),14,3,2025_07_PHI_MIN
2,6:34,Vikings,Will Reichard 34 yard field goal ,14,6,2025_07_PHI_MIN
3,9:02,Vikings,Will Reichard 28 yard field goal ,14,9,2025_07_PHI_MIN
3,8:07,Eagles,DeVonta Smith 79 yard pass from Jalen Hurts (Jake Elliott kick),21,9,2025_07_PHI_MIN
3,3:38,Vikings,Jordan Mason 1 yard rush (Will Reichard kick),21,16,2025_07_PHI_MIN
4,10:06,Vikings,Will Reichard 35 yard field goal ,21,19,2025_07_PHI_MIN
4,6:35,Eagles,A.J. Brown 26 yard pass from Jalen Hurts (Jake Elliott kick),28,19,2025_07_PHI_MIN
4,1:57,Vikings,Will Reichard 29 yard field goal ,28,22,2025_07_PHI_MIN
1,5:42,Panthers,Ryan Fitzgerald 30 yard field goal ,3,0,2025_07_CAR_NYJ
2,11:02,Jets,Nick Folk 34 yard field goal ,3,3,2025_07_CAR_NYJ
2,1:11,Panthers,Xavier Legette 3 yard pass from Bryce Young (Ryan Fitzgerald kick),10,3,2025_07_CAR_NYJ
3,10:40,Panthers,Ryan Fitzgerald 29 yard field goal ,13,3,2025_07_CAR_NYJ
4,6:26,Jets,Nick Folk 47 yard field goal ,13,6,2025_07_CAR_NYJ
1,12:20,Titans,Joey Slye 49 yard field goal ,0,3,2025_07_NE_TEN
1,6:46,Patriots,Andres Borregales 36 yard field goal ,3,3,2025_07_NE_TEN
1,5:04,Titans,Chimere Dike 38 yard pass from Cam Ward (Joey Slye kick),3,10,2025_07_NE_TEN
2,5:34,Patriots,Austin Hooper 3 yard pass from Drake Maye (Andres Borregales kick),10,10,2025_07_NE_TEN
2,1:48,Titans,Joey Slye 50 yard field goal ,10,13,2025_07_NE_TEN
2,0:49,Patriots,Kayshon Boutte 39 yard pass from Drake Maye (Andres Borregales kick),17,13,2025_07_NE_TEN
3,7:31,Patriots,Rhamondre Stevenson 4 yard rush (Andres Borregales kick),24,13,2025_07_NE_TEN
3,7:20,Patriots,K'Lavon Chaisson 4 yard fumble return (Andres Borregales kick),31,13,2025_07_NE_TEN
1,6:54,Giants,Daniel Bellinger 44 yard pass from Jaxson Dart (Jude McAtamney kick),7,0,2025_07_NYG_DEN
2,8:46,Giants,Cam Skattebo 13 yard pass from Jaxson Dart (Jude McAtamney kick failed),13,0,2025_07_NYG_DEN
3,2:41,Giants,Tyrone Tracy Jr. 31 yard rush (pass failed),19,0,2025_07_NYG_DEN
4,14:08,Broncos,Troy Franklin 2 yard pass from Bo Nix (Courtland Sutton pass from Bo Nix),19,8,2025_07_NYG_DEN
4,10:14,Giants,Theo Johnson 41 yard pass from Jaxson Dart (Jude McAtamney kick),26,8,2025_07_NYG_DEN
4,5:13,Broncos,Bo Nix 7 yard rush (Troy Franklin pass from Bo Nix),26,16,2025_07_NYG_DEN
4,3:51,Broncos,RJ Harvey 2 yard pass from Bo Nix (Wil Lutz kick),26,23,2025_07_NYG_DEN
4,1:51,Broncos,Bo Nix 18 yard rush (Wil Lutz kick),26,30,2025_07_NYG_DEN
4,0:37,Giants,Jaxson Dart 1 yard rush (Jude McAtamney kick failed),32,30,2025_07_NYG_DEN
4,0:00,Broncos,Wil Lutz 39 yard field goal ,32,33,2025_07_NYG_DEN
1,12:36,Colts,Jonathan Taylor 23 yard rush (Michael Badgley kick failed),6,0,2025_07_IND_LAC
1,7:35,Chargers,Cameron Dicker 43 yard field goal ,6,3,2025_07_IND_LAC
2,14:54,Colts,Michael Pittman Jr. 4 yard pass from Daniel Jones (Michael Badgley kick),13,3,2025_07_IND_LAC
2,8:56,Colts,Tyler Warren 5 yard pass from Daniel Jones (Michael Badgley kick),20,3,2025_07_IND_LAC
2,0:00,Colts,Michael Badgley 36 yard field goal ,23,3,2025_07_IND_LAC
3,13:01,Chargers,Quentin Johnston 7 yard pass from Justin Herbert (Cameron Dicker kick),23,10,2025_07_IND_LAC
3,12:03,Colts,Jonathan Taylor 8 yard rush (Michael Pittman Jr. pass from Daniel Jones),31,10,2025_07_IND_LAC
3,6:13,Chargers,Keenan Allen 4 yard pass from Justin Herbert (Cameron Dicker kick),31,17,2025_07_IND_LAC
3,3:33,Colts,Jonathan Taylor 19 yard rush (Michael Badgley kick),38,17,2025_07_IND_LAC
4,13:40,Chargers,Oronde Gadsden II 15 yard pass from Justin Herbert (Cameron Dicker kick),38,24,2025_07_IND_LAC
1,7:34,Cardinals,Chad Ryland 32 yard field goal ,0,3,2025_07_GB_ARI
2,9:06,Packers,Lucas Havrisik 31 yard field goal ,3,3,2025_07_GB_ARI
2,5:02,Cardinals,Chad Ryland 40 yard field goal ,3,6,2025_07_GB_ARI
2,0:07,Cardinals,Trey McBride 15 yard pass from Jacoby Brissett (Chad Ryland kick),3,13,2025_07_GB_ARI
2,0:00,Packers,Lucas Havrisik 61 yard field goal ,6,13,2025_07_GB_ARI
3,9:47,Packers,Josh Jacobs 7 yard rush (Lucas Havrisik kick),13,13,2025_07_GB_ARI
3,4:17,Cardinals,Trey McBride 12 yard pass from Jacoby Brissett (Chad Ryland kick),13,20,2025_07_GB_ARI
4,14:55,Packers,Tucker Kraft 7 yard pass from Jordan Love (Lucas Havrisik kick),20,20,2025_07_GB_ARI
4,9:01,Cardinals,Chad Ryland 39 yard field goal ,20,23,2025_07_GB_ARI
4,1:50,Packers,Josh Jacobs 1 yard rush (Lucas Havrisik kick),27,23,2025_07_GB_ARI
1,13:05,Cowboys,Javonte Williams 2 yard rush (Brandon Aubrey kick),0,7,2025_07_WAS_DAL
1,11:23,Commanders,"Safety, Javonte Williams tackled in end zone by Daron Payne and Jacob Martin ",2,7,2025_07_WAS_DAL
1,7:38,Commanders,Zach Ertz 5 yard pass from Jayden Daniels (run failed),8,7,2025_07_WAS_DAL
1,6:14,Cowboys,Brandon Aubrey 47 yard field goal ,8,10,2025_07_WAS_DAL
1,4:27,Cowboys,CeeDee Lamb 74 yard pass from Dak Prescott (Brandon Aubrey kick),8,17,2025_07_WAS_DAL
2,7:22,Cowboys,Brandon Aubrey 61 yard field goal ,8,20,2025_07_WAS_DAL
2,0:45,Commanders,Jayden Daniels 1 yard rush (Matt Gay kick),15,20,2025_07_WAS_DAL
2,0:10,Cowboys,Jake Ferguson 2 yard pass from Dak Prescott (Brandon Aubrey kick),15,27,2025_07_WAS_DAL
3,7:44,Cowboys,Jake Ferguson 5 yard pass from Dak Prescott (Brandon Aubrey kick),15,34,2025_07_WAS_DAL
3,5:31,Cowboys,DaRon Bland 68 yard interception return (Brandon Aubrey kick),15,41,2025_07_WAS_DAL
3,2:35,Commanders,Chris Rodriguez 3 yard rush (Matt Gay kick),22,41,2025_07_WAS_DAL
4,12:45,Cowboys,Brandon Aubrey 29 yard field goal ,22,44,2025_07_WAS_DAL
2,12:54,Falcons,John Parker Romo 38 yard field goal ,3,0,2025_07_ATL_SF
2,1:48,49ers,Christian McCaffrey 1 yard rush (Eddy PiÃ±eiro kick),3,7,2025_07_ATL_SF
2,0:38,49ers,Eddy PiÃ±eiro 55 yard field goal ,3,10,2025_07_ATL_SF
3,10:09,49ers,Eddy PiÃ±eiro 43 yard field goal ,3,13,2025_07_ATL_SF
3,6:28,Falcons,Bijan Robinson 10 yard pass from Michael Penix (John Parker Romo kick),10,13,2025_07_ATL_SF
4,2:26,49ers,Christian McCaffrey 4 yard rush (Eddy PiÃ±eiro kick),10,20,2025_07_ATL_SF
1,11:59,Lions,Amon-Ra St. Brown 27 yard pass from Jared Goff (Jake Bates kick),0,7,2025_07_TB_DET
2,5:51,Lions,Jahmyr Gibbs 78 yard rush (Jake Bates kick),0,14,2025_07_TB_DET
2,0:00,Buccaneers,Chase McLaughlin 53 yard field goal ,3,14,2025_07_TB_DET
3,8:49,Buccaneers,Tez Johnson 22 yard pass from Baker Mayfield (pass failed),9,14,2025_07_TB_DET
3,4:39,Lions,Jahmyr Gibbs 5 yard rush (Jake Bates kick),9,21,2025_07_TB_DET
4,10:18,Lions,Jake Bates 58 yard field goal ,9,24,2025_07_TB_DET
1,7:28,Seahawks,Zach Charbonnet 1 yard rush (Jason Myers kick),0,7,2025_07_HOU_SEA
1,0:00,Seahawks,Jaxon Smith-Njigba 11 yard pass from Sam Darnold (Jason Myers kick),0,14,2025_07_HOU_SEA
2,2:18,Texans,Ka'imi Fairbairn 36 yard field goal ,3,14,2025_07_HOU_SEA
2,0:00,Texans,Ka'imi Fairbairn 46 yard field goal ,6,14,2025_07_HOU_SEA
3,10:34,Seahawks,Jason Myers 26 yard field goal ,6,17,2025_07_HOU_SEA
3,7:24,Texans,Will Anderson fumble recovery in end zone (pass failed),12,17,2025_07_HOU_SEA
3,5:15,Seahawks,Jason Myers 47 yard field goal ,12,20,2025_07_HOU_SEA
3,0:54,Seahawks,Zach Charbonnet 2 yard rush (Jason Myers kick),12,27,2025_07_HOU_SEA
4,2:04,Texans,Woody Marks 4 yard pass from C.J. Stroud (Ka'imi Fairbairn kick),19,27,2025_07_HOU_SEA
1,4:01,Chargers,Oronde Gadsden II 8 yard pass from Justin Herbert (Cameron Dicker kick),0,7,2025_08_MIN_LAC
2,13:08,Chargers,Kimani Vidal 3 yard rush (Cameron Dicker kick),0,14,2025_08_MIN_LAC
2,8:55,Vikings,Will Reichard 54 yard field goal ,3,14,2025_08_MIN_LAC
2,0:45,Chargers,Ladd McConkey 27 yard pass from Justin Herbert (Cameron Dicker kick),3,21,2025_08_MIN_LAC
3,10:01,Chargers,Cameron Dicker 43 yard field goal ,3,24,2025_08_MIN_LAC
3,4:36,Vikings,Jordan Addison 4 yard pass from Carson Wentz (Will Reichard kick),10,24,2025_08_MIN_LAC
4,12:42,Chargers,Tre Harris 6 yard pass from Justin Herbert (Cameron Dicker kick),10,31,2025_08_MIN_LAC
4,7:01,Chargers,Cameron Dicker 34 yard field goal ,10,34,2025_08_MIN_LAC
4,1:56,Chargers,Cameron Dicker 45 yard field goal ,10,37,2025_08_MIN_LAC
1,2:33,Dolphins,De'Von Achane 3 yard pass from Tua Tagovailoa (Riley Patterson kick),7,0,2025_08_MIA_ATL
2,12:59,Falcons,John Parker Romo 45 yard field goal ,7,3,2025_08_MIA_ATL
2,6:14,Dolphins,Riley Patterson 34 yard field goal ,10,3,2025_08_MIA_ATL
2,0:11,Dolphins,Malik Washington 9 yard pass from Tua Tagovailoa (Riley Patterson kick),17,3,2025_08_MIA_ATL
3,4:18,Dolphins,Jaylen Waddle 43 yard pass from Tua Tagovailoa (Riley Patterson kick),24,3,2025_08_MIA_ATL
4,13:28,Dolphins,Ollie Gordon 20 yard pass from Tua Tagovailoa (Riley Patterson kick),31,3,2025_08_MIA_ATL
4,8:36,Dolphins,Riley Patterson 36 yard field goal ,34,3,2025_08_MIA_ATL
4,5:01,Falcons,Tyler Allgeier 6 yard rush (John Parker Romo kick),34,10,2025_08_MIA_ATL
1,6:50,Bears,Cairo Santos 32 yard field goal ,3,0,2025_08_CHI_BAL
1,0:03,Bears,Cairo Santos 39 yard field goal ,6,0,2025_08_CHI_BAL
2,8:15,Ravens,Derrick Henry 2 yard rush (Tyler Loop kick),6,7,2025_08_CHI_BAL
2,1:06,Ravens,Tyler Loop 42 yard field goal ,6,10,2025_08_CHI_BAL
3,10:05,Ravens,Tyler Loop 28 yard field goal ,6,13,2025_08_CHI_BAL
3,3:35,Ravens,Tyler Loop 32 yard field goal ,6,16,2025_08_CHI_BAL
4,12:22,Bears,D'Andre Swift 2 yard rush (Cairo Santos kick),13,16,2025_08_CHI_BAL
4,8:13,Ravens,Charlie Kolar 10 yard pass from Tyler Huntley (Tyler Loop kick),13,23,2025_08_CHI_BAL
4,5:06,Bears,Cairo Santos 47 yard field goal ,16,23,2025_08_CHI_BAL
4,2:09,Ravens,Derrick Henry 2 yard rush (Tyler Loop kick),16,30,2025_08_CHI_BAL
1,7:14,Bills,Matt Prater 45 yard field goal ,3,0,2025_08_BUF_CAR
2,13:03,Bills,Matt Prater 43 yard field goal ,6,0,2025_08_BUF_CAR
2,8:58,Panthers,Ryan Fitzgerald 48 yard field goal ,6,3,2025_08_BUF_CAR
2,7:23,Bills,James Cook 64 yard rush (Matt Prater kick failed),12,3,2025_08_BUF_CAR
2,1:50,Bills,Josh Allen 1 yard rush (Matt Prater kick),19,3,2025_08_BUF_CAR
3,12:18,Bills,Khalil Shakir 54 yard pass from Josh Allen (Matt Prater kick),26,3,2025_08_BUF_CAR
3,4:59,Bills,James Cook 21 yard rush (Matt Prater kick),33,3,2025_08_BUF_CAR
3,1:19,Bills,Josh Allen 1 yard rush (Matt Prater kick),40,3,2025_08_BUF_CAR
4,10:33,Panthers,Chuba Hubbard 3 yard rush (Ryan Fitzgerald kick failed),40,9,2025_08_BUF_CAR
1,10:14,Bengals,Evan McPherson 26 yard field goal ,0,3,2025_08_NYJ_CIN
1,5:35,Bengals,Joe Flacco 1 yard rush (Evan McPherson kick),0,10,2025_08_NYJ_CIN
2,12:12,Jets,Nick Folk 46 yard field goal ,3,10,2025_08_NYJ_CIN
2,10:45,Bengals,Tee Higgins 44 yard pass from Joe Flacco (Evan McPherson kick),3,17,2025_08_NYJ_CIN
2,5:15,Jets,Tyler Johnson 15 yard pass from Justin Fields (Nick Folk kick),10,17,2025_08_NYJ_CIN
2,1:15,Bengals,Chase Brown 19 yard pass from Joe Flacco (Evan McPherson kick),10,24,2025_08_NYJ_CIN
2,0:00,Jets,Nick Folk 25 yard field goal ,13,24,2025_08_NYJ_CIN
3,6:12,Jets,Nick Folk 24 yard field goal ,16,24,2025_08_NYJ_CIN
3,2:34,Bengals,Samaje Perine 32 yard rush (Evan McPherson kick),16,31,2025_08_NYJ_CIN
4,14:17,Jets,Breece Hall 5 yard rush (Justin Fields run),24,31,2025_08_NYJ_CIN
4,10:10,Bengals,Chase Brown 1 yard rush (Evan McPherson kick),24,38,2025_08_NYJ_CIN
4,7:52,Jets,Breece Hall 27 yard rush (Isaiah Davis pass from Justin Fields),32,38,2025_08_NYJ_CIN
4,1:54,Jets,Mason Taylor 4 yard pass from Breece Hall (Nick Folk kick),39,38,2025_08_NYJ_CIN
1,5:21,Texans,Ka'imi Fairbairn 33 yard field goal ,0,3,2025_08_SF_HOU
2,14:57,Texans,Ka'imi Fairbairn 34 yard field goal ,0,6,2025_08_SF_HOU
2,7:32,Texans,Jayden Higgins 12 yard pass from C.J. Stroud (Ka'imi Fairbairn kick),0,13,2025_08_SF_HOU
2,0:58,Texans,Ka'imi Fairbairn 37 yard field goal ,0,16,2025_08_SF_HOU
2,0:25,49ers,George Kittle 17 yard pass from Mac Jones (Eddy PiÃ±eiro kick),7,16,2025_08_SF_HOU
3,7:29,Texans,Xavier Hutchinson 30 yard pass from C.J. Stroud (Ka'imi Fairbairn kick),7,23,2025_08_SF_HOU
3,0:28,49ers,Jake Tonges 2 yard pass from Mac Jones (Demarcus Robinson pass from Mac Jones),15,23,2025_08_SF_HOU
4,9:41,Texans,Ka'imi Fairbairn 30 yard field goal ,15,26,2025_08_SF_HOU
1,8:45,Patriots,Andres Borregales 36 yard field goal ,0,3,2025_08_CLE_NE
1,5:10,Browns,Harold Fannin 18 yard pass from Dillon Gabriel (Andre Szmyt kick),7,3,2025_08_CLE_NE
2,7:41,Patriots,Andres Borregales 32 yard field goal ,7,6,2025_08_CLE_NE
2,0:00,Patriots,Andres Borregales 42 yard field goal ,7,9,2025_08_CLE_NE
3,9:10,Patriots,Hunter Henry 7 yard pass from Drake Maye (Andres Borregales kick),7,16,2025_08_CLE_NE
3,6:43,Patriots,Stefon Diggs 1 yard pass from Drake Maye (Andres Borregales kick),7,23,2025_08_CLE_NE
3,0:53,Patriots,Kayshon Boutte 39 yard pass from Drake Maye (Andres Borregales kick),7,30,2025_08_CLE_NE
4,9:24,Browns,David Njoku 11 yard pass from Dillon Gabriel (pass failed),13,30,2025_08_CLE_NE
4,4:06,Patriots,"Safety, Dillon Gabriel intentional grounding in end zone ",13,32,2025_08_CLE_NE
1,14:43,Eagles,Saquon Barkley 65 yard rush (Jake Elliott kick),0,7,2025_08_NYG_PHI
1,2:56,Giants,Cam Skattebo 18 yard pass from Jaxson Dart (Graham Gano kick),7,7,2025_08_NYG_PHI
2,11:38,Eagles,Saquon Barkley 9 yard pass from Jalen Hurts (Jake Elliott kick),7,14,2025_08_NYG_PHI
2,2:53,Giants,Graham Gano 47 yard field goal ,10,14,2025_08_NYG_PHI
2,0:21,Eagles,Dallas Goedert 6 yard pass from Jalen Hurts (Jake Elliott kick),10,21,2025_08_NYG_PHI
3,7:03,Eagles,Jake Elliott 40 yard field goal ,10,24,2025_08_NYG_PHI
3,0:19,Giants,Graham Gano 34 yard field goal ,13,24,2025_08_NYG_PHI
4,11:17,Eagles,Dallas Goedert 17 yard pass from Jalen Hurts (Jake Elliott kick),13,31,2025_08_NYG_PHI
4,5:59,Eagles,Jahan Dotson 40 yard pass from Jalen Hurts (Jake Elliott kick),13,38,2025_08_NYG_PHI
4,2:44,Giants,Jaxson Dart 2 yard rush (Graham Gano kick),20,38,2025_08_NYG_PHI
2,6:41,Buccaneers,Anthony Nelson 3 yard interception return (Chase McLaughlin kick),7,0,2025_08_TB_NO
2,0:01,Saints,Blake Grupe 48 yard field goal ,7,3,2025_08_TB_NO
3,10:08,Buccaneers,Sean Tucker 1 yard rush (Chase McLaughlin kick),14,3,2025_08_TB_NO
3,4:02,Buccaneers,Chase McLaughlin 55 yard field goal ,17,3,2025_08_TB_NO
4,14:03,Buccaneers,Chase McLaughlin 52 yard field goal ,20,3,2025_08_TB_NO
4,9:26,Buccaneers,Chase McLaughlin 54 yard field goal ,23,3,2025_08_TB_NO
1,10:34,Cowboys,Brandon Aubrey 24 yard field goal ,3,0,2025_08_DAL_DEN
1,8:13,Broncos,RJ Harvey 40 yard rush (Wil Lutz kick),3,7,2025_08_DAL_DEN
1,3:04,Broncos,Troy Franklin 25 yard pass from Bo Nix (Wil Lutz kick),3,14,2025_08_DAL_DEN
2,7:29,Cowboys,Javonte Williams 1 yard rush (Brandon Aubrey kick),10,14,2025_08_DAL_DEN
2,3:47,Broncos,RJ Harvey 1 yard rush (pass failed),10,20,2025_08_DAL_DEN
2,0:39,Broncos,Pat Bryant 24 yard pass from Bo Nix (Wil Lutz kick),10,27,2025_08_DAL_DEN
3,8:10,Cowboys,Javonte Williams 1 yard rush (Brandon Aubrey kick),17,27,2025_08_DAL_DEN
3,6:02,Broncos,Wil Lutz 42 yard field goal ,17,30,2025_08_DAL_DEN
4,12:48,Broncos,Troy Franklin 7 yard pass from Bo Nix (Wil Lutz kick),17,37,2025_08_DAL_DEN
4,7:14,Broncos,RJ Harvey 5 yard pass from Bo Nix (Wil Lutz kick),17,44,2025_08_DAL_DEN
4,4:44,Cowboys,Jalen Tolbert 35 yard pass from Joe Milton (Brandon Aubrey kick),24,44,2025_08_DAL_DEN
1,9:43,Colts,Michael Badgley 43 yard field goal ,0,3,2025_08_TEN_IND
1,0:09,Colts,Jonathan Taylor 18 yard rush (Michael Badgley kick),0,10,2025_08_TEN_IND
2,11:14,Titans,Gunnar Helm 1 yard pass from Cam Ward (Joey Slye kick),7,10,2025_08_TEN_IND
2,7:44,Colts,Michael Pittman Jr. 21 yard pass from Daniel Jones (Michael Badgley kick),7,17,2025_08_TEN_IND
3,11:10,Colts,Jonathan Taylor 80 yard rush (Michael Badgley kick),7,24,2025_08_TEN_IND
3,5:12,Colts,Josh Downs 10 yard pass from Daniel Jones (Michael Badgley kick),7,31,2025_08_TEN_IND
4,14:22,Colts,Jonathan Taylor 19 yard pass from Daniel Jones (Michael Badgley kick),7,38,2025_08_TEN_IND
4,2:36,Titans,Tyjae Spears 3 yard rush (Joey Slye kick),14,38,2025_08_TEN_IND
1,8:41,Steelers,Chris Boswell 56 yard field goal ,0,3,2025_08_GB_PIT
1,5:14,Packers,Tucker Kraft 16 yard pass from Jordan Love (Brandon McManus kick),7,3,2025_08_GB_PIT
2,12:18,Steelers,Chris Boswell 50 yard field goal ,7,6,2025_08_GB_PIT
2,5:52,Steelers,Chris Boswell 48 yard field goal ,7,9,2025_08_GB_PIT
2,0:34,Steelers,D.K. Metcalf 2 yard pass from Aaron Rodgers (Chris Boswell kick),7,16,2025_08_GB_PIT
3,9:01,Packers,Savion Williams 8 yard pass from Jordan Love (Brandon McManus kick),14,16,2025_08_GB_PIT
3,5:34,Steelers,Chris Boswell 56 yard field goal ,14,19,2025_08_GB_PIT
4,14:55,Packers,Josh Jacobs 3 yard rush (Romeo Doubs pass from Jordan Love),22,19,2025_08_GB_PIT
4,11:05,Packers,Tucker Kraft 24 yard pass from Jordan Love (Brandon McManus kick),29,19,2025_08_GB_PIT
4,5:28,Packers,Brandon McManus 28 yard field goal ,32,19,2025_08_GB_PIT
4,3:59,Packers,Brandon McManus 25 yard field goal ,35,19,2025_08_GB_PIT
4,2:07,Steelers,Roman Wilson 21 yard pass from Aaron Rodgers (pass failed),35,25,2025_08_GB_PIT
2,5:46,Chiefs,Kareem Hunt 1 yard rush (Harrison Butker kick),0,7,2025_08_WAS_KC
2,0:58,Commanders,Terry McLaurin 11 yard pass from Marcus Mariota (Matthew Wright kick),7,7,2025_08_WAS_KC
3,10:12,Chiefs,Kareem Hunt 2 yard pass from Patrick Mahomes (Harrison Butker kick),7,14,2025_08_WAS_KC
3,3:20,Chiefs,Travis Kelce 10 yard pass from Patrick Mahomes (Harrison Butker kick),7,21,2025_08_WAS_KC
4,7:52,Chiefs,Rashee Rice 18 yard pass from Patrick Mahomes (Harrison Butker kick),7,28,2025_08_WAS_KC
1,12:07,Dolphins,Riley Patterson 49 yard field goal ,0,3,2025_09_BAL_MIA
1,8:25,Ravens,Mark Andrews 2 yard pass from Lamar Jackson (Tyler Loop kick),7,3,2025_09_BAL_MIA
2,14:11,Ravens,Mark Andrews 20 yard pass from Lamar Jackson (Tyler Loop kick),14,3,2025_09_BAL_MIA
2,7:57,Dolphins,Riley Patterson 43 yard field goal ,14,6,2025_09_BAL_MIA
3,8:09,Ravens,Charlie Kolar 3 yard pass from Lamar Jackson (Tyler Loop kick),21,6,2025_09_BAL_MIA
3,4:15,Ravens,Rashod Bateman 9 yard pass from Lamar Jackson (Tyler Loop kick),28,6,2025_09_BAL_MIA
