player,player_id,team,pass_cmp,pass_att,pass_yds,pass_td,pass_int,pass_sacked,pass_sacked_yds,pass_long,pass_rating,rush_att,rush_yds,rush_td,rush_long,targets,rec,rec_yds,rec_td,rec_long,fumbles,fumbles_lost,game_id
Dak Prescott,PresDa01.htm,DAL,21.0,34.0,188.0,0.0,0.0,0.0,0.0,32.0,76.6,1.0,3.0,0.0,3.0,0.0,0.0,0.0,0.0,0.0,0.0,0.0,2025_01_DAL_PHI
Javonte Williams,WillJa10.htm,DAL,0.0,0.0,0.0,0.0,0.0,0.0,0.0,0.0,,15.0,54.0,2.0,11.0,3.0,2.0,10.0,0.0,7.0,0.0,0.0,2025_01_DAL_PHI
Miles Sanders,SandMi01.htm,DAL,0.0,0.0,0.0,0.0,0.0,0.0,0.0,0.0,,4.0,53.0,0.0,49.0,1.0,1.0,-3.0,0.0,0.0,1.0,1.0,2025_01_DAL_PHI
KaVontae Turpin,TurpKa00.htm,DAL,0.0,0.0,0.0,0.0,0.0,0.0,0.0,0.0,,2.0,9.0,0.0,5.0,2.0,2.0,18.0,0.0,16.0,0.0,0.0,2025_01_DAL_PHI
CeeDee Lamb,LambCe00.htm,DAL,0.0,0.0,0.0,0.0,0.0,0.0,0.0,0.0,,0.0,0.0,0.0,0.0,13.0,7.0,110.0,0.0,32.0,0.0,0.0,2025_01_DAL_PHI
George Pickens,PickGe00.htm,DAL,0.0,0.0,0.0,0.0,0.0,0.0,0.0,0.0,,0.0,0.0,0.0,0.0,4.0,3.0,30.0,0.0,15.0,0.0,0.0,2025_01_DAL_PHI
Jake Ferguson,FergJa00.htm,DAL,0.0,0.0,0.0,0.0,0.0,0.0,0.0,0.0,,0.0,0.0,0.0,0.0,6.0,5.0,23.0,0.0,5.0,0.0,0.0,2025_01_DAL_PHI
Luke Schoonmaker,SchoLu00.htm,DAL,0.0,0.0,0.0,0.0,0.0,0.0,0.0,0.0,,0.0,0.0,0.0,0.0,1.0,0.0,0.0,0.0,0.0,0.0,0.0,2025_01_DAL_PHI
Brevyn Spann-Ford,SpanBr00.htm,DAL,0.0,0.0,0.0,0.0,0.0,0.0,0.0,0.0,,0.0,0.0,0.0,0.0,1.0,0.0,0.0,0.0,0.0,0.0,0.0,2025_01_DAL_PHI
Jalen Tolbert,TolbJa00.htm,DAL,0.0,0.0,0.0,0.0,0.0,0.0,0.0,0.0,,0.0,0.0,0.0,0.0,2.0,1.0,0.0,0.0,0.0,0.0,0.0,2025_01_DAL_PHI
Jalen Hurts,HurtJa00.htm,PHI,19.0,23.0,152.0,0.0,0.0,1.0,8.0,51.0,94.2,14.0,62.0,2.0,15.0,0.0,0.0,0.0,0.0,0.0,0.0,0.0,2025_01_DAL_PHI
Saquon Barkley,BarkSa00.htm,PHI,0.0,0.0,0.0,0.0,0.0,0.0,0.0,0.0,,18.0,60.0,1.0,16.0,5.0,4.0,24.0,0.0,8.0,0.0,0.0,2025_01_DAL_PHI
Will Shipley,ShipWi00.htm,PHI,0.0,0.0,0.0,0.0,0.0,0.0,0.0,0.0,,3.0,26.0,0.0,20.0,0.0,0.0,0.0,0.0,0.0,0.0,0.0,2025_01_DAL_PHI
AJ Dillon,DillAJ00.htm,PHI,0.0,0.0,0.0,0.0,0.0,0.0,0.0,0.0,,3.0,10.0,0.0,9.0,0.0,0.0,0.0,0.0,0.0,0.0,0.0,2025_01_DAL_PHI
Jahan Dotson,DotsJa00.htm,PHI,0.0,0.0,0.0,0.0,0.0,0.0,0.0,0.0,,0.0,0.0,0.0,0.0,3.0,3.0,59.0,0.0,51.0,0.0,0.0,2025_01_DAL_PHI
Dallas Goedert,GoedDa00.htm,PHI,0.0,0.0,0.0,0.0,0.0,0.0,0.0,0.0,,0.0,0.0,0.0,0.0,7.0,7.0,44.0,0.0,9.0,0.0,0.0,2025_01_DAL_PHI
DeVonta Smith,SmitDe07.htm,PHI,0.0,0.0,0.0,0.0,0.0,0.0,0.0,0.0,,0.0,0.0,0.0,0.0,3.0,3.0,16.0,0.0,7.0,0.0,0.0,2025_01_DAL_PHI
A.J. Brown,BrowAJ00.htm,PHI,0.0,0.0,0.0,0.0,0.0,0.0,0.0,0.0,,0.0,0.0,0.0,0.0,1.0,1.0,8.0,0.0,8.0,0.0,0.0,2025_01_DAL_PHI
Kylen Granson,GranKy00.htm,PHI,0.0,0.0,0.0,0.0,0.0,0.0,0.0,0.0,,0.0,0.0,0.0,0.0,1.0,1.0,1.0,0.0,1.0,0.0,0.0,2025_01_DAL_PHI
Patrick Mahomes,MahoPa00.htm,KAN,24.0,39.0,258.0,1.0,0.0,2.0,9.0,49.0,89.5,6.0,57.0,1.0,15.0,0.0,0.0,0.0,0.0,0.0,0.0,0.0,2025_01_KC_LAC
Isiah Pacheco,PachIs00.htm,KAN,0.0,0.0,0.0,0.0,0.0,0.0,0.0,0.0,,5.0,25.0,0.0,10.0,3.0,2.0,3.0,0.0,4.0,0.0,0.0,2025_01_KC_LAC
Kareem Hunt,HuntKa00.htm,KAN,0.0,0.0,0.0,0.0,0.0,0.0,0.0,0.0,,5.0,16.0,0.0,6.0,3.0,2.0,10.0,0.0,6.0,0.0,0.0,2025_01_KC_LAC
Marquise Brown,BrowMa04.htm,KAN,0.0,0.0,0.0,0.0,0.0,0.0,0.0,0.0,,0.0,0.0,0.0,0.0,16.0,10.0,99.0,0.0,49.0,0.0,0.0,2025_01_KC_LAC
JuJu Smith-Schuster,SmitJu00.htm,KAN,0.0,0.0,0.0,0.0,0.0,0.0,0.0,0.0,,0.0,0.0,0.0,0.0,5.0,5.0,55.0,0.0,16.0,0.0,0.0,2025_01_KC_LAC
Travis Kelce,KelcTr00.htm,KAN,0.0,0.0,0.0,0.0,0.0,0.0,0.0,0.0,,0.0,0.0,0.0,0.0,4.0,2.0,47.0,1.0,37.0,0.0,0.0,2025_01_KC_LAC
Tyquan Thornton,ThorTy00.htm,KAN,0.0,0.0,0.0,0.0,0.0,0.0,0.0,0.0,,0.0,0.0,0.0,0.0,4.0,2.0,41.0,0.0,38.0,0.0,0.0,2025_01_KC_LAC
Noah Gray,GrayNo00.htm,KAN,0.0,0.0,0.0,0.0,0.0,0.0,0.0,0.0,,0.0,0.0,0.0,0.0,1.0,1.0,3.0,0.0,3.0,0.0,0.0,2025_01_KC_LAC
Jason Brownlee,BrowJa07.htm,KAN,0.0,0.0,0.0,0.0,0.0,0.0,0.0,0.0,,0.0,0.0,0.0,0.0,1.0,0.0,0.0,0.0,0.0,0.0,0.0,2025_01_KC_LAC
Xavier Worthy,WortXa00.htm,KAN,0.0,0.0,0.0,0.0,0.0,0.0,0.0,0.0,,1.0,0.0,0.0,0.0,1.0,0.0,0.0,0.0,0.0,0.0,0.0,2025_01_KC_LAC
Justin Herbert,HerbJu00.htm,LAC,25.0,34.0,318.0,3.0,0.0,3.0,14.0,33.0,131.7,7.0,32.0,0.0,19.0,0.0,0.0,0.0,0.0,0.0,0.0,0.0,2025_01_KC_LAC
Omarion Hampton,HampOm00.htm,LAC,0.0,0.0,0.0,0.0,0.0,0.0,0.0,0.0,,15.0,48.0,0.0,11.0,2.0,2.0,13.0,0.0,7.0,0.0,0.0,2025_01_KC_LAC
Najee Harris,HarrNa00.htm,LAC,0.0,0.0,0.0,0.0,0.0,0.0,0.0,0.0,,1.0,5.0,0.0,5.0,1.0,1.0,5.0,0.0,5.0,0.0,0.0,2025_01_KC_LAC
Derius Davis,DaviDe02.htm,LAC,0.0,0.0,0.0,0.0,0.0,0.0,0.0,0.0,,1.0,3.0,0.0,3.0,0.0,0.0,0.0,0.0,0.0,0.0,0.0,2025_01_KC_LAC
Tyler Conklin,ConkTy00.htm,LAC,0.0,0.0,0.0,0.0,0.0,0.0,0.0,0.0,,1.0,2.0,0.0,2.0,2.0,2.0,50.0,0.0,33.0,1.0,0.0,2025_01_KC_LAC
Quentin Johnston,JohnQu02.htm,LAC,0.0,0.0,0.0,0.0,0.0,0.0,0.0,0.0,,0.0,0.0,0.0,0.0,7.0,5.0,79.0,2.0,33.0,0.0,0.0,2025_01_KC_LAC
Ladd McConkey,McCoLa00.htm,LAC,0.0,0.0,0.0,0.0,0.0,0.0,0.0,0.0,,0.0,0.0,0.0,0.0,9.0,6.0,74.0,0.0,23.0,0.0,0.0,2025_01_KC_LAC
Keenan Allen,AlleKe00.htm,LAC,0.0,0.0,0.0,0.0,0.0,0.0,0.0,0.0,,0.0,0.0,0.0,0.0,10.0,7.0,68.0,1.0,15.0,0.0,0.0,2025_01_KC_LAC
Will Dissly,DissWi00.htm,LAC,0.0,0.0,0.0,0.0,0.0,0.0,0.0,0.0,,0.0,0.0,0.0,0.0,1.0,1.0,18.0,0.0,18.0,0.0,0.0,2025_01_KC_LAC
Tre Harris,HarrTr03.htm,LAC,0.0,0.0,0.0,0.0,0.0,0.0,0.0,0.0,,0.0,0.0,0.0,0.0,1.0,1.0,11.0,0.0,11.0,0.0,0.0,2025_01_KC_LAC
KeAndre Lambert-Smith,LambKe01.htm,LAC,0.0,0.0,0.0,0.0,0.0,0.0,0.0,0.0,,0.0,0.0,0.0,0.0,1.0,0.0,0.0,0.0,0.0,0.0,0.0,2025_01_KC_LAC
Baker Mayfield,MayfBa00.htm,TAM,17.0,32.0,167.0,3.0,0.0,1.0,8.0,30.0,99.3,5.0,39.0,0.0,20.0,0.0,0.0,0.0,0.0,0.0,0.0,0.0,2025_01_TB_ATL
Bucky Irving,IrviBu00.htm,TAM,0.0,0.0,0.0,0.0,0.0,0.0,0.0,0.0,,14.0,37.0,0.0,9.0,4.0,4.0,8.0,1.0,9.0,0.0,0.0,2025_01_TB_ATL
Rachaad White,WhitRa01.htm,TAM,0.0,0.0,0.0,0.0,0.0,0.0,0.0,0.0,,2.0,14.0,0.0,11.0,1.0,1.0,2.0,0.0,2.0,0.0,0.0,2025_01_TB_ATL
Emeka Egbuka,EgbuEm01.htm,TAM,0.0,0.0,0.0,0.0,0.0,0.0,0.0,0.0,,1.0,9.0,0.0,9.0,6.0,4.0,67.0,2.0,30.0,0.0,0.0,2025_01_TB_ATL
Sean Tucker,TuckSe00.htm,TAM,0.0,0.0,0.0,0.0,0.0,0.0,0.0,0.0,,1.0,2.0,0.0,2.0,0.0,0.0,0.0,0.0,0.0,0.0,0.0,2025_01_TB_ATL
Mike Evans,EvanMi00.htm,TAM,0.0,0.0,0.0,0.0,0.0,0.0,0.0,0.0,,0.0,0.0,0.0,0.0,8.0,5.0,51.0,0.0,14.0,0.0,0.0,2025_01_TB_ATL
Sterling Shepard,ShepSt00.htm,TAM,0.0,0.0,0.0,0.0,0.0,0.0,0.0,0.0,,0.0,0.0,0.0,0.0,6.0,3.0,39.0,0.0,19.0,0.0,0.0,2025_01_TB_ATL
Tez Johnson,JohnTe03.htm,TAM,0.0,0.0,0.0,0.0,0.0,0.0,0.0,0.0,,0.0,0.0,0.0,0.0,1.0,0.0,0.0,0.0,0.0,0.0,0.0,2025_01_TB_ATL
Ryan Miller,MillRy01.htm,TAM,0.0,0.0,0.0,0.0,0.0,0.0,0.0,0.0,,0.0,0.0,0.0,0.0,1.0,0.0,0.0,0.0,0.0,0.0,0.0,2025_01_TB_ATL
Cade Otton,OttoCa00.htm,TAM,0.0,0.0,0.0,0.0,0.0,0.0,0.0,0.0,,0.0,0.0,0.0,0.0,3.0,0.0,0.0,0.0,0.0,0.0,0.0,2025_01_TB_ATL
Michael Penix,PeniMi00.htm,ATL,27.0,42.0,298.0,1.0,0.0,1.0,9.0,50.0,93.2,6.0,21.0,1.0,12.0,0.0,0.0,0.0,0.0,0.0,1.0,0.0,2025_01_TB_ATL
Bijan Robinson,RobiBi01.htm,ATL,0.0,0.0,0.0,0.0,0.0,0.0,0.0,0.0,,12.0,24.0,0.0,6.0,7.0,6.0,100.0,1.0,50.0,0.0,0.0,2025_01_TB_ATL
Tyler Allgeier,AllgTy00.htm,ATL,0.0,0.0,0.0,0.0,0.0,0.0,0.0,0.0,,10.0,24.0,0.0,5.0,0.0,0.0,0.0,0.0,0.0,0.0,0.0,2025_01_TB_ATL
Kyle Pitts,PittKy00.htm,ATL,0.0,0.0,0.0,0.0,0.0,0.0,0.0,0.0,,0.0,0.0,0.0,0.0,8.0,7.0,59.0,0.0,14.0,0.0,0.0,2025_01_TB_ATL
Drake London,LondDr00.htm,ATL,0.0,0.0,0.0,0.0,0.0,0.0,0.0,0.0,,0.0,0.0,0.0,0.0,15.0,8.0,55.0,0.0,12.0,0.0,0.0,2025_01_TB_ATL
Ray-Ray McCloud,McClRa00.htm,ATL,0.0,0.0,0.0,0.0,0.0,0.0,0.0,0.0,,0.0,0.0,0.0,0.0,5.0,3.0,51.0,0.0,24.0,0.0,0.0,2025_01_TB_ATL
Casey Washington,WashCa01.htm,ATL,0.0,0.0,0.0,0.0,0.0,0.0,0.0,0.0,,0.0,0.0,0.0,0.0,6.0,3.0,33.0,0.0,19.0,0.0,0.0,2025_01_TB_ATL
KhaDarel Hodge,HodgKh00.htm,ATL,0.0,0.0,0.0,0.0,0.0,0.0,0.0,0.0,,0.0,0.0,0.0,0.0,1.0,0.0,0.0,0.0,0.0,0.0,0.0,2025_01_TB_ATL
Joe Burrow,BurrJo01.htm,CIN,14.0,23.0,113.0,1.0,0.0,3.0,18.0,20.0,87.8,2.0,3.0,0.0,2.0,0.0,0.0,0.0,0.0,0.0,0.0,0.0,2025_01_CIN_CLE
Chase Brown,BrowCh10.htm,CIN,0.0,0.0,0.0,0.0,0.0,0.0,0.0,0.0,,21.0,43.0,1.0,8.0,3.0,2.0,8.0,0.0,7.0,0.0,0.0,2025_01_CIN_CLE
Tee Higgins,HiggTe00.htm,CIN,0.0,0.0,0.0,0.0,0.0,0.0,0.0,0.0,,0.0,0.0,0.0,0.0,4.0,3.0,33.0,0.0,13.0,0.0,0.0,2025_01_CIN_CLE
Ja'Marr Chase,ChasJa00.htm,CIN,0.0,0.0,0.0,0.0,0.0,0.0,0.0,0.0,,0.0,0.0,0.0,0.0,5.0,2.0,26.0,0.0,20.0,0.0,0.0,2025_01_CIN_CLE
Noah Fant,FantNo00.htm,CIN,0.0,0.0,0.0,0.0,0.0,0.0,0.0,0.0,,0.0,0.0,0.0,0.0,5.0,4.0,26.0,1.0,12.0,0.0,0.0,2025_01_CIN_CLE
Mike Gesicki,GesiMi00.htm,CIN,0.0,0.0,0.0,0.0,0.0,0.0,0.0,0.0,,0.0,0.0,0.0,0.0,3.0,1.0,14.0,0.0,14.0,0.0,0.0,2025_01_CIN_CLE
Samaje Perine,PeriSa00.htm,CIN,0.0,0.0,0.0,0.0,0.0,0.0,0.0,0.0,,0.0,0.0,0.0,0.0,2.0,2.0,6.0,0.0,5.0,0.0,0.0,2025_01_CIN_CLE
Drew Sample,SampDr00.htm,CIN,0.0,0.0,0.0,0.0,0.0,0.0,0.0,0.0,,0.0,0.0,0.0,0.0,1.0,0.0,0.0,0.0,0.0,0.0,0.0,2025_01_CIN_CLE
Joe Flacco,FlacJo00.htm,CLE,31.0,45.0,290.0,1.0,2.0,2.0,12.0,25.0,75.2,2.0,6.0,0.0,4.0,0.0,0.0,0.0,0.0,0.0,0.0,0.0,2025_01_CIN_CLE
Dylan Sampson,SampDy00.htm,CLE,0.0,0.0,0.0,0.0,0.0,0.0,0.0,0.0,,12.0,29.0,0.0,5.0,8.0,8.0,64.0,0.0,14.0,0.0,0.0,2025_01_CIN_CLE
Jerome Ford,FordJe00.htm,CLE,0.0,0.0,0.0,0.0,0.0,0.0,0.0,0.0,,6.0,8.0,0.0,2.0,1.0,1.0,-3.0,0.0,-3.0,0.0,0.0,2025_01_CIN_CLE
Harold Fannin,FannHa00.htm,CLE,0.0,0.0,0.0,0.0,0.0,0.0,0.0,0.0,,1.0,3.0,0.0,3.0,9.0,7.0,63.0,0.0,22.0,0.0,0.0,2025_01_CIN_CLE
Raheim Sanders,SandRa00.htm,CLE,0.0,0.0,0.0,0.0,0.0,0.0,0.0,0.0,,3.0,3.0,1.0,2.0,0.0,0.0,0.0,0.0,0.0,0.0,0.0,2025_01_CIN_CLE
Jerry Jeudy,JeudJe00.htm,CLE,0.0,0.0,0.0,0.0,0.0,0.0,0.0,0.0,,0.0,0.0,0.0,0.0,8.0,5.0,66.0,0.0,25.0,0.0,0.0,2025_01_CIN_CLE
Cedric Tillman,TillCe01.htm,CLE,0.0,0.0,0.0,0.0,0.0,0.0,0.0,0.0,,0.0,0.0,0.0,0.0,8.0,5.0,52.0,1.0,25.0,0.0,0.0,2025_01_CIN_CLE
David Njoku,NjokDa00.htm,CLE,0.0,0.0,0.0,0.0,0.0,0.0,0.0,0.0,,0.0,0.0,0.0,0.0,6.0,3.0,37.0,0.0,17.0,0.0,0.0,2025_01_CIN_CLE
Jamari Thrash,ThraJa01.htm,CLE,0.0,0.0,0.0,0.0,0.0,0.0,0.0,0.0,,0.0,0.0,0.0,0.0,1.0,1.0,6.0,0.0,6.0,0.0,0.0,2025_01_CIN_CLE
Isaiah Bond,BondIs00.htm,CLE,0.0,0.0,0.0,0.0,0.0,0.0,0.0,0.0,,0.0,0.0,0.0,0.0,1.0,1.0,5.0,0.0,5.0,0.0,0.0,2025_01_CIN_CLE
Tua Tagovailoa,TagoTu00.htm,MIA,14.0,23.0,114.0,1.0,2.0,3.0,13.0,21.0,51.7,1.0,7.0,0.0,7.0,0.0,0.0,0.0,0.0,0.0,1.0,1.0,2025_01_MIA_IND
Zach Wilson,WilsZa00.htm,MIA,5.0,8.0,32.0,0.0,0.0,0.0,0.0,11.0,70.8,1.0,3.0,0.0,3.0,0.0,0.0,0.0,0.0,0.0,0.0,0.0,2025_01_MIA_IND
De'Von Achane,AchaDe00.htm,MIA,0.0,0.0,0.0,0.0,0.0,0.0,0.0,0.0,,7.0,55.0,0.0,26.0,4.0,3.0,20.0,1.0,11.0,0.0,0.0,2025_01_MIA_IND
Malik Washington,WashMa00.htm,MIA,0.0,0.0,0.0,0.0,0.0,0.0,0.0,0.0,,1.0,9.0,0.0,9.0,5.0,2.0,20.0,0.0,11.0,0.0,0.0,2025_01_MIA_IND
Ollie Gordon,GordOl00.htm,MIA,0.0,0.0,0.0,0.0,0.0,0.0,0.0,0.0,,2.0,4.0,0.0,3.0,1.0,1.0,-1.0,0.0,-1.0,0.0,0.0,2025_01_MIA_IND
Tyreek Hill,HillTy00.htm,MIA,0.0,0.0,0.0,0.0,0.0,0.0,0.0,0.0,,0.0,0.0,0.0,0.0,6.0,4.0,40.0,0.0,21.0,0.0,0.0,2025_01_MIA_IND
Jaylen Waddle,WaddJa00.htm,MIA,0.0,0.0,0.0,0.0,0.0,0.0,0.0,0.0,,0.0,0.0,0.0,0.0,5.0,4.0,30.0,0.0,16.0,0.0,0.0,2025_01_MIA_IND
Tanner Conner,ConnTa00.htm,MIA,0.0,0.0,0.0,0.0,0.0,0.0,0.0,0.0,,0.0,0.0,0.0,0.0,4.0,2.0,20.0,0.0,14.0,0.0,0.0,2025_01_MIA_IND
D'Wayne Eskridge,EskrDW00.htm,MIA,0.0,0.0,0.0,0.0,0.0,0.0,0.0,0.0,,0.0,0.0,0.0,0.0,2.0,1.0,9.0,0.0,9.0,0.0,0.0,2025_01_MIA_IND
Nick Westbrook-Ikhine,WestNi00.htm,MIA,0.0,0.0,0.0,0.0,0.0,0.0,0.0,0.0,,0.0,0.0,0.0,0.0,2.0,1.0,7.0,0.0,7.0,0.0,0.0,2025_01_MIA_IND
Alec Ingold,IngoAl01.htm,MIA,0.0,0.0,0.0,0.0,0.0,0.0,0.0,0.0,,0.0,0.0,0.0,0.0,2.0,1.0,1.0,0.0,1.0,0.0,0.0,2025_01_MIA_IND
Daniel Jones,JoneDa05.htm,IND,22.0,29.0,272.0,1.0,0.0,1.0,10.0,36.0,115.9,7.0,26.0,2.0,11.0,0.0,0.0,0.0,0.0,0.0,0.0,0.0,2025_01_MIA_IND
Jonathan Taylor,TaylJo02.htm,IND,0.0,0.0,0.0,0.0,0.0,0.0,0.0,0.0,,18.0,71.0,0.0,15.0,3.0,3.0,27.0,0.0,16.0,0.0,0.0,2025_01_MIA_IND
DJ Giddens,GiddDJ00.htm,IND,0.0,0.0,0.0,0.0,0.0,0.0,0.0,0.0,,12.0,41.0,0.0,12.0,0.0,0.0,0.0,0.0,0.0,0.0,0.0,2025_01_MIA_IND
Ashton Dulin,DuliAs00.htm,IND,0.0,0.0,0.0,0.0,0.0,0.0,0.0,0.0,,1.0,15.0,0.0,15.0,0.0,0.0,0.0,0.0,0.0,0.0,0.0,2025_01_MIA_IND
Tyler Warren,WarrTy00.htm,IND,0.0,0.0,0.0,0.0,0.0,0.0,0.0,0.0,,1.0,3.0,0.0,3.0,9.0,7.0,76.0,0.0,21.0,0.0,0.0,2025_01_MIA_IND
Michael Pittman Jr.,PittMi01.htm,IND,0.0,0.0,0.0,0.0,0.0,0.0,0.0,0.0,,0.0,0.0,0.0,0.0,8.0,6.0,80.0,1.0,27.0,0.0,0.0,2025_01_MIA_IND
Alec Pierce,PierAl00.htm,IND,0.0,0.0,0.0,0.0,0.0,0.0,0.0,0.0,,0.0,0.0,0.0,0.0,3.0,1.0,36.0,0.0,36.0,0.0,0.0,2025_01_MIA_IND
Adonai Mitchell,MitcAd00.htm,IND,0.0,0.0,0.0,0.0,0.0,0.0,0.0,0.0,,0.0,0.0,0.0,0.0,2.0,2.0,21.0,0.0,18.0,0.0,0.0,2025_01_MIA_IND
Mo Alie-Cox,AlieMo00.htm,IND,0.0,0.0,0.0,0.0,0.0,0.0,0.0,0.0,,0.0,0.0,0.0,0.0,1.0,1.0,20.0,0.0,20.0,0.0,0.0,2025_01_MIA_IND
Josh Downs,DownJo00.htm,IND,0.0,0.0,0.0,0.0,0.0,0.0,0.0,0.0,,0.0,0.0,0.0,0.0,3.0,2.0,12.0,0.0,6.0,0.0,0.0,2025_01_MIA_IND
Ulysses Bentley,BentUl00.htm,IND,0.0,0.0,0.0,0.0,0.0,0.0,0.0,0.0,,1.0,0.0,0.0,0.0,0.0,0.0,0.0,0.0,0.0,0.0,0.0,2025_01_MIA_IND
Bryce Young,YounBr01.htm,CAR,18.0,35.0,154.0,1.0,2.0,1.0,12.0,27.0,49.0,5.0,40.0,0.0,22.0,0.0,0.0,0.0,0.0,0.0,1.0,1.0,2025_01_CAR_JAX
Chuba Hubbard,HubbCh01.htm,CAR,0.0,0.0,0.0,0.0,0.0,0.0,0.0,0.0,,16.0,57.0,0.0,9.0,5.0,3.0,32.0,1.0,27.0,0.0,0.0,2025_01_CAR_JAX
Rico Dowdle,DowdRi01.htm,CAR,0.0,0.0,0.0,0.0,0.0,0.0,0.0,0.0,,3.0,12.0,0.0,9.0,3.0,2.0,4.0,0.0,3.0,0.0,0.0,2025_01_CAR_JAX
Trevor Etienne,EtieTr01.htm,CAR,0.0,0.0,0.0,0.0,0.0,0.0,0.0,0.0,,1.0,4.0,0.0,4.0,0.0,0.0,0.0,0.0,0.0,0.0,0.0,2025_01_CAR_JAX
Tetairoa McMillan,McMiTe00.htm,CAR,0.0,0.0,0.0,0.0,0.0,0.0,0.0,0.0,,0.0,0.0,0.0,0.0,9.0,5.0,68.0,0.0,21.0,0.0,0.0,2025_01_CAR_JAX
Ja'Tavion Sanders,SandJa01.htm,CAR,0.0,0.0,0.0,0.0,0.0,0.0,0.0,0.0,,0.0,0.0,0.0,0.0,3.0,2.0,27.0,0.0,18.0,0.0,0.0,2025_01_CAR_JAX
Hunter Renfrow,RenfHu00.htm,CAR,0.0,0.0,0.0,0.0,0.0,0.0,0.0,0.0,,0.0,0.0,0.0,0.0,6.0,2.0,11.0,0.0,6.0,0.0,0.0,2025_01_CAR_JAX
Xavier Legette,LegeXa00.htm,CAR,0.0,0.0,0.0,0.0,0.0,0.0,0.0,0.0,,0.0,0.0,0.0,0.0,7.0,3.0,10.0,0.0,9.0,0.0,0.0,2025_01_CAR_JAX
Tommy Tremble,TremTo00.htm,CAR,0.0,0.0,0.0,0.0,0.0,0.0,0.0,0.0,,0.0,0.0,0.0,0.0,1.0,1.0,2.0,0.0,2.0,0.0,0.0,2025_01_CAR_JAX
Trevor Lawrence,LawrTr00.htm,JAX,19.0,31.0,178.0,1.0,1.0,0.0,0.0,24.0,74.4,4.0,12.0,0.0,10.0,0.0,0.0,0.0,0.0,0.0,0.0,0.0,2025_01_CAR_JAX
Travis Etienne,EtieTr00.htm,JAX,0.0,0.0,0.0,0.0,0.0,0.0,0.0,0.0,,16.0,143.0,0.0,71.0,3.0,3.0,13.0,0.0,7.0,0.0,0.0,2025_01_CAR_JAX
Tank Bigsby,BigsTa00.htm,JAX,0.0,0.0,0.0,0.0,0.0,0.0,0.0,0.0,,5.0,12.0,0.0,4.0,0.0,0.0,0.0,0.0,0.0,0.0,0.0,2025_01_CAR_JAX
Bhayshul Tuten,TuteBh00.htm,JAX,0.0,0.0,0.0,0.0,0.0,0.0,0.0,0.0,,3.0,11.0,0.0,8.0,0.0,0.0,0.0,0.0,0.0,0.0,0.0,2025_01_CAR_JAX
Brian Thomas,ThomBr06.htm,JAX,0.0,0.0,0.0,0.0,0.0,0.0,0.0,0.0,,1.0,9.0,1.0,9.0,7.0,1.0,11.0,0.0,11.0,0.0,0.0,2025_01_CAR_JAX
LeQuint Allen,AlleLe01.htm,JAX,0.0,0.0,0.0,0.0,0.0,0.0,0.0,0.0,,1.0,7.0,0.0,7.0,1.0,1.0,4.0,0.0,4.0,0.0,0.0,2025_01_CAR_JAX
Dyami Brown,BrowDy00.htm,JAX,0.0,0.0,0.0,0.0,0.0,0.0,0.0,0.0,,2.0,6.0,0.0,4.0,4.0,3.0,52.0,0.0,23.0,0.0,0.0,2025_01_CAR_JAX
Brenton Strange,StraBr00.htm,JAX,0.0,0.0,0.0,0.0,0.0,0.0,0.0,0.0,,0.0,0.0,0.0,0.0,4.0,4.0,59.0,0.0,24.0,0.0,0.0,2025_01_CAR_JAX
Travis Hunter,HuntTr00.htm,JAX,0.0,0.0,0.0,0.0,0.0,0.0,0.0,0.0,,0.0,0.0,0.0,0.0,8.0,6.0,33.0,0.0,10.0,0.0,0.0,2025_01_CAR_JAX
Hunter Long,LongHu00.htm,JAX,0.0,0.0,0.0,0.0,0.0,0.0,0.0,0.0,,0.0,0.0,0.0,0.0,1.0,1.0,6.0,1.0,6.0,0.0,0.0,2025_01_CAR_JAX
Johnny Mundt,MundJo00.htm,JAX,0.0,0.0,0.0,0.0,0.0,0.0,0.0,0.0,,0.0,0.0,0.0,0.0,1.0,0.0,0.0,0.0,0.0,0.0,0.0,2025_01_CAR_JAX
Geno Smith,SmitGe00.htm,LVR,24.0,34.0,362.0,1.0,1.0,4.0,29.0,38.0,102.8,2.0,10.0,0.0,11.0,0.0,0.0,0.0,0.0,0.0,0.0,0.0,2025_01_LVR_NE
Ashton Jeanty,JeanAs00.htm,LVR,0.0,0.0,0.0,0.0,0.0,0.0,0.0,0.0,,19.0,38.0,1.0,9.0,2.0,2.0,2.0,0.0,4.0,0.0,0.0,2025_01_LVR_NE
Zamir White,WhitZa01.htm,LVR,0.0,0.0,0.0,0.0,0.0,0.0,0.0,0.0,,3.0,8.0,0.0,5.0,0.0,0.0,0.0,0.0,0.0,0.0,0.0,2025_01_LVR_NE
Brock Bowers,BoweBr01.htm,LVR,0.0,0.0,0.0,0.0,0.0,0.0,0.0,0.0,,0.0,0.0,0.0,0.0,8.0,5.0,103.0,0.0,38.0,0.0,0.0,2025_01_LVR_NE
Jakobi Meyers,MeyeJa01.htm,LVR,0.0,0.0,0.0,0.0,0.0,0.0,0.0,0.0,,0.0,0.0,0.0,0.0,10.0,8.0,97.0,0.0,24.0,0.0,0.0,2025_01_LVR_NE
Tre Tucker,TuckTr00.htm,LVR,0.0,0.0,0.0,0.0,0.0,0.0,0.0,0.0,,0.0,0.0,0.0,0.0,3.0,2.0,54.0,1.0,28.0,0.0,0.0,2025_01_LVR_NE
Dont'e Thornton,ThorDo00.htm,LVR,0.0,0.0,0.0,0.0,0.0,0.0,0.0,0.0,,0.0,0.0,0.0,0.0,4.0,2.0,45.0,0.0,36.0,0.0,0.0,2025_01_LVR_NE
Michael Mayer,MayeMi00.htm,LVR,0.0,0.0,0.0,0.0,0.0,0.0,0.0,0.0,,0.0,0.0,0.0,0.0,4.0,4.0,38.0,0.0,12.0,0.0,0.0,2025_01_LVR_NE
Jack Bech,BechJa00.htm,LVR,0.0,0.0,0.0,0.0,0.0,0.0,0.0,0.0,,0.0,0.0,0.0,0.0,1.0,1.0,23.0,0.0,23.0,0.0,0.0,2025_01_LVR_NE
Alex Bachman,BachAl00.htm,LVR,0.0,0.0,0.0,0.0,0.0,0.0,0.0,0.0,,0.0,0.0,0.0,0.0,1.0,0.0,0.0,0.0,0.0,0.0,0.0,2025_01_LVR_NE
Drake Maye,MayeDr00.htm,NWE,30.0,46.0,287.0,1.0,1.0,4.0,11.0,27.0,80.6,4.0,11.0,0.0,4.0,1.0,1.0,2.0,0.0,2.0,1.0,0.0,2025_01_LVR_NE
TreVeyon Henderson,HendTr02.htm,NWE,0.0,0.0,0.0,0.0,0.0,0.0,0.0,0.0,,5.0,27.0,0.0,14.0,6.0,6.0,24.0,0.0,13.0,0.0,0.0,2025_01_LVR_NE
Rhamondre Stevenson,StevRh00.htm,NWE,0.0,0.0,0.0,0.0,0.0,0.0,0.0,0.0,,7.0,15.0,0.0,6.0,3.0,2.0,12.0,0.0,7.0,0.0,0.0,2025_01_LVR_NE
Demario Douglas,DougDe00.htm,NWE,0.0,0.0,0.0,0.0,0.0,0.0,0.0,0.0,,1.0,4.0,0.0,4.0,7.0,2.0,-2.0,1.0,2.0,0.0,0.0,2025_01_LVR_NE
Antonio Gibson,GibsAn00.htm,NWE,0.0,0.0,0.0,0.0,0.0,0.0,0.0,0.0,,1.0,3.0,0.0,3.0,1.0,0.0,0.0,0.0,0.0,0.0,0.0,2025_01_LVR_NE
Kayshon Boutte,BoutKa00.htm,NWE,0.0,0.0,0.0,0.0,0.0,0.0,0.0,0.0,,0.0,0.0,0.0,0.0,8.0,6.0,103.0,0.0,24.0,0.0,0.0,2025_01_LVR_NE
Hunter Henry,HenrHu00.htm,NWE,0.0,0.0,0.0,0.0,0.0,0.0,0.0,0.0,,0.0,0.0,0.0,0.0,8.0,4.0,66.0,0.0,27.0,0.0,0.0,2025_01_LVR_NE
Stefon Diggs,DiggSt00.htm,NWE,0.0,0.0,0.0,0.0,0.0,0.0,0.0,0.0,,0.0,0.0,0.0,0.0,7.0,6.0,57.0,0.0,16.0,0.0,0.0,2025_01_LVR_NE
Kyle Williams,WillKy03.htm,NWE,0.0,0.0,0.0,0.0,0.0,0.0,0.0,0.0,,0.0,0.0,0.0,0.0,1.0,1.0,12.0,0.0,12.0,0.0,0.0,2025_01_LVR_NE
Austin Hooper,HoopAu00.htm,NWE,0.0,0.0,0.0,0.0,0.0,0.0,0.0,0.0,,0.0,0.0,0.0,0.0,1.0,1.0,10.0,0.0,10.0,0.0,0.0,2025_01_LVR_NE
Mack Hollins,HollMa00.htm,NWE,0.0,0.0,0.0,0.0,0.0,0.0,0.0,0.0,,0.0,0.0,0.0,0.0,2.0,1.0,3.0,0.0,3.0,0.0,0.0,2025_01_LVR_NE
Kyler Murray,MurrKy00.htm,ARI,21.0,29.0,163.0,2.0,0.0,5.0,33.0,45.0,108.8,7.0,38.0,0.0,13.0,0.0,0.0,0.0,0.0,0.0,0.0,0.0,2025_01_ARI_NO
Trey Benson,BensTr01.htm,ARI,0.0,0.0,0.0,0.0,0.0,0.0,0.0,0.0,,8.0,69.0,0.0,52.0,1.0,1.0,6.0,0.0,6.0,0.0,0.0,2025_01_ARI_NO
James Conner,ConnJa00.htm,ARI,0.0,0.0,0.0,0.0,0.0,0.0,0.0,0.0,,12.0,39.0,0.0,12.0,4.0,4.0,5.0,1.0,5.0,0.0,0.0,2025_01_ARI_NO
Marvin Harrison Jr.,HarrMa09.htm,ARI,0.0,0.0,0.0,0.0,0.0,0.0,0.0,0.0,,0.0,0.0,0.0,0.0,6.0,5.0,71.0,1.0,45.0,0.0,0.0,2025_01_ARI_NO
Trey McBride,McBrTr01.htm,ARI,0.0,0.0,0.0,0.0,0.0,0.0,0.0,0.0,,0.0,0.0,0.0,0.0,9.0,6.0,61.0,0.0,25.0,0.0,0.0,2025_01_ARI_NO
Tip Reiman,ReimTi00.htm,ARI,0.0,0.0,0.0,0.0,0.0,0.0,0.0,0.0,,0.0,0.0,0.0,0.0,1.0,1.0,10.0,0.0,10.0,0.0,0.0,2025_01_ARI_NO
Michael Wilson,WilsMi02.htm,ARI,0.0,0.0,0.0,0.0,0.0,0.0,0.0,0.0,,0.0,0.0,0.0,0.0,4.0,1.0,5.0,0.0,5.0,0.0,0.0,2025_01_ARI_NO
Zay Jones,JoneZa00.htm,ARI,0.0,0.0,0.0,0.0,0.0,0.0,0.0,0.0,,0.0,0.0,0.0,0.0,1.0,1.0,4.0,0.0,4.0,0.0,0.0,2025_01_ARI_NO
Elijah Higgins,HiggEl00.htm,ARI,0.0,0.0,0.0,0.0,0.0,0.0,0.0,0.0,,0.0,0.0,0.0,0.0,2.0,1.0,3.0,0.0,3.0,0.0,0.0,2025_01_ARI_NO
Greg Dortch,DortGr01.htm,ARI,0.0,0.0,0.0,0.0,0.0,0.0,0.0,0.0,,0.0,0.0,0.0,0.0,1.0,1.0,-2.0,0.0,-2.0,0.0,0.0,2025_01_ARI_NO
Spencer Rattler,RattSp00.htm,NOR,27.0,46.0,214.0,0.0,0.0,1.0,6.0,21.0,70.4,4.0,29.0,0.0,12.0,0.0,0.0,0.0,0.0,0.0,0.0,0.0,2025_01_ARI_NO
Alvin Kamara,KamaAl00.htm,NOR,0.0,0.0,0.0,0.0,0.0,0.0,0.0,0.0,,11.0,45.0,1.0,18.0,2.0,2.0,12.0,0.0,7.0,0.0,0.0,2025_01_ARI_NO
Kendre Miller,MillKe01.htm,NOR,0.0,0.0,0.0,0.0,0.0,0.0,0.0,0.0,,5.0,24.0,0.0,10.0,0.0,0.0,0.0,0.0,0.0,0.0,0.0,2025_01_ARI_NO
Devin Neal,NealDe00.htm,NOR,0.0,0.0,0.0,0.0,0.0,0.0,0.0,0.0,,2.0,9.0,0.0,5.0,0.0,0.0,0.0,0.0,0.0,0.0,0.0,2025_01_ARI_NO
Juwan Johnson,JohnJu02.htm,NOR,0.0,0.0,0.0,0.0,0.0,0.0,0.0,0.0,,0.0,0.0,0.0,0.0,11.0,8.0,76.0,0.0,21.0,0.0,0.0,2025_01_ARI_NO
Chris Olave,OlavCh00.htm,NOR,0.0,0.0,0.0,0.0,0.0,0.0,0.0,0.0,,0.0,0.0,0.0,0.0,13.0,7.0,54.0,0.0,13.0,0.0,0.0,2025_01_ARI_NO
Rashid Shaheed,ShahRa00.htm,NOR,0.0,0.0,0.0,0.0,0.0,0.0,0.0,0.0,,0.0,0.0,0.0,0.0,9.0,6.0,33.0,0.0,17.0,0.0,0.0,2025_01_ARI_NO
Brandin Cooks,CookBr00.htm,NOR,0.0,0.0,0.0,0.0,0.0,0.0,0.0,0.0,,0.0,0.0,0.0,0.0,4.0,3.0,26.0,0.0,12.0,0.0,0.0,2025_01_ARI_NO
Devaughn Vele,VeleDe00.htm,NOR,0.0,0.0,0.0,0.0,0.0,0.0,0.0,0.0,,0.0,0.0,0.0,0.0,2.0,1.0,13.0,0.0,13.0,0.0,0.0,2025_01_ARI_NO
Aaron Rodgers,RodgAa00.htm,PIT,22.0,30.0,244.0,4.0,0.0,4.0,26.0,31.0,136.7,1.0,-1.0,0.0,-1.0,0.0,0.0,0.0,0.0,0.0,0.0,0.0,2025_01_PIT_NYJ
Jaylen Warren,WarrJa01.htm,PIT,0.0,0.0,0.0,0.0,0.0,0.0,0.0,0.0,,11.0,37.0,0.0,9.0,2.0,2.0,22.0,1.0,17.0,0.0,0.0,2025_01_PIT_NYJ
Kenneth Gainwell,GainKe00.htm,PIT,0.0,0.0,0.0,0.0,0.0,0.0,0.0,0.0,,7.0,19.0,0.0,6.0,4.0,3.0,4.0,0.0,5.0,1.0,0.0,2025_01_PIT_NYJ
D.K. Metcalf,MetcDK00.htm,PIT,0.0,0.0,0.0,0.0,0.0,0.0,0.0,0.0,,0.0,0.0,0.0,0.0,7.0,4.0,83.0,0.0,31.0,0.0,0.0,2025_01_PIT_NYJ
Calvin Austin III,AustCa00.htm,PIT,0.0,0.0,0.0,0.0,0.0,0.0,0.0,0.0,,0.0,0.0,0.0,0.0,6.0,4.0,70.0,1.0,30.0,0.0,0.0,2025_01_PIT_NYJ
Pat Freiermuth,FreiPa00.htm,PIT,0.0,0.0,0.0,0.0,0.0,0.0,0.0,0.0,,0.0,0.0,0.0,0.0,3.0,3.0,28.0,0.0,11.0,0.0,0.0,2025_01_PIT_NYJ
Ben Skowronek,SkowBe00.htm,PIT,0.0,0.0,0.0,0.0,0.0,0.0,0.0,0.0,,0.0,0.0,0.0,0.0,1.0,1.0,22.0,1.0,22.0,0.0,0.0,2025_01_PIT_NYJ
Jonnu Smith,SmitJo01.htm,PIT,0.0,0.0,0.0,0.0,0.0,0.0,0.0,0.0,,0.0,0.0,0.0,0.0,6.0,5.0,15.0,1.0,6.0,0.0,0.0,2025_01_PIT_NYJ
Kaleb Johnson,JohnKa03.htm,PIT,0.0,0.0,0.0,0.0,0.0,0.0,0.0,0.0,,1.0,-2.0,0.0,-2.0,0.0,0.0,0.0,0.0,0.0,1.0,0.0,2025_01_PIT_NYJ
Justin Fields,FielJu00.htm,NYJ,16.0,22.0,218.0,1.0,0.0,1.0,6.0,33.0,119.1,12.0,48.0,2.0,15.0,0.0,0.0,0.0,0.0,0.0,0.0,0.0,2025_01_PIT_NYJ
Breece Hall,HallBr03.htm,NYJ,0.0,0.0,0.0,0.0,0.0,0.0,0.0,0.0,,19.0,107.0,0.0,18.0,4.0,2.0,38.0,0.0,33.0,0.0,0.0,2025_01_PIT_NYJ
Isaiah Davis,DaviIs00.htm,NYJ,0.0,0.0,0.0,0.0,0.0,0.0,0.0,0.0,,2.0,18.0,0.0,15.0,0.0,0.0,0.0,0.0,0.0,0.0,0.0,2025_01_PIT_NYJ
Braelon Allen,AlleBr05.htm,NYJ,0.0,0.0,0.0,0.0,0.0,0.0,0.0,0.0,,6.0,9.0,1.0,8.0,0.0,0.0,0.0,0.0,0.0,0.0,0.0,2025_01_PIT_NYJ
Garrett Wilson,WilsGa00.htm,NYJ,0.0,0.0,0.0,0.0,0.0,0.0,0.0,0.0,,0.0,0.0,0.0,0.0,9.0,7.0,95.0,1.0,33.0,0.0,0.0,2025_01_PIT_NYJ
Tyler Johnson,JohnTy00.htm,NYJ,0.0,0.0,0.0,0.0,0.0,0.0,0.0,0.0,,0.0,0.0,0.0,0.0,2.0,2.0,31.0,0.0,24.0,0.0,0.0,2025_01_PIT_NYJ
Mason Taylor,TaylMa02.htm,NYJ,0.0,0.0,0.0,0.0,0.0,0.0,0.0,0.0,,0.0,0.0,0.0,0.0,1.0,1.0,20.0,0.0,20.0,0.0,0.0,2025_01_PIT_NYJ
Josh Reynolds,ReynJo00.htm,NYJ,0.0,0.0,0.0,0.0,0.0,0.0,0.0,0.0,,0.0,0.0,0.0,0.0,3.0,2.0,18.0,0.0,13.0,0.0,0.0,2025_01_PIT_NYJ
Jeremy Ruckert,RuckJe00.htm,NYJ,0.0,0.0,0.0,0.0,0.0,0.0,0.0,0.0,,0.0,0.0,0.0,0.0,2.0,2.0,16.0,0.0,12.0,0.0,0.0,2025_01_PIT_NYJ
Russell Wilson,WilsRu00.htm,NYG,17.0,37.0,168.0,0.0,0.0,2.0,11.0,25.0,59.3,8.0,44.0,0.0,15.0,0.0,0.0,0.0,0.0,0.0,1.0,0.0,2025_01_NYG_WAS
Tyrone Tracy Jr.,TracTy00.htm,NYG,0.0,0.0,0.0,0.0,0.0,0.0,0.0,0.0,,10.0,24.0,0.0,6.0,5.0,2.0,11.0,0.0,6.0,0.0,0.0,2025_01_NYG_WAS
Devin Singletary,SingDe00.htm,NYG,0.0,0.0,0.0,0.0,0.0,0.0,0.0,0.0,,3.0,9.0,0.0,8.0,0.0,0.0,0.0,0.0,0.0,0.0,0.0,2025_01_NYG_WAS
Malik Nabers,NabeMa00.htm,NYG,0.0,0.0,0.0,0.0,0.0,0.0,0.0,0.0,,0.0,0.0,0.0,0.0,12.0,5.0,71.0,0.0,25.0,0.0,0.0,2025_01_NYG_WAS
Wan'Dale Robinson,RobiWa01.htm,NYG,0.0,0.0,0.0,0.0,0.0,0.0,0.0,0.0,,0.0,0.0,0.0,0.0,8.0,6.0,55.0,0.0,20.0,0.0,0.0,2025_01_NYG_WAS
Daniel Bellinger,BellDa00.htm,NYG,0.0,0.0,0.0,0.0,0.0,0.0,0.0,0.0,,0.0,0.0,0.0,0.0,1.0,1.0,14.0,0.0,14.0,0.0,0.0,2025_01_NYG_WAS
Theo Johnson,JohnTh00.htm,NYG,0.0,0.0,0.0,0.0,0.0,0.0,0.0,0.0,,0.0,0.0,0.0,0.0,3.0,1.0,5.0,0.0,5.0,0.0,0.0,2025_01_NYG_WAS
Darius Slayton,SlayDa01.htm,NYG,0.0,0.0,0.0,0.0,0.0,0.0,0.0,0.0,,0.0,0.0,0.0,0.0,1.0,0.0,0.0,0.0,0.0,0.0,0.0,2025_01_NYG_WAS
Cam Skattebo,SkatCa00.htm,NYG,0.0,0.0,0.0,0.0,0.0,0.0,0.0,0.0,,2.0,-3.0,0.0,-1.0,2.0,2.0,12.0,0.0,6.0,0.0,0.0,2025_01_NYG_WAS
Jayden Daniels,DaniJa02.htm,WAS,19.0,30.0,233.0,1.0,0.0,3.0,21.0,34.0,98.3,11.0,68.0,0.0,14.0,0.0,0.0,0.0,0.0,0.0,0.0,0.0,2025_01_NYG_WAS
Jacory Croskey-Merritt,CrosJa00.htm,WAS,0.0,0.0,0.0,0.0,0.0,0.0,0.0,0.0,,10.0,82.0,1.0,42.0,1.0,0.0,0.0,0.0,0.0,0.0,0.0,2025_01_NYG_WAS
Austin Ekeler,EkelAu00.htm,WAS,0.0,0.0,0.0,0.0,0.0,0.0,0.0,0.0,,6.0,26.0,0.0,6.0,3.0,3.0,31.0,0.0,15.0,0.0,0.0,2025_01_NYG_WAS
Jeremy McNichols,McNiJe00.htm,WAS,0.0,0.0,0.0,0.0,0.0,0.0,0.0,0.0,,4.0,25.0,0.0,13.0,0.0,0.0,0.0,0.0,0.0,0.0,0.0,2025_01_NYG_WAS
Deebo Samuel,SamuDe00.htm,WAS,0.0,0.0,0.0,0.0,0.0,0.0,0.0,0.0,,1.0,19.0,1.0,19.0,10.0,7.0,77.0,0.0,21.0,0.0,0.0,2025_01_NYG_WAS
Chris Moore,MoorCh00.htm,WAS,0.0,0.0,0.0,0.0,0.0,0.0,0.0,0.0,,0.0,0.0,0.0,0.0,1.0,1.0,34.0,0.0,34.0,0.0,0.0,2025_01_NYG_WAS
Terry McLaurin,McLaTe00.htm,WAS,0.0,0.0,0.0,0.0,0.0,0.0,0.0,0.0,,0.0,0.0,0.0,0.0,4.0,2.0,27.0,0.0,14.0,0.0,0.0,2025_01_NYG_WAS
Noah Brown,BrowNo00.htm,WAS,0.0,0.0,0.0,0.0,0.0,0.0,0.0,0.0,,0.0,0.0,0.0,0.0,3.0,2.0,27.0,0.0,18.0,0.0,0.0,2025_01_NYG_WAS
Zach Ertz,ErtzZa00.htm,WAS,0.0,0.0,0.0,0.0,0.0,0.0,0.0,0.0,,0.0,0.0,0.0,0.0,5.0,3.0,26.0,1.0,11.0,0.0,0.0,2025_01_NYG_WAS
Jaylin Lane,LaneJa00.htm,WAS,0.0,0.0,0.0,0.0,0.0,0.0,0.0,0.0,,0.0,0.0,0.0,0.0,2.0,1.0,11.0,0.0,11.0,0.0,0.0,2025_01_NYG_WAS
Cam Ward,WardCa00.htm,TEN,12.0,28.0,112.0,0.0,0.0,6.0,50.0,29.0,54.5,0.0,0.0,0.0,0.0,0.0,0.0,0.0,0.0,0.0,1.0,1.0,2025_01_TEN_DEN
Tony Pollard,PollTo00.htm,TEN,0.0,0.0,0.0,0.0,0.0,0.0,0.0,0.0,,18.0,60.0,0.0,9.0,1.0,1.0,29.0,0.0,29.0,1.0,1.0,2025_01_TEN_DEN
Chimere Dike,DikeCh00.htm,TEN,0.0,0.0,0.0,0.0,0.0,0.0,0.0,0.0,,1.0,9.0,0.0,9.0,1.0,0.0,0.0,0.0,0.0,0.0,0.0,2025_01_TEN_DEN
Julius Chestnut,ChesJu00.htm,TEN,0.0,0.0,0.0,0.0,0.0,0.0,0.0,0.0,,2.0,2.0,0.0,1.0,0.0,0.0,0.0,0.0,0.0,0.0,0.0,2025_01_TEN_DEN
Calvin Ridley,RidlCa00.htm,TEN,0.0,0.0,0.0,0.0,0.0,0.0,0.0,0.0,,0.0,0.0,0.0,0.0,8.0,4.0,27.0,0.0,13.0,0.0,0.0,2025_01_TEN_DEN
Chigoziem Okonkwo,OkonCh00.htm,TEN,0.0,0.0,0.0,0.0,0.0,0.0,0.0,0.0,,0.0,0.0,0.0,0.0,4.0,3.0,19.0,0.0,14.0,0.0,0.0,2025_01_TEN_DEN
Gunnar Helm,HelmGu00.htm,TEN,0.0,0.0,0.0,0.0,0.0,0.0,0.0,0.0,,0.0,0.0,0.0,0.0,2.0,1.0,16.0,0.0,16.0,0.0,0.0,2025_01_TEN_DEN
Elic Ayomanor,AyomEl00.htm,TEN,0.0,0.0,0.0,0.0,0.0,0.0,0.0,0.0,,0.0,0.0,0.0,0.0,7.0,2.0,13.0,0.0,10.0,0.0,0.0,2025_01_TEN_DEN
Bryce Oliver,OlivBr02.htm,TEN,0.0,0.0,0.0,0.0,0.0,0.0,0.0,0.0,,0.0,0.0,0.0,0.0,1.0,1.0,8.0,0.0,8.0,0.0,0.0,2025_01_TEN_DEN
Tyler Lockett,LockTy00.htm,TEN,0.0,0.0,0.0,0.0,0.0,0.0,0.0,0.0,,0.0,0.0,0.0,0.0,1.0,0.0,0.0,0.0,0.0,0.0,0.0,2025_01_TEN_DEN
Bo Nix,NixxBo00.htm,DEN,25.0,40.0,176.0,1.0,2.0,1.0,10.0,22.0,60.0,8.0,18.0,0.0,11.0,0.0,0.0,0.0,0.0,0.0,1.0,1.0,2025_01_TEN_DEN
RJ Harvey,HarvRJ00.htm,DEN,0.0,0.0,0.0,0.0,0.0,0.0,0.0,0.0,,6.0,70.0,0.0,50.0,1.0,1.0,-1.0,0.0,-1.0,0.0,0.0,2025_01_TEN_DEN
J.K. Dobbins,DobbJK00.htm,DEN,0.0,0.0,0.0,0.0,0.0,0.0,0.0,0.0,,16.0,63.0,1.0,19.0,2.0,2.0,5.0,0.0,3.0,0.0,0.0,2025_01_TEN_DEN
Courtland Sutton,SuttCo00.htm,DEN,0.0,0.0,0.0,0.0,0.0,0.0,0.0,0.0,,0.0,0.0,0.0,0.0,9.0,6.0,61.0,1.0,22.0,0.0,0.0,2025_01_TEN_DEN
Troy Franklin,FranTr00.htm,DEN,0.0,0.0,0.0,0.0,0.0,0.0,0.0,0.0,,0.0,0.0,0.0,0.0,6.0,4.0,44.0,0.0,18.0,0.0,0.0,2025_01_TEN_DEN
Evan Engram,EngrEv00.htm,DEN,0.0,0.0,0.0,0.0,0.0,0.0,0.0,0.0,,0.0,0.0,0.0,0.0,4.0,3.0,21.0,0.0,10.0,0.0,0.0,2025_01_TEN_DEN
Tyler Badie,BadiTy00.htm,DEN,0.0,0.0,0.0,0.0,0.0,0.0,0.0,0.0,,0.0,0.0,0.0,0.0,6.0,2.0,16.0,0.0,13.0,0.0,0.0,2025_01_TEN_DEN
Marvin Mims,MimsMa00.htm,DEN,0.0,0.0,0.0,0.0,0.0,0.0,0.0,0.0,,0.0,0.0,0.0,0.0,4.0,3.0,12.0,0.0,7.0,1.0,1.0,2025_01_TEN_DEN
Lucas Krull,KrulLu00.htm,DEN,0.0,0.0,0.0,0.0,0.0,0.0,0.0,0.0,,0.0,0.0,0.0,0.0,2.0,1.0,6.0,0.0,6.0,0.0,0.0,2025_01_TEN_DEN
Adam Trautman,TrauAd00.htm,DEN,0.0,0.0,0.0,0.0,0.0,0.0,0.0,0.0,,0.0,0.0,0.0,0.0,1.0,1.0,5.0,0.0,5.0,0.0,0.0,2025_01_TEN_DEN
Adam Prentice,PrenAd00.htm,DEN,0.0,0.0,0.0,0.0,0.0,0.0,0.0,0.0,,0.0,0.0,0.0,0.0,1.0,1.0,4.0,0.0,4.0,0.0,0.0,2025_01_TEN_DEN
Trent Sherfield,SherTr00.htm,DEN,0.0,0.0,0.0,0.0,0.0,0.0,0.0,0.0,,0.0,0.0,0.0,0.0,1.0,1.0,3.0,0.0,3.0,0.0,0.0,2025_01_TEN_DEN
Brock Purdy,PurdBr00.htm,SFO,26.0,35.0,277.0,2.0,2.0,1.0,12.0,45.0,92.2,5.0,17.0,0.0,9.0,0.0,0.0,0.0,0.0,0.0,0.0,0.0,2025_01_SF_SEA
Christian McCaffrey,McCaCh01.htm,SFO,0.0,0.0,0.0,0.0,0.0,0.0,0.0,0.0,,22.0,69.0,0.0,13.0,10.0,9.0,73.0,0.0,25.0,0.0,0.0,2025_01_SF_SEA
Brian Robinson Jr.,RobiBr01.htm,SFO,0.0,0.0,0.0,0.0,0.0,0.0,0.0,0.0,,9.0,33.0,0.0,9.0,2.0,1.0,4.0,0.0,4.0,0.0,0.0,2025_01_SF_SEA
Ricky Pearsall,PearRi00.htm,SFO,0.0,0.0,0.0,0.0,0.0,0.0,0.0,0.0,,0.0,0.0,0.0,0.0,7.0,4.0,108.0,0.0,45.0,0.0,0.0,2025_01_SF_SEA
Kyle Juszczyk,JuszKy00.htm,SFO,0.0,0.0,0.0,0.0,0.0,0.0,0.0,0.0,,0.0,0.0,0.0,0.0,2.0,2.0,32.0,0.0,25.0,0.0,0.0,2025_01_SF_SEA
George Kittle,KittGe00.htm,SFO,0.0,0.0,0.0,0.0,0.0,0.0,0.0,0.0,,0.0,0.0,0.0,0.0,4.0,4.0,25.0,1.0,11.0,0.0,0.0,2025_01_SF_SEA
Jauan Jennings,JennJa00.htm,SFO,0.0,0.0,0.0,0.0,0.0,0.0,0.0,0.0,,0.0,0.0,0.0,0.0,5.0,2.0,16.0,0.0,11.0,0.0,0.0,2025_01_SF_SEA
Jake Tonges,TongJa00.htm,SFO,0.0,0.0,0.0,0.0,0.0,0.0,0.0,0.0,,0.0,0.0,0.0,0.0,3.0,3.0,15.0,1.0,9.0,0.0,0.0,2025_01_SF_SEA
Luke Farrell,FarrLu00.htm,SFO,0.0,0.0,0.0,0.0,0.0,0.0,0.0,0.0,,0.0,0.0,0.0,0.0,1.0,1.0,4.0,0.0,4.0,0.0,0.0,2025_01_SF_SEA
Sam Darnold,DarnSa00.htm,SEA,16.0,23.0,150.0,0.0,0.0,1.0,4.0,40.0,87.2,2.0,14.0,0.0,9.0,0.0,0.0,0.0,0.0,0.0,1.0,1.0,2025_01_SF_SEA
Zach Charbonnet,CharZa00.htm,SEA,0.0,0.0,0.0,0.0,0.0,0.0,0.0,0.0,,12.0,47.0,1.0,7.0,0.0,0.0,0.0,0.0,0.0,0.0,0.0,2025_01_SF_SEA
Kenneth Walker III,WalkKe00.htm,SEA,0.0,0.0,0.0,0.0,0.0,0.0,0.0,0.0,,10.0,20.0,0.0,8.0,3.0,3.0,4.0,0.0,5.0,0.0,0.0,2025_01_SF_SEA
AJ Barner,BarnAJ00.htm,SEA,0.0,0.0,0.0,0.0,0.0,0.0,0.0,0.0,,1.0,2.0,0.0,2.0,2.0,1.0,0.0,0.0,0.0,0.0,0.0,2025_01_SF_SEA
Jalen Milroe,MilrJa00.htm,SEA,0.0,0.0,0.0,0.0,0.0,0.0,0.0,0.0,,1.0,1.0,0.0,1.0,0.0,0.0,0.0,0.0,0.0,0.0,0.0,2025_01_SF_SEA
Jaxon Smith-Njigba,SmitJa06.htm,SEA,0.0,0.0,0.0,0.0,0.0,0.0,0.0,0.0,,0.0,0.0,0.0,0.0,13.0,9.0,124.0,0.0,40.0,2.0,1.0,2025_01_SF_SEA
Cooper Kupp,KuppCo00.htm,SEA,0.0,0.0,0.0,0.0,0.0,0.0,0.0,0.0,,0.0,0.0,0.0,0.0,3.0,2.0,15.0,0.0,9.0,0.0,0.0,2025_01_SF_SEA
Elijah Arroyo,ArroEl00.htm,SEA,0.0,0.0,0.0,0.0,0.0,0.0,0.0,0.0,,0.0,0.0,0.0,0.0,1.0,1.0,7.0,0.0,7.0,0.0,0.0,2025_01_SF_SEA
Jared Goff,GoffJa00.htm,DET,31.0,39.0,225.0,1.0,1.0,4.0,25.0,32.0,88.6,1.0,-1.0,0.0,-1.0,0.0,0.0,0.0,0.0,0.0,0.0,0.0,2025_01_DET_GB
David Montgomery,MontDa01.htm,DET,0.0,0.0,0.0,0.0,0.0,0.0,0.0,0.0,,11.0,25.0,0.0,6.0,4.0,4.0,18.0,0.0,7.0,0.0,0.0,2025_01_DET_GB
Jahmyr Gibbs,GibbJa01.htm,DET,0.0,0.0,0.0,0.0,0.0,0.0,0.0,0.0,,9.0,19.0,0.0,14.0,10.0,10.0,31.0,0.0,7.0,0.0,0.0,2025_01_DET_GB
Jameson Williams,WillJa11.htm,DET,0.0,0.0,0.0,0.0,0.0,0.0,0.0,0.0,,1.0,3.0,0.0,3.0,5.0,4.0,23.0,0.0,11.0,0.0,0.0,2025_01_DET_GB
Sam LaPorta,LaPoSa01.htm,DET,0.0,0.0,0.0,0.0,0.0,0.0,0.0,0.0,,0.0,0.0,0.0,0.0,9.0,6.0,79.0,0.0,32.0,0.0,0.0,2025_01_DET_GB
Amon-Ra St. Brown,StxxAm00.htm,DET,0.0,0.0,0.0,0.0,0.0,0.0,0.0,0.0,,0.0,0.0,0.0,0.0,6.0,4.0,45.0,0.0,19.0,0.0,0.0,2025_01_DET_GB
Kalif Raymond,RaymKa00.htm,DET,0.0,0.0,0.0,0.0,0.0,0.0,0.0,0.0,,0.0,0.0,0.0,0.0,3.0,2.0,16.0,0.0,9.0,0.0,0.0,2025_01_DET_GB
Isaac TeSlaa,TeSlIs00.htm,DET,0.0,0.0,0.0,0.0,0.0,0.0,0.0,0.0,,0.0,0.0,0.0,0.0,1.0,1.0,13.0,1.0,13.0,0.0,0.0,2025_01_DET_GB
Jordan Love,LoveJo03.htm,GNB,16.0,22.0,188.0,2.0,0.0,0.0,0.0,48.0,128.6,3.0,4.0,0.0,3.0,0.0,0.0,0.0,0.0,0.0,0.0,0.0,2025_01_DET_GB
Josh Jacobs,JacoJo01.htm,GNB,0.0,0.0,0.0,0.0,0.0,0.0,0.0,0.0,,19.0,66.0,1.0,15.0,1.0,1.0,4.0,0.0,4.0,0.0,0.0,2025_01_DET_GB
Emanuel Wilson,WilsEm00.htm,GNB,0.0,0.0,0.0,0.0,0.0,0.0,0.0,0.0,,1.0,4.0,0.0,4.0,0.0,0.0,0.0,0.0,0.0,0.0,0.0,2025_01_DET_GB
Tucker Kraft,KrafTu00.htm,GNB,0.0,0.0,0.0,0.0,0.0,0.0,0.0,0.0,,1.0,3.0,0.0,3.0,4.0,2.0,16.0,1.0,15.0,0.0,0.0,2025_01_DET_GB
Chris Brooks,BrooCh00.htm,GNB,0.0,0.0,0.0,0.0,0.0,0.0,0.0,0.0,,1.0,1.0,0.0,1.0,1.0,1.0,2.0,0.0,2.0,0.0,0.0,2025_01_DET_GB
Romeo Doubs,DoubRo00.htm,GNB,0.0,0.0,0.0,0.0,0.0,0.0,0.0,0.0,,0.0,0.0,0.0,0.0,4.0,2.0,68.0,0.0,48.0,0.0,0.0,2025_01_DET_GB
Jayden Reed,ReedJa03.htm,GNB,0.0,0.0,0.0,0.0,0.0,0.0,0.0,0.0,,0.0,0.0,0.0,0.0,5.0,3.0,45.0,1.0,26.0,0.0,0.0,2025_01_DET_GB
Dontayvion Wicks,WickDo00.htm,GNB,0.0,0.0,0.0,0.0,0.0,0.0,0.0,0.0,,0.0,0.0,0.0,0.0,2.0,2.0,30.0,0.0,16.0,0.0,0.0,2025_01_DET_GB
Matthew Golden,GoldMa02.htm,GNB,0.0,0.0,0.0,0.0,0.0,0.0,0.0,0.0,,0.0,0.0,0.0,0.0,2.0,2.0,16.0,0.0,11.0,0.0,0.0,2025_01_DET_GB
Luke Musgrave,MusgLu00.htm,GNB,0.0,0.0,0.0,0.0,0.0,0.0,0.0,0.0,,0.0,0.0,0.0,0.0,1.0,1.0,4.0,0.0,4.0,0.0,0.0,2025_01_DET_GB
John FitzPatrick,FitzJo00.htm,GNB,0.0,0.0,0.0,0.0,0.0,0.0,0.0,0.0,,0.0,0.0,0.0,0.0,1.0,1.0,2.0,0.0,2.0,0.0,0.0,2025_01_DET_GB
Savion Williams,WillSa01.htm,GNB,0.0,0.0,0.0,0.0,0.0,0.0,0.0,0.0,,0.0,0.0,0.0,0.0,1.0,1.0,1.0,0.0,1.0,0.0,0.0,2025_01_DET_GB
C.J. Stroud,StroCJ00.htm,HOU,19.0,27.0,188.0,0.0,1.0,3.0,37.0,23.0,74.3,5.0,32.0,0.0,14.0,0.0,0.0,0.0,0.0,0.0,0.0,0.0,2025_01_HOU_LAR
Nick Chubb,ChubNi00.htm,HOU,0.0,0.0,0.0,0.0,0.0,0.0,0.0,0.0,,13.0,60.0,0.0,13.0,1.0,0.0,0.0,0.0,0.0,0.0,0.0,2025_01_HOU_LAR
Dare Ogunbowale,OgunDa00.htm,HOU,0.0,0.0,0.0,0.0,0.0,0.0,0.0,0.0,,2.0,9.0,0.0,7.0,2.0,2.0,17.0,0.0,16.0,1.0,1.0,2025_01_HOU_LAR
Xavier Hutchinson,HutcXa00.htm,HOU,0.0,0.0,0.0,0.0,0.0,0.0,0.0,0.0,,1.0,5.0,0.0,5.0,2.0,2.0,30.0,0.0,23.0,0.0,0.0,2025_01_HOU_LAR
Dameon Pierce,PierDa01.htm,HOU,0.0,0.0,0.0,0.0,0.0,0.0,0.0,0.0,,3.0,5.0,0.0,2.0,1.0,0.0,0.0,0.0,0.0,0.0,0.0,2025_01_HOU_LAR
Woody Marks,MarkWo00.htm,HOU,0.0,0.0,0.0,0.0,0.0,0.0,0.0,0.0,,3.0,3.0,0.0,2.0,0.0,0.0,0.0,0.0,0.0,0.0,0.0,2025_01_HOU_LAR
Jayden Higgins,HiggJa00.htm,HOU,0.0,0.0,0.0,0.0,0.0,0.0,0.0,0.0,,0.0,0.0,0.0,0.0,3.0,2.0,32.0,0.0,23.0,0.0,0.0,2025_01_HOU_LAR
Dalton Schultz,SchuDa00.htm,HOU,0.0,0.0,0.0,0.0,0.0,0.0,0.0,0.0,,0.0,0.0,0.0,0.0,5.0,3.0,28.0,0.0,11.0,0.0,0.0,2025_01_HOU_LAR
Justin Watson,WatsJu01.htm,HOU,0.0,0.0,0.0,0.0,0.0,0.0,0.0,0.0,,0.0,0.0,0.0,0.0,2.0,2.0,27.0,0.0,15.0,0.0,0.0,2025_01_HOU_LAR
Nico Collins,CollNi00.htm,HOU,0.0,0.0,0.0,0.0,0.0,0.0,0.0,0.0,,0.0,0.0,0.0,0.0,5.0,3.0,25.0,0.0,14.0,0.0,0.0,2025_01_HOU_LAR
Cade Stover,StovCa00.htm,HOU,0.0,0.0,0.0,0.0,0.0,0.0,0.0,0.0,,0.0,0.0,0.0,0.0,4.0,4.0,22.0,0.0,10.0,0.0,0.0,2025_01_HOU_LAR
Jaylin Noel,NoelJa00.htm,HOU,0.0,0.0,0.0,0.0,0.0,0.0,0.0,0.0,,0.0,0.0,0.0,0.0,2.0,1.0,7.0,0.0,7.0,0.0,0.0,2025_01_HOU_LAR
Matthew Stafford,StafMa00.htm,LAR,21.0,29.0,245.0,1.0,0.0,3.0,21.0,36.0,109.1,4.0,-2.0,0.0,0.0,0.0,0.0,0.0,0.0,0.0,1.0,0.0,2025_01_HOU_LAR
Kyren Williams,WillKy02.htm,LAR,0.0,0.0,0.0,0.0,0.0,0.0,0.0,0.0,,18.0,66.0,1.0,9.0,2.0,1.0,3.0,0.0,3.0,0.0,0.0,2025_01_HOU_LAR
Jordan Whittington,WhitJo04.htm,LAR,0.0,0.0,0.0,0.0,0.0,0.0,0.0,0.0,,1.0,5.0,0.0,5.0,0.0,0.0,0.0,0.0,0.0,0.0,0.0,2025_01_HOU_LAR
Blake Corum,CoruBl00.htm,LAR,0.0,0.0,0.0,0.0,0.0,0.0,0.0,0.0,,1.0,2.0,0.0,2.0,1.0,1.0,14.0,0.0,14.0,0.0,0.0,2025_01_HOU_LAR
Puka Nacua,NacuPu00.htm,LAR,0.0,0.0,0.0,0.0,0.0,0.0,0.0,0.0,,1.0,1.0,0.0,1.0,11.0,10.0,130.0,0.0,25.0,0.0,0.0,2025_01_HOU_LAR
Davante Adams,AdamDa01.htm,LAR,0.0,0.0,0.0,0.0,0.0,0.0,0.0,0.0,,0.0,0.0,0.0,0.0,8.0,4.0,51.0,0.0,24.0,0.0,0.0,2025_01_HOU_LAR
Xavier Smith,SmitXa00.htm,LAR,0.0,0.0,0.0,0.0,0.0,0.0,0.0,0.0,,0.0,0.0,0.0,0.0,1.0,1.0,36.0,0.0,36.0,0.0,0.0,2025_01_HOU_LAR
Davis Allen,AlleDa02.htm,LAR,0.0,0.0,0.0,0.0,0.0,0.0,0.0,0.0,,0.0,0.0,0.0,0.0,2.0,1.0,13.0,1.0,13.0,0.0,0.0,2025_01_HOU_LAR
Tutu Atwell,AtweTu00.htm,LAR,0.0,0.0,0.0,0.0,0.0,0.0,0.0,0.0,,0.0,0.0,0.0,0.0,1.0,1.0,4.0,0.0,4.0,0.0,0.0,2025_01_HOU_LAR
Colby Parkinson,ParkCo02.htm,LAR,0.0,0.0,0.0,0.0,0.0,0.0,0.0,0.0,,0.0,0.0,0.0,0.0,2.0,2.0,-6.0,0.0,1.0,1.0,1.0,2025_01_HOU_LAR
Lamar Jackson,JackLa00.htm,BAL,14.0,19.0,209.0,2.0,0.0,2.0,15.0,39.0,144.4,6.0,70.0,1.0,19.0,0.0,0.0,0.0,0.0,0.0,0.0,0.0,2025_01_BAL_BUF
Derrick Henry,HenrDe00.htm,BAL,0.0,0.0,0.0,0.0,0.0,0.0,0.0,0.0,,18.0,169.0,2.0,49.0,1.0,1.0,13.0,0.0,13.0,1.0,1.0,2025_01_BAL_BUF
Zay Flowers,FlowZa00.htm,BAL,0.0,0.0,0.0,0.0,0.0,0.0,0.0,0.0,,2.0,8.0,0.0,8.0,9.0,7.0,143.0,1.0,39.0,0.0,0.0,2025_01_BAL_BUF
Rasheen Ali,AlixRa00.htm,BAL,0.0,0.0,0.0,0.0,0.0,0.0,0.0,0.0,,1.0,5.0,0.0,5.0,0.0,0.0,0.0,0.0,0.0,0.0,0.0,2025_01_BAL_BUF
DeAndre Hopkins,HopkDe00.htm,BAL,0.0,0.0,0.0,0.0,0.0,0.0,0.0,0.0,,0.0,0.0,0.0,0.0,2.0,2.0,35.0,1.0,29.0,0.0,0.0,2025_01_BAL_BUF
Rashod Bateman,BateRa00.htm,BAL,0.0,0.0,0.0,0.0,0.0,0.0,0.0,0.0,,0.0,0.0,0.0,0.0,4.0,2.0,10.0,0.0,5.0,0.0,0.0,2025_01_BAL_BUF
Mark Andrews,AndrMa00.htm,BAL,0.0,0.0,0.0,0.0,0.0,0.0,0.0,0.0,,0.0,0.0,0.0,0.0,1.0,1.0,5.0,0.0,5.0,0.0,0.0,2025_01_BAL_BUF
Justice Hill,HillJu00.htm,BAL,0.0,0.0,0.0,0.0,0.0,0.0,0.0,0.0,,2.0,-14.0,0.0,1.0,2.0,1.0,3.0,0.0,3.0,1.0,0.0,2025_01_BAL_BUF
Josh Allen,AlleJo02.htm,BUF,33.0,46.0,394.0,2.0,0.0,1.0,5.0,51.0,112.0,14.0,30.0,2.0,9.0,0.0,0.0,0.0,0.0,0.0,0.0,0.0,2025_01_BAL_BUF
James Cook,CookJa01.htm,BUF,0.0,0.0,0.0,0.0,0.0,0.0,0.0,0.0,,13.0,44.0,1.0,11.0,5.0,5.0,58.0,0.0,51.0,0.0,0.0,2025_01_BAL_BUF
Ty Johnson,JohnTy02.htm,BUF,0.0,0.0,0.0,0.0,0.0,0.0,0.0,0.0,,2.0,24.0,0.0,17.0,2.0,0.0,0.0,0.0,0.0,0.0,0.0,2025_01_BAL_BUF
Elijah Moore,MoorEl00.htm,BUF,0.0,0.0,0.0,0.0,0.0,0.0,0.0,0.0,,1.0,8.0,0.0,8.0,1.0,1.0,3.0,0.0,3.0,0.0,0.0,2025_01_BAL_BUF
Ray Davis,DaviRa04.htm,BUF,0.0,0.0,0.0,0.0,0.0,0.0,0.0,0.0,,1.0,2.0,0.0,2.0,1.0,1.0,-1.0,0.0,-1.0,0.0,0.0,2025_01_BAL_BUF
Keon Coleman,ColeKe02.htm,BUF,0.0,0.0,0.0,0.0,0.0,0.0,0.0,0.0,,0.0,0.0,0.0,0.0,11.0,8.0,112.0,1.0,25.0,0.0,0.0,2025_01_BAL_BUF
Khalil Shakir,ShakKh00.htm,BUF,0.0,0.0,0.0,0.0,0.0,0.0,0.0,0.0,,0.0,0.0,0.0,0.0,9.0,6.0,64.0,0.0,26.0,0.0,0.0,2025_01_BAL_BUF
Josh Palmer,PalmJo00.htm,BUF,0.0,0.0,0.0,0.0,0.0,0.0,0.0,0.0,,0.0,0.0,0.0,0.0,9.0,5.0,61.0,0.0,32.0,0.0,0.0,2025_01_BAL_BUF
Dalton Kincaid,KincDa00.htm,BUF,0.0,0.0,0.0,0.0,0.0,0.0,0.0,0.0,,0.0,0.0,0.0,0.0,4.0,4.0,48.0,1.0,22.0,1.0,0.0,2025_01_BAL_BUF
Jackson Hawes,HaweJa00.htm,BUF,0.0,0.0,0.0,0.0,0.0,0.0,0.0,0.0,,0.0,0.0,0.0,0.0,1.0,1.0,29.0,0.0,29.0,0.0,0.0,2025_01_BAL_BUF
Dawson Knox,KnoxDa00.htm,BUF,0.0,0.0,0.0,0.0,0.0,0.0,0.0,0.0,,0.0,0.0,0.0,0.0,2.0,2.0,20.0,0.0,12.0,0.0,0.0,2025_01_BAL_BUF
J.J. McCarthy,McCaJJ00.htm,MIN,13.0,20.0,143.0,2.0,1.0,3.0,9.0,28.0,98.5,2.0,25.0,1.0,14.0,0.0,0.0,0.0,0.0,0.0,0.0,0.0,2025_01_MIN_CHI
Jordan Mason,MasoJo00.htm,MIN,0.0,0.0,0.0,0.0,0.0,0.0,0.0,0.0,,15.0,68.0,0.0,19.0,1.0,1.0,7.0,0.0,7.0,0.0,0.0,2025_01_MIN_CHI
Aaron Jones,JoneAa00.htm,MIN,0.0,0.0,0.0,0.0,0.0,0.0,0.0,0.0,,8.0,23.0,0.0,9.0,3.0,3.0,44.0,1.0,27.0,0.0,0.0,2025_01_MIN_CHI
Justin Jefferson,JeffJu00.htm,MIN,0.0,0.0,0.0,0.0,0.0,0.0,0.0,0.0,,1.0,4.0,0.0,4.0,7.0,4.0,44.0,1.0,17.0,0.0,0.0,2025_01_MIN_CHI
Jalen Nailor,NailJa00.htm,MIN,0.0,0.0,0.0,0.0,0.0,0.0,0.0,0.0,,0.0,0.0,0.0,0.0,3.0,1.0,28.0,0.0,28.0,0.0,0.0,2025_01_MIN_CHI
T.J. Hockenson,HockTJ00.htm,MIN,0.0,0.0,0.0,0.0,0.0,0.0,0.0,0.0,,0.0,0.0,0.0,0.0,4.0,3.0,15.0,0.0,9.0,0.0,0.0,2025_01_MIN_CHI
Josh Oliver,OlivJo00.htm,MIN,0.0,0.0,0.0,0.0,0.0,0.0,0.0,0.0,,0.0,0.0,0.0,0.0,1.0,1.0,5.0,0.0,5.0,0.0,0.0,2025_01_MIN_CHI
Adam Thielen,ThieAd00.htm,MIN,0.0,0.0,0.0,0.0,0.0,0.0,0.0,0.0,,0.0,0.0,0.0,0.0,1.0,0.0,0.0,0.0,0.0,0.0,0.0,2025_01_MIN_CHI
Caleb Williams,WillCa03.htm,CHI,21.0,35.0,210.0,1.0,0.0,2.0,12.0,31.0,86.6,6.0,58.0,1.0,13.0,0.0,0.0,0.0,0.0,0.0,0.0,0.0,2025_01_MIN_CHI
D'Andre Swift,SwifDA00.htm,CHI,0.0,0.0,0.0,0.0,0.0,0.0,0.0,0.0,,17.0,53.0,0.0,13.0,5.0,3.0,12.0,0.0,8.0,0.0,0.0,2025_01_MIN_CHI
D.J. Moore,MoorD.00.htm,CHI,0.0,0.0,0.0,0.0,0.0,0.0,0.0,0.0,,3.0,8.0,0.0,5.0,5.0,3.0,68.0,0.0,30.0,1.0,1.0,2025_01_MIN_CHI
Olamide Zaccheaus,ZaccOl01.htm,CHI,0.0,0.0,0.0,0.0,0.0,0.0,0.0,0.0,,0.0,0.0,0.0,0.0,7.0,4.0,42.0,0.0,16.0,0.0,0.0,2025_01_MIN_CHI
Rome Odunze,OdunRo00.htm,CHI,0.0,0.0,0.0,0.0,0.0,0.0,0.0,0.0,,0.0,0.0,0.0,0.0,9.0,6.0,37.0,1.0,17.0,0.0,0.0,2025_01_MIN_CHI
Cole Kmet,KmetCo00.htm,CHI,0.0,0.0,0.0,0.0,0.0,0.0,0.0,0.0,,0.0,0.0,0.0,0.0,4.0,1.0,31.0,0.0,31.0,0.0,0.0,2025_01_MIN_CHI
Colston Loveland,LoveCo00.htm,CHI,0.0,0.0,0.0,0.0,0.0,0.0,0.0,0.0,,0.0,0.0,0.0,0.0,2.0,2.0,12.0,0.0,8.0,0.0,0.0,2025_01_MIN_CHI
Kyle Monangai,MonaKy00.htm,CHI,0.0,0.0,0.0,0.0,0.0,0.0,0.0,0.0,,0.0,0.0,0.0,0.0,1.0,1.0,11.0,0.0,11.0,0.0,0.0,2025_01_MIN_CHI
Luther Burden,BurdLu00.htm,CHI,0.0,0.0,0.0,0.0,0.0,0.0,0.0,0.0,,0.0,0.0,0.0,0.0,1.0,1.0,-3.0,0.0,-3.0,0.0,0.0,2025_01_MIN_CHI
Jayden Daniels,DaniJa02.htm,WAS,24.0,42.0,200.0,2.0,0.0,4.0,21.0,20.0,85.4,7.0,17.0,0.0,8.0,0.0,0.0,0.0,0.0,0.0,0.0,0.0,2025_02_WAS_GB
Austin Ekeler,EkelAu00.htm,WAS,0.0,0.0,0.0,0.0,0.0,0.0,0.0,0.0,,8.0,17.0,0.0,5.0,4.0,2.0,7.0,0.0,4.0,0.0,0.0,2025_02_WAS_GB
Jacory Croskey-Merritt,CrosJa00.htm,WAS,0.0,0.0,0.0,0.0,0.0,0.0,0.0,0.0,,4.0,17.0,0.0,5.0,1.0,0.0,0.0,0.0,0.0,0.0,0.0,2025_02_WAS_GB
Zach Ertz,ErtzZa00.htm,WAS,0.0,0.0,0.0,0.0,0.0,0.0,0.0,0.0,,0.0,0.0,0.0,0.0,8.0,6.0,64.0,1.0,20.0,0.0,0.0,2025_02_WAS_GB
Terry McLaurin,McLaTe00.htm,WAS,0.0,0.0,0.0,0.0,0.0,0.0,0.0,0.0,,0.0,0.0,0.0,0.0,9.0,5.0,48.0,0.0,14.0,0.0,0.0,2025_02_WAS_GB
Deebo Samuel,SamuDe00.htm,WAS,0.0,0.0,0.0,0.0,0.0,0.0,0.0,0.0,,0.0,0.0,0.0,0.0,8.0,7.0,44.0,1.0,12.0,0.0,0.0,2025_02_WAS_GB
Luke McCaffrey,McCaLu00.htm,WAS,0.0,0.0,0.0,0.0,0.0,0.0,0.0,0.0,,0.0,0.0,0.0,0.0,1.0,1.0,19.0,0.0,19.0,0.0,0.0,2025_02_WAS_GB
Noah Brown,BrowNo00.htm,WAS,0.0,0.0,0.0,0.0,0.0,0.0,0.0,0.0,,0.0,0.0,0.0,0.0,4.0,1.0,9.0,0.0,9.0,0.0,0.0,2025_02_WAS_GB
Ben Sinnott,SinnBe00.htm,WAS,0.0,0.0,0.0,0.0,0.0,0.0,0.0,0.0,,0.0,0.0,0.0,0.0,1.0,1.0,7.0,0.0,7.0,0.0,0.0,2025_02_WAS_GB
Jaylin Lane,LaneJa00.htm,WAS,0.0,0.0,0.0,0.0,0.0,0.0,0.0,0.0,,0.0,0.0,0.0,0.0,4.0,1.0,2.0,0.0,2.0,0.0,0.0,2025_02_WAS_GB
Jordan Love,LoveJo03.htm,GNB,19.0,31.0,292.0,2.0,0.0,2.0,23.0,57.0,113.9,3.0,12.0,0.0,14.0,0.0,0.0,0.0,0.0,0.0,0.0,0.0,2025_02_WAS_GB
Josh Jacobs,JacoJo01.htm,GNB,0.0,0.0,0.0,0.0,0.0,0.0,0.0,0.0,,23.0,84.0,1.0,10.0,0.0,0.0,0.0,0.0,0.0,0.0,0.0,2025_02_WAS_GB
Savion Williams,WillSa01.htm,GNB,0.0,0.0,0.0,0.0,0.0,0.0,0.0,0.0,,2.0,24.0,0.0,16.0,0.0,0.0,0.0,0.0,0.0,0.0,0.0,2025_02_WAS_GB
Matthew Golden,GoldMa02.htm,GNB,0.0,0.0,0.0,0.0,0.0,0.0,0.0,0.0,,2.0,15.0,0.0,9.0,2.0,0.0,0.0,0.0,0.0,0.0,0.0,2025_02_WAS_GB
Tucker Kraft,KrafTu00.htm,GNB,0.0,0.0,0.0,0.0,0.0,0.0,0.0,0.0,,0.0,0.0,0.0,0.0,7.0,6.0,124.0,1.0,57.0,0.0,0.0,2025_02_WAS_GB
Dontayvion Wicks,WickDo00.htm,GNB,0.0,0.0,0.0,0.0,0.0,0.0,0.0,0.0,,0.0,0.0,0.0,0.0,6.0,4.0,44.0,0.0,14.0,0.0,0.0,2025_02_WAS_GB
Malik Heath,HeatMa00.htm,GNB,0.0,0.0,0.0,0.0,0.0,0.0,0.0,0.0,,0.0,0.0,0.0,0.0,1.0,1.0,37.0,0.0,37.0,0.0,0.0,2025_02_WAS_GB
Luke Musgrave,MusgLu00.htm,GNB,0.0,0.0,0.0,0.0,0.0,0.0,0.0,0.0,,0.0,0.0,0.0,0.0,2.0,2.0,32.0,0.0,23.0,0.0,0.0,2025_02_WAS_GB
Romeo Doubs,DoubRo00.htm,GNB,0.0,0.0,0.0,0.0,0.0,0.0,0.0,0.0,,0.0,0.0,0.0,0.0,5.0,3.0,28.0,1.0,17.0,0.0,0.0,2025_02_WAS_GB
Chris Brooks,BrooCh00.htm,GNB,0.0,0.0,0.0,0.0,0.0,0.0,0.0,0.0,,0.0,0.0,0.0,0.0,4.0,3.0,27.0,0.0,16.0,0.0,0.0,2025_02_WAS_GB
