Week,Day,Date,Time,Boxscore,Outcome,OT,Rec,Home/Away,Opp,Tm,OppPts,1stD,TotYd,PassY,RushY,TO_lost,Opp1stD,OppTotYd,OppPassY,OppRushY,TO_won,Offense,Defense,Sp. Tms,Team,Season
1,Sun,September 8,1:00PM ET,boxscore,L,,0-1,,Minnesota Vikings,6.0,28.0,14.0,240.0,166.0,74.0,2.0,17.0,312.0,201.0,111.0,2.0,-21.12,-8.23,7.83,nyg,2024
2,Sun,September 15,1:00PM ET,boxscore,L,,0-2,@,Washington Commanders,18.0,21.0,18.0,304.0,175.0,129.0,1.0,22.0,425.0,210.0,215.0,,6.93,-11.88,-0.31,nyg,2024
3,Sun,September 22,1:00PM ET,boxscore,W,,1-2,@,Cleveland Browns,21.0,15.0,21.0,340.0,228.0,112.0,2.0,16.0,217.0,148.0,69.0,2.0,-2.96,17.99,-8.29,nyg,2024
4,Thu,September 26,8:15PM ET,boxscore,L,,1-3,,Dallas Cowboys,15.0,20.0,16.0,303.0,277.0,26.0,1.0,14.0,293.0,213.0,80.0,,-0.76,-5.38,2.25,nyg,2024
5,Sun,October 6,4:25PM ET,preview,,,,@,Seattle Seahawks,0.0,,,,,,,,,,,,,,,nyg,2024
6,Sun,October 13,8:20PM ET,preview,,,,,Cincinnati Bengals,0.0,,,,,,,,,,,,,,,nyg,2024
7,Sun,October 20,1:00PM ET,preview,,,,,Philadelphia Eagles,0.0,,,,,,,,,,,,,,,nyg,2024
8,Mon,October 28,8:15PM ET,preview,,,,@,Pittsburgh Steelers,0.0,,,,,,,,,,,,,,,nyg,2024
9,Sun,November 3,1:00PM ET,preview,,,,,Washington Commanders,0.0,,,,,,,,,,,,,,,nyg,2024
10,Sun,November 10,9:30AM ET,preview,,,,@,Carolina Panthers,0.0,,,,,,,,,,,,,,,nyg,2024
11,,,,,,,,,Bye Week,,,,,,,,,,,,,,,,nyg,2024
12,Sun,November 24,1:00PM ET,preview,,,,,Tampa Bay Buccaneers,0.0,,,,,,,,,,,,,,,nyg,2024
13,Thu,November 28,4:30PM ET,preview,,,,@,Dallas Cowboys,0.0,,,,,,,,,,,,,,,nyg,2024
14,Sun,December 8,1:00PM ET,preview,,,,,New Orleans Saints,0.0,,,,,,,,,,,,,,,nyg,2024
15,Sun,December 15,1:00PM ET,preview,,,,,Baltimore Ravens,0.0,,,,,,,,,,,,,,,nyg,2024
16,Sun,December 22,1:00PM ET,preview,,,,@,Atlanta Falcons,0.0,,,,,,,,,,,,,,,nyg,2024
17,Sun,December 29,1:00PM ET,preview,,,,,Indianapolis Colts,0.0,,,,,,,,,,,,,,,nyg,2024
18,Sun,January 5,1:00PM ET,preview,,,,@,Philadelphia Eagles,0.0,,,,,,,,,,,,,,,nyg,2024
1,Sun,September 8,4:25PM ET,boxscore,W,,1-0,@,Cleveland Browns,33.0,17.0,15.0,265.0,163.0,102.0,,15.0,230.0,137.0,93.0,2.0,-5.45,19.86,3.02,dal,2024
2,Sun,September 15,1:00PM ET,boxscore,L,,1-1,,New Orleans Saints,19.0,44.0,20.0,353.0,285.0,68.0,2.0,24.0,432.0,242.0,190.0,1.0,-4.63,-26.86,7.86,dal,2024
3,Sun,September 22,4:25PM ET,boxscore,L,,1-2,,Baltimore Ravens,25.0,28.0,26.0,412.0,361.0,51.0,1.0,24.0,456.0,182.0,274.0,,8.34,-20.98,5.94,dal,2024
4,Thu,September 26,8:15PM ET,boxscore,W,,2-2,@,New York Giants,20.0,15.0,14.0,293.0,213.0,80.0,,16.0,303.0,277.0,26.0,1.0,5.38,0.76,-2.25,dal,2024
5,Sun,October 6,8:20PM ET,preview,,,,@,Pittsburgh Steelers,0.0,,,,,,,,,,,,,,,dal,2024
6,Sun,October 13,4:25PM ET,preview,,,,,Detroit Lions,0.0,,,,,,,,,,,,,,,dal,2024
7,,,,,,,,,Bye Week,,,,,,,,,,,,,,,,dal,2024
8,Sun,October 27,8:20PM ET,preview,,,,@,San Francisco 49ers,0.0,,,,,,,,,,,,,,,dal,2024
9,Sun,November 3,1:00PM ET,preview,,,,@,Atlanta Falcons,0.0,,,,,,,,,,,,,,,dal,2024
10,Sun,November 10,4:25PM ET,preview,,,,,Philadelphia Eagles,0.0,,,,,,,,,,,,,,,dal,2024
11,Mon,November 18,8:15PM ET,preview,,,,,Houston Texans,0.0,,,,,,,,,,,,,,,dal,2024
12,Sun,November 24,1:00PM ET,preview,,,,@,Washington Commanders,0.0,,,,,,,,,,,,,,,dal,2024
13,Thu,November 28,4:30PM ET,preview,,,,,New York Giants,0.0,,,,,,,,,,,,,,,dal,2024
14,Mon,December 9,8:15PM ET,preview,,,,,Cincinnati Bengals,0.0,,,,,,,,,,,,,,,dal,2024
15,Sun,December 15,1:00PM ET,preview,,,,@,Carolina Panthers,0.0,,,,,,,,,,,,,,,dal,2024
16,Sun,December 22,8:20PM ET,preview,,,,,Tampa Bay Buccaneers,0.0,,,,,,,,,,,,,,,dal,2024
17,Sun,December 29,4:25PM ET,preview,,,,@,Philadelphia Eagles,0.0,,,,,,,,,,,,,,,dal,2024
18,Sun,January 5,1:00PM ET,preview,,,,,Washington Commanders,0.0,,,,,,,,,,,,,,,dal,2024
1,Sun,September 8,8:20PM ET,boxscore,W,OT,1-0,,Los Angeles Rams,26.0,20.0,21.0,363.0,200.0,163.0,1.0,26.0,387.0,304.0,83.0,1.0,9.52,-8.78,3.9,det,2024
2,Sun,September 15,1:00PM ET,boxscore,L,,1-1,,Tampa Bay Buccaneers,16.0,20.0,26.0,463.0,324.0,139.0,2.0,14.0,216.0,146.0,70.0,1.0,3.18,-0.1,-4.12,det,2024
3,Sun,September 22,4:25PM ET,boxscore,W,,2-1,@,Arizona Cardinals,20.0,13.0,23.0,373.0,186.0,187.0,1.0,17.0,277.0,200.0,77.0,1.0,5.52,5.25,-2.55,det,2024
4,Mon,September 30,8:15PM ET,boxscore,W,,3-1,,Seattle Seahawks,42.0,29.0,21.0,389.0,273.0,116.0,,38.0,516.0,383.0,133.0,2.0,24.24,-15.58,1.69,det,2024
5,,,,,,,,,Bye Week,,,,,,,,,,,,,,,,det,2024
6,Sun,October 13,4:25PM ET,preview,,,,@,Dallas Cowboys,0.0,,,,,,,,,,,,,,,det,2024
7,Sun,October 20,1:00PM ET,preview,,,,@,Minnesota Vikings,0.0,,,,,,,,,,,,,,,det,2024
8,Sun,October 27,1:00PM ET,preview,,,,,Tennessee Titans,0.0,,,,,,,,,,,,,,,det,2024
9,Sun,November 3,4:25PM ET,preview,,,,@,Green Bay Packers,0.0,,,,,,,,,,,,,,,det,2024
10,Sun,November 10,8:20PM ET,preview,,,,@,Houston Texans,0.0,,,,,,,,,,,,,,,det,2024
11,Sun,November 17,1:00PM ET,preview,,,,,Jacksonville Jaguars,0.0,,,,,,,,,,,,,,,det,2024
12,Sun,November 24,1:00PM ET,preview,,,,@,Indianapolis Colts,0.0,,,,,,,,,,,,,,,det,2024
13,Thu,November 28,12:30PM ET,preview,,,,,Chicago Bears,0.0,,,,,,,,,,,,,,,det,2024
14,Thu,December 5,8:15PM ET,preview,,,,,Green Bay Packers,0.0,,,,,,,,,,,,,,,det,2024
15,Sun,December 15,4:25PM ET,preview,,,,,Buffalo Bills,0.0,,,,,,,,,,,,,,,det,2024
16,Sun,December 22,1:00PM ET,preview,,,,@,Chicago Bears,0.0,,,,,,,,,,,,,,,det,2024
17,Mon,December 30,8:15PM ET,preview,,,,@,San Francisco 49ers,0.0,,,,,,,,,,,,,,,det,2024
18,Sun,January 5,1:00PM ET,preview,,,,,Minnesota Vikings,0.0,,,,,,,,,,,,,,,det,2024
1,Sun,September 8,1:00PM ET,boxscore,W,,1-0,@,Indianapolis Colts,29.0,27.0,26.0,417.0,204.0,213.0,,14.0,303.0,199.0,104.0,1.0,16.76,-7.56,-2.53,htx,2024
2,Sun,September 15,8:20PM ET,boxscore,W,,2-0,,Chicago Bears,19.0,13.0,15.0,310.0,235.0,75.0,1.0,15.0,205.0,134.0,71.0,2.0,-7.01,13.71,0.27,htx,2024
3,Sun,September 22,1:00PM ET,boxscore,L,,2-1,@,Minnesota Vikings,7.0,34.0,17.0,296.0,258.0,38.0,2.0,19.0,274.0,156.0,118.0,,-12.45,-12.18,-3.86,htx,2024
4,Sun,September 29,1:00PM ET,boxscore,W,,3-1,,Jacksonville Jaguars,24.0,20.0,26.0,435.0,334.0,101.0,1.0,17.0,313.0,155.0,158.0,,14.04,1.45,-9.28,htx,2024
5,Sun,October 6,1:00PM ET,preview,,,,,Buffalo Bills,0.0,,,,,,,,,,,,,,,htx,2024
6,Sun,October 13,1:00PM ET,preview,,,,@,New England Patriots,0.0,,,,,,,,,,,,,,,htx,2024
7,Sun,October 20,1:00PM ET,preview,,,,@,Green Bay Packers,0.0,,,,,,,,,,,,,,,htx,2024
8,Sun,October 27,1:00PM ET,preview,,,,,Indianapolis Colts,0.0,,,,,,,,,,,,,,,htx,2024
9,Thu,October 31,8:15PM ET,preview,,,,@,New York Jets,0.0,,,,,,,,,,,,,,,htx,2024
10,Sun,November 10,8:20PM ET,preview,,,,,Detroit Lions,0.0,,,,,,,,,,,,,,,htx,2024
11,Mon,November 18,8:15PM ET,preview,,,,@,Dallas Cowboys,0.0,,,,,,,,,,,,,,,htx,2024
12,Sun,November 24,1:00PM ET,preview,,,,,Tennessee Titans,0.0,,,,,,,,,,,,,,,htx,2024
13,Sun,December 1,1:00PM ET,preview,,,,@,Jacksonville Jaguars,0.0,,,,,,,,,,,,,,,htx,2024
14,,,,,,,,,Bye Week,,,,,,,,,,,,,,,,htx,2024
15,Sun,December 15,1:00PM ET,preview,,,,,Miami Dolphins,0.0,,,,,,,,,,,,,,,htx,2024
16,Sat,December 21,1:00PM ET,preview,,,,@,Kansas City Chiefs,0.0,,,,,,,,,,,,,,,htx,2024
17,Wed,December 25,4:30PM ET,preview,,,,,Baltimore Ravens,0.0,,,,,,,,,,,,,,,htx,2024
18,Sun,January 5,1:00PM ET,preview,,,,@,Tennessee Titans,0.0,,,,,,,,,,,,,,,htx,2024
1,Sun,September 8,1:00PM ET,boxscore,W,,1-0,@,Cincinnati Bengals,16.0,10.0,17.0,290.0,120.0,170.0,,13.0,224.0,154.0,70.0,2.0,0.36,3.62,2.22,nwe,2024
2,Sun,September 15,1:00PM ET,boxscore,L,OT,1-1,,Seattle Seahawks,20.0,23.0,19.0,310.0,125.0,185.0,,18.0,358.0,312.0,46.0,,3.42,-7.65,1.23,nwe,2024
3,Thu,September 19,8:15PM ET,boxscore,L,,1-2,@,New York Jets,3.0,24.0,11.0,139.0,61.0,78.0,1.0,27.0,400.0,267.0,133.0,,-8.75,-18.8,11.93,nwe,2024
4,Sun,September 29,4:05PM ET,boxscore,L,,1-3,@,San Francisco 49ers,13.0,30.0,12.0,216.0,143.0,73.0,3.0,19.0,431.0,283.0,148.0,2.0,-24.17,-11.48,16.28,nwe,2024
5,Sun,October 6,1:00PM ET,preview,,,,,Miami Dolphins,0.0,,,,,,,,,,,,,,,nwe,2024
6,Sun,October 13,1:00PM ET,preview,,,,,Houston Texans,0.0,,,,,,,,,,,,,,,nwe,2024
7,Sun,October 20,9:30AM ET,preview,,,,@,Jacksonville Jaguars,0.0,,,,,,,,,,,,,,,nwe,2024
8,Sun,October 27,1:00PM ET,preview,,,,,New York Jets,0.0,,,,,,,,,,,,,,,nwe,2024
9,Sun,November 3,1:00PM ET,preview,,,,@,Tennessee Titans,0.0,,,,,,,,,,,,,,,nwe,2024
10,Sun,November 10,1:00PM ET,preview,,,,@,Chicago Bears,0.0,,,,,,,,,,,,,,,nwe,2024
11,Sun,November 17,1:00PM ET,preview,,,,,Los Angeles Rams,0.0,,,,,,,,,,,,,,,nwe,2024
12,Sun,November 24,1:00PM ET,preview,,,,@,Miami Dolphins,0.0,,,,,,,,,,,,,,,nwe,2024
13,Sun,December 1,1:00PM ET,preview,,,,,Indianapolis Colts,0.0,,,,,,,,,,,,,,,nwe,2024
14,,,,,,,,,Bye Week,,,,,,,,,,,,,,,,nwe,2024
15,Sun,December 15,4:25PM ET,preview,,,,@,Arizona Cardinals,0.0,,,,,,,,,,,,,,,nwe,2024
16,Sun,December 22,1:00PM ET,preview,,,,@,Buffalo Bills,0.0,,,,,,,,,,,,,,,nwe,2024
17,Sun,December 29,1:00PM ET,preview,,,,,Los Angeles Chargers,0.0,,,,,,,,,,,,,,,nwe,2024
18,Sun,January 5,1:00PM ET,preview,,,,,Buffalo Bills,0.0,,,,,,,,,,,,,,,nwe,2024
1,Thu,September 5,8:20PM ET,boxscore,W,,1-0,,Baltimore Ravens,27.0,20.0,21.0,353.0,281.0,72.0,1.0,25.0,452.0,267.0,185.0,1.0,11.81,-9.42,2.11,kan,2024
2,Sun,September 15,4:25PM ET,boxscore,W,,2-0,,Cincinnati Bengals,26.0,25.0,19.0,286.0,137.0,149.0,3.0,18.0,320.0,246.0,74.0,1.0,0.08,-0.29,0.99,kan,2024
3,Sun,September 22,8:20PM ET,boxscore,W,,3-0,@,Atlanta Falcons,22.0,17.0,22.0,345.0,217.0,128.0,1.0,19.0,311.0,229.0,82.0,1.0,5.9,-2.09,-1.56,kan,2024
4,Sun,September 29,4:25PM ET,boxscore,W,,4-0,@,Los Angeles Chargers,17.0,10.0,16.0,329.0,228.0,101.0,2.0,12.0,224.0,169.0,55.0,,-4.0,10.62,0.87,kan,2024
5,Mon,October 7,8:15PM ET,preview,,,,,New Orleans Saints,0.0,,,,,,,,,,,,,,,kan,2024
6,,,,,,,,,Bye Week,,,,,,,,,,,,,,,,kan,2024
7,Sun,October 20,4:25PM ET,preview,,,,@,San Francisco 49ers,0.0,,,,,,,,,,,,,,,kan,2024
8,Sun,October 27,4:25PM ET,preview,,,,@,Las Vegas Raiders,0.0,,,,,,,,,,,,,,,kan,2024
9,Mon,November 4,8:15PM ET,preview,,,,,Tampa Bay Buccaneers,0.0,,,,,,,,,,,,,,,kan,2024
10,Sun,November 10,1:00PM ET,preview,,,,,Denver Broncos,0.0,,,,,,,,,,,,,,,kan,2024
11,Sun,November 17,4:25PM ET,preview,,,,@,Buffalo Bills,0.0,,,,,,,,,,,,,,,kan,2024
12,Sun,November 24,1:00PM ET,preview,,,,@,Carolina Panthers,0.0,,,,,,,,,,,,,,,kan,2024
13,Fri,November 29,3:00PM ET,preview,,,,,Las Vegas Raiders,0.0,,,,,,,,,,,,,,,kan,2024
14,Sun,December 8,8:20PM ET,preview,,,,,Los Angeles Chargers,0.0,,,,,,,,,,,,,,,kan,2024
15,Sun,December 15,1:00PM ET,preview,,,,@,Cleveland Browns,0.0,,,,,,,,,,,,,,,kan,2024
16,Sat,December 21,1:00PM ET,preview,,,,,Houston Texans,0.0,,,,,,,,,,,,,,,kan,2024
17,Wed,December 25,1:00PM ET,preview,,,,@,Pittsburgh Steelers,0.0,,,,,,,,,,,,,,,kan,2024
18,Sun,January 5,1:00PM ET,preview,,,,@,Denver Broncos,0.0,,,,,,,,,,,,,,,kan,2024
1,Sun,September 8,1:00PM ET,boxscore,W,,1-0,,Carolina Panthers,47.0,10.0,22.0,379.0,199.0,180.0,1.0,11.0,193.0,135.0,58.0,3.0,19.08,17.04,-0.61,nor,2024
2,Sun,September 15,1:00PM ET,boxscore,W,,2-0,@,Dallas Cowboys,44.0,19.0,24.0,432.0,242.0,190.0,1.0,20.0,353.0,285.0,68.0,2.0,26.86,4.63,-7.86,nor,2024
3,Sun,September 22,1:00PM ET,boxscore,L,,2-1,,Philadelphia Eagles,12.0,15.0,12.0,219.0,130.0,89.0,1.0,20.0,460.0,288.0,172.0,2.0,-8.47,-3.12,8.68,nor,2024
4,Sun,September 29,1:00PM ET,boxscore,L,,2-2,@,Atlanta Falcons,24.0,26.0,25.0,366.0,235.0,131.0,2.0,14.0,315.0,227.0,88.0,1.0,5.66,0.48,-7.11,nor,2024
5,Mon,October 7,8:15PM ET,preview,,,,@,Kansas City Chiefs,0.0,,,,,,,,,,,,,,,nor,2024
6,Sun,October 13,1:00PM ET,preview,,,,,Tampa Bay Buccaneers,0.0,,,,,,,,,,,,,,,nor,2024
7,Thu,October 17,8:15PM ET,preview,,,,,Denver Broncos,0.0,,,,,,,,,,,,,,,nor,2024
8,Sun,October 27,4:05PM ET,preview,,,,@,Los Angeles Chargers,0.0,,,,,,,,,,,,,,,nor,2024
9,Sun,November 3,1:00PM ET,preview,,,,@,Carolina Panthers,0.0,,,,,,,,,,,,,,,nor,2024
10,Sun,November 10,1:00PM ET,preview,,,,,Atlanta Falcons,0.0,,,,,,,,,,,,,,,nor,2024
11,Sun,November 17,1:00PM ET,preview,,,,,Cleveland Browns,0.0,,,,,,,,,,,,,,,nor,2024
12,,,,,,,,,Bye Week,,,,,,,,,,,,,,,,nor,2024
13,Sun,December 1,4:05PM ET,preview,,,,,Los Angeles Rams,0.0,,,,,,,,,,,,,,,nor,2024
14,Sun,December 8,1:00PM ET,preview,,,,@,New York Giants,0.0,,,,,,,,,,,,,,,nor,2024
15,Sun,December 15,1:00PM ET,preview,,,,,Washington Commanders,0.0,,,,,,,,,,,,,,,nor,2024
16,Mon,December 23,8:15PM ET,preview,,,,@,Green Bay Packers,0.0,,,,,,,,,,,,,,,nor,2024
17,Sun,December 29,1:00PM ET,preview,,,,,Las Vegas Raiders,0.0,,,,,,,,,,,,,,,nor,2024
18,Sun,January 5,1:00PM ET,preview,,,,@,Tampa Bay Buccaneers,0.0,,,,,,,,,,,,,,,nor,2024
1,Fri,September 6,8:15PM ET,boxscore,L,,0-1,@,Philadelphia Eagles,29.0,34.0,19.0,414.0,251.0,163.0,1.0,25.0,410.0,266.0,144.0,3.0,10.53,-11.27,-4.39,gnb,2024
2,Sun,September 15,1:00PM ET,boxscore,W,,1-1,,Indianapolis Colts,16.0,10.0,19.0,383.0,122.0,261.0,1.0,19.0,338.0,198.0,140.0,3.0,3.59,1.85,1.56,gnb,2024
3,Sun,September 22,1:00PM ET,boxscore,W,,2-1,@,Tennessee Titans,30.0,14.0,16.0,378.0,190.0,188.0,,18.0,237.0,204.0,33.0,3.0,4.57,9.81,-0.24,gnb,2024
4,Sun,September 29,1:00PM ET,boxscore,L,,2-2,,Minnesota Vikings,29.0,31.0,24.0,465.0,379.0,86.0,4.0,22.0,374.0,254.0,120.0,3.0,-4.43,-0.52,1.45,gnb,2024
5,Sun,October 6,4:25PM ET,preview,,,,@,Los Angeles Rams,0.0,,,,,,,,,,,,,,,gnb,2024
6,Sun,October 13,1:00PM ET,preview,,,,,Arizona Cardinals,0.0,,,,,,,,,,,,,,,gnb,2024
7,Sun,October 20,1:00PM ET,preview,,,,,Houston Texans,0.0,,,,,,,,,,,,,,,gnb,2024
8,Sun,October 27,1:00PM ET,preview,,,,@,Jacksonville Jaguars,0.0,,,,,,,,,,,,,,,gnb,2024
9,Sun,November 3,4:25PM ET,preview,,,,,Detroit Lions,0.0,,,,,,,,,,,,,,,gnb,2024
10,,,,,,,,,Bye Week,,,,,,,,,,,,,,,,gnb,2024
11,Sun,November 17,1:00PM ET,preview,,,,@,Chicago Bears,0.0,,,,,,,,,,,,,,,gnb,2024
12,Sun,November 24,4:25PM ET,preview,,,,,San Francisco 49ers,0.0,,,,,,,,,,,,,,,gnb,2024
13,Thu,November 28,8:20PM ET,preview,,,,,Miami Dolphins,0.0,,,,,,,,,,,,,,,gnb,2024
14,Thu,December 5,8:15PM ET,preview,,,,@,Detroit Lions,0.0,,,,,,,,,,,,,,,gnb,2024
15,Sun,December 15,8:20PM ET,preview,,,,@,Seattle Seahawks,0.0,,,,,,,,,,,,,,,gnb,2024
16,Mon,December 23,8:15PM ET,preview,,,,,New Orleans Saints,0.0,,,,,,,,,,,,,,,gnb,2024
17,Sun,December 29,1:00PM ET,preview,,,,@,Minnesota Vikings,0.0,,,,,,,,,,,,,,,gnb,2024
18,Sun,January 5,1:00PM ET,preview,,,,,Chicago Bears,0.0,,,,,,,,,,,,,,,gnb,2024
1,Sun,September 8,1:00PM ET,boxscore,L,,0-1,,Pittsburgh Steelers,10.0,18.0,15.0,226.0,137.0,89.0,3.0,16.0,270.0,133.0,137.0,,-13.7,6.25,-2.05,atl,2024
2,Mon,September 16,8:15PM ET,boxscore,W,,1-1,@,Philadelphia Eagles,22.0,21.0,22.0,385.0,233.0,152.0,,22.0,365.0,179.0,186.0,1.0,8.72,-7.13,-1.28,atl,2024
3,Sun,September 22,8:20PM ET,boxscore,L,,1-2,,Kansas City Chiefs,17.0,22.0,19.0,311.0,229.0,82.0,1.0,22.0,345.0,217.0,128.0,1.0,2.09,-5.9,1.56,atl,2024
4,Sun,September 29,1:00PM ET,boxscore,W,,2-2,,New Orleans Saints,26.0,24.0,14.0,315.0,227.0,88.0,1.0,25.0,366.0,235.0,131.0,2.0,-0.48,-5.66,7.11,atl,2024
5,Thu,October 3,8:15PM ET,preview,,,,,Tampa Bay Buccaneers,0.0,,,,,,,,,,,,,,,atl,2024
6,Sun,October 13,4:25PM ET,preview,,,,@,Carolina Panthers,0.0,,,,,,,,,,,,,,,atl,2024
7,Sun,October 20,1:00PM ET,preview,,,,,Seattle Seahawks,0.0,,,,,,,,,,,,,,,atl,2024
8,Sun,October 27,1:00PM ET,preview,,,,@,Tampa Bay Buccaneers,0.0,,,,,,,,,,,,,,,atl,2024
9,Sun,November 3,1:00PM ET,preview,,,,,Dallas Cowboys,0.0,,,,,,,,,,,,,,,atl,2024
10,Sun,November 10,1:00PM ET,preview,,,,@,New Orleans Saints,0.0,,,,,,,,,,,,,,,atl,2024
11,Sun,November 17,4:05PM ET,preview,,,,@,Denver Broncos,0.0,,,,,,,,,,,,,,,atl,2024
12,,,,,,,,,Bye Week,,,,,,,,,,,,,,,,atl,2024
13,Sun,December 1,1:00PM ET,preview,,,,,Los Angeles Chargers,0.0,,,,,,,,,,,,,,,atl,2024
14,Sun,December 8,1:00PM ET,preview,,,,@,Minnesota Vikings,0.0,,,,,,,,,,,,,,,atl,2024
15,Mon,December 16,8:30PM ET,preview,,,,@,Las Vegas Raiders,0.0,,,,,,,,,,,,,,,atl,2024
16,Sun,December 22,1:00PM ET,preview,,,,,New York Giants,0.0,,,,,,,,,,,,,,,atl,2024
17,Sun,December 29,1:00PM ET,preview,,,,@,Washington Commanders,0.0,,,,,,,,,,,,,,,atl,2024
18,Sun,January 5,1:00PM ET,preview,,,,,Carolina Panthers,0.0,,,,,,,,,,,,,,,atl,2024
1,Sun,September 8,1:00PM ET,boxscore,W,,1-0,,Arizona Cardinals,34.0,28.0,23.0,352.0,222.0,130.0,1.0,18.0,270.0,146.0,124.0,1.0,13.51,-3.22,-2.25,buf,2024
2,Thu,September 12,8:15PM ET,boxscore,W,,2-0,@,Miami Dolphins,31.0,10.0,13.0,247.0,139.0,108.0,,20.0,351.0,212.0,139.0,3.0,8.59,14.11,-2.53,buf,2024
3,Mon,September 23,7:30PM ET,boxscore,W,,3-0,,Jacksonville Jaguars,47.0,10.0,25.0,388.0,266.0,122.0,,19.0,239.0,147.0,92.0,2.0,28.39,12.44,-6.15,buf,2024
4,Sun,September 29,8:20PM ET,boxscore,L,,3-1,@,Baltimore Ravens,10.0,35.0,12.0,236.0,155.0,81.0,1.0,22.0,427.0,156.0,271.0,1.0,-6.92,-19.69,2.37,buf,2024
5,Sun,October 6,1:00PM ET,preview,,,,@,Houston Texans,0.0,,,,,,,,,,,,,,,buf,2024
6,Mon,October 14,8:15PM ET,preview,,,,@,New York Jets,0.0,,,,,,,,,,,,,,,buf,2024
7,Sun,October 20,1:00PM ET,preview,,,,,Tennessee Titans,0.0,,,,,,,,,,,,,,,buf,2024
8,Sun,October 27,4:05PM ET,preview,,,,@,Seattle Seahawks,0.0,,,,,,,,,,,,,,,buf,2024
9,Sun,November 3,1:00PM ET,preview,,,,,Miami Dolphins,0.0,,,,,,,,,,,,,,,buf,2024
10,Sun,November 10,1:00PM ET,preview,,,,@,Indianapolis Colts,0.0,,,,,,,,,,,,,,,buf,2024
11,Sun,November 17,4:25PM ET,preview,,,,,Kansas City Chiefs,0.0,,,,,,,,,,,,,,,buf,2024
12,,,,,,,,,Bye Week,,,,,,,,,,,,,,,,buf,2024
13,Sun,December 1,8:20PM ET,preview,,,,,San Francisco 49ers,0.0,,,,,,,,,,,,,,,buf,2024
14,Sun,December 8,4:25PM ET,preview,,,,@,Los Angeles Rams,0.0,,,,,,,,,,,,,,,buf,2024
15,Sun,December 15,4:25PM ET,preview,,,,@,Detroit Lions,0.0,,,,,,,,,,,,,,,buf,2024
16,Sun,December 22,1:00PM ET,preview,,,,,New England Patriots,0.0,,,,,,,,,,,,,,,buf,2024
17,Sun,December 29,1:00PM ET,preview,,,,,New York Jets,0.0,,,,,,,,,,,,,,,buf,2024
18,Sun,January 5,1:00PM ET,preview,,,,@,New England Patriots,0.0,,,,,,,,,,,,,,,buf,2024
1,Mon,September 9,8:15PM ET,boxscore,W,,1-0,,New York Jets,32.0,19.0,24.0,401.0,221.0,180.0,,14.0,266.0,198.0,68.0,2.0,11.24,2.83,0.93,sfo,2024
2,Sun,September 15,1:00PM ET,boxscore,L,,1-1,@,Minnesota Vikings,17.0,23.0,24.0,396.0,294.0,102.0,2.0,17.0,403.0,257.0,146.0,2.0,0.86,-3.76,-4.39,sfo,2024
3,Sun,September 22,4:25PM ET,boxscore,L,,1-2,@,Los Angeles Rams,24.0,27.0,25.0,425.0,288.0,137.0,1.0,19.0,296.0,198.0,98.0,,19.1,-15.13,-3.14,sfo,2024
4,Sun,September 29,4:05PM ET,boxscore,W,,2-2,,New England Patriots,30.0,13.0,19.0,431.0,283.0,148.0,2.0,12.0,216.0,143.0,73.0,3.0,11.48,24.17,-16.28,sfo,2024
5,Sun,October 6,4:05PM ET,preview,,,,,Arizona Cardinals,0.0,,,,,,,,,,,,,,,sfo,2024
6,Thu,October 10,8:15PM ET,preview,,,,@,Seattle Seahawks,0.0,,,,,,,,,,,,,,,sfo,2024
7,Sun,October 20,4:25PM ET,preview,,,,,Kansas City Chiefs,0.0,,,,,,,,,,,,,,,sfo,2024
8,Sun,October 27,8:20PM ET,preview,,,,,Dallas Cowboys,0.0,,,,,,,,,,,,,,,sfo,2024
9,,,,,,,,,Bye Week,,,,,,,,,,,,,,,,sfo,2024
10,Sun,November 10,1:00PM ET,preview,,,,@,Tampa Bay Buccaneers,0.0,,,,,,,,,,,,,,,sfo,2024
11,Sun,November 17,4:05PM ET,preview,,,,,Seattle Seahawks,0.0,,,,,,,,,,,,,,,sfo,2024
12,Sun,November 24,4:25PM ET,preview,,,,@,Green Bay Packers,0.0,,,,,,,,,,,,,,,sfo,2024
13,Sun,December 1,8:20PM ET,preview,,,,@,Buffalo Bills,0.0,,,,,,,,,,,,,,,sfo,2024
14,Sun,December 8,4:25PM ET,preview,,,,,Chicago Bears,0.0,,,,,,,,,,,,,,,sfo,2024
15,Thu,December 12,8:15PM ET,preview,,,,,Los Angeles Rams,0.0,,,,,,,,,,,,,,,sfo,2024
16,Sun,December 22,4:25PM ET,preview,,,,@,Miami Dolphins,0.0,,,,,,,,,,,,,,,sfo,2024
17,Mon,December 30,8:15PM ET,preview,,,,,Detroit Lions,0.0,,,,,,,,,,,,,,,sfo,2024
18,Sun,January 5,1:00PM ET,preview,,,,@,Arizona Cardinals,0.0,,,,,,,,,,,,,,,sfo,2024
1,Mon,September 9,8:15PM ET,boxscore,L,,0-1,@,San Francisco 49ers,19.0,32.0,14.0,266.0,198.0,68.0,2.0,24.0,401.0,221.0,180.0,,-2.83,-11.24,-0.93,nyj,2024
2,Sun,September 15,1:00PM ET,boxscore,W,,1-1,@,Tennessee Titans,24.0,17.0,16.0,265.0,164.0,101.0,,20.0,300.0,170.0,130.0,2.0,5.83,-1.62,1.94,nyj,2024
3,Thu,September 19,8:15PM ET,boxscore,W,,2-1,,New England Patriots,24.0,3.0,27.0,400.0,267.0,133.0,,11.0,139.0,61.0,78.0,1.0,18.8,8.75,-11.93,nyj,2024
4,Sun,September 29,1:00PM ET,boxscore,L,,2-2,,Denver Broncos,9.0,10.0,16.0,248.0,184.0,64.0,1.0,12.0,186.0,60.0,126.0,1.0,-17.17,15.24,1.09,nyj,2024
5,Sun,October 6,9:30AM ET,preview,,,,@,Minnesota Vikings,0.0,,,,,,,,,,,,,,,nyj,2024
6,Mon,October 14,8:15PM ET,preview,,,,,Buffalo Bills,0.0,,,,,,,,,,,,,,,nyj,2024
7,Sun,October 20,8:20PM ET,preview,,,,@,Pittsburgh Steelers,0.0,,,,,,,,,,,,,,,nyj,2024
8,Sun,October 27,1:00PM ET,preview,,,,@,New England Patriots,0.0,,,,,,,,,,,,,,,nyj,2024
9,Thu,October 31,8:15PM ET,preview,,,,,Houston Texans,0.0,,,,,,,,,,,,,,,nyj,2024
10,Sun,November 10,4:25PM ET,preview,,,,@,Arizona Cardinals,0.0,,,,,,,,,,,,,,,nyj,2024
11,Sun,November 17,8:20PM ET,preview,,,,,Indianapolis Colts,0.0,,,,,,,,,,,,,,,nyj,2024
12,,,,,,,,,Bye Week,,,,,,,,,,,,,,,,nyj,2024
13,Sun,December 1,1:00PM ET,preview,,,,,Seattle Seahawks,0.0,,,,,,,,,,,,,,,nyj,2024
14,Sun,December 8,1:00PM ET,preview,,,,@,Miami Dolphins,0.0,,,,,,,,,,,,,,,nyj,2024
15,Sun,December 15,1:00PM ET,preview,,,,@,Jacksonville Jaguars,0.0,,,,,,,,,,,,,,,nyj,2024
16,Sun,December 22,1:00PM ET,preview,,,,,Los Angeles Rams,0.0,,,,,,,,,,,,,,,nyj,2024
17,Sun,December 29,1:00PM ET,preview,,,,@,Buffalo Bills,0.0,,,,,,,,,,,,,,,nyj,2024
18,Sun,January 5,1:00PM ET,preview,,,,,Miami Dolphins,0.0,,,,,,,,,,,,,,,nyj,2024
1,Sun,September 8,1:00PM ET,boxscore,L,,0-1,@,Miami Dolphins,17.0,20.0,17.0,267.0,139.0,128.0,1.0,18.0,400.0,319.0,81.0,,-4.76,-5.83,7.59,jax,2024
2,Sun,September 15,1:00PM ET,boxscore,L,,0-2,,Cleveland Browns,13.0,18.0,18.0,323.0,196.0,127.0,,17.0,297.0,172.0,125.0,,6.78,-0.32,-8.92,jax,2024
3,Mon,September 23,7:30PM ET,boxscore,L,,0-3,@,Buffalo Bills,10.0,47.0,19.0,239.0,147.0,92.0,2.0,25.0,388.0,266.0,122.0,,-12.44,-28.39,6.15,jax,2024
4,Sun,September 29,1:00PM ET,boxscore,L,,0-4,@,Houston Texans,20.0,24.0,17.0,313.0,155.0,158.0,,26.0,435.0,334.0,101.0,1.0,-1.45,-14.04,9.28,jax,2024
5,Sun,October 6,1:00PM ET,preview,,,,,Indianapolis Colts,0.0,,,,,,,,,,,,,,,jax,2024
6,Sun,October 13,9:30AM ET,preview,,,,@,Chicago Bears,0.0,,,,,,,,,,,,,,,jax,2024
7,Sun,October 20,9:30AM ET,preview,,,,,New England Patriots,0.0,,,,,,,,,,,,,,,jax,2024
8,Sun,October 27,1:00PM ET,preview,,,,,Green Bay Packers,0.0,,,,,,,,,,,,,,,jax,2024
9,Sun,November 3,8:20PM ET,preview,,,,@,Philadelphia Eagles,0.0,,,,,,,,,,,,,,,jax,2024
10,Sun,November 10,1:00PM ET,preview,,,,,Minnesota Vikings,0.0,,,,,,,,,,,,,,,jax,2024
11,Sun,November 17,1:00PM ET,preview,,,,@,Detroit Lions,0.0,,,,,,,,,,,,,,,jax,2024
12,,,,,,,,,Bye Week,,,,,,,,,,,,,,,,jax,2024
13,Sun,December 1,1:00PM ET,preview,,,,,Houston Texans,0.0,,,,,,,,,,,,,,,jax,2024
14,Sun,December 8,1:00PM ET,preview,,,,@,Tennessee Titans,0.0,,,,,,,,,,,,,,,jax,2024
15,Sun,December 15,1:00PM ET,preview,,,,,New York Jets,0.0,,,,,,,,,,,,,,,jax,2024
16,Sun,December 22,4:25PM ET,preview,,,,@,Las Vegas Raiders,0.0,,,,,,,,,,,,,,,jax,2024
17,Sun,December 29,1:00PM ET,preview,,,,,Tennessee Titans,0.0,,,,,,,,,,,,,,,jax,2024
18,Sun,January 5,1:00PM ET,preview,,,,@,Indianapolis Colts,0.0,,,,,,,,,,,,,,,jax,2024
1,Sun,September 8,4:25PM ET,boxscore,L,,0-1,,Dallas Cowboys,17.0,33.0,15.0,230.0,137.0,93.0,2.0,15.0,265.0,163.0,102.0,,-19.86,5.45,-3.02,cle,2024
2,Sun,September 15,1:00PM ET,boxscore,W,,1-1,@,Jacksonville Jaguars,18.0,13.0,17.0,297.0,172.0,125.0,,18.0,323.0,196.0,127.0,,0.32,-6.78,8.92,cle,2024
3,Sun,September 22,1:00PM ET,boxscore,L,,1-2,,New York Giants,15.0,21.0,16.0,217.0,148.0,69.0,2.0,21.0,340.0,228.0,112.0,2.0,-17.99,2.96,8.29,cle,2024
4,Sun,September 29,4:25PM ET,boxscore,L,,1-3,@,Las Vegas Raiders,16.0,20.0,16.0,241.0,149.0,92.0,1.0,17.0,268.0,116.0,152.0,1.0,-6.26,4.09,1.12,cle,2024
5,Sun,October 6,1:00PM ET,preview,,,,@,Washington Commanders,0.0,,,,,,,,,,,,,,,cle,2024
6,Sun,October 13,1:00PM ET,preview,,,,@,Philadelphia Eagles,0.0,,,,,,,,,,,,,,,cle,2024
7,Sun,October 20,1:00PM ET,preview,,,,,Cincinnati Bengals,0.0,,,,,,,,,,,,,,,cle,2024
8,Sun,October 27,1:00PM ET,preview,,,,,Baltimore Ravens,0.0,,,,,,,,,,,,,,,cle,2024
9,Sun,November 3,1:00PM ET,preview,,,,,Los Angeles Chargers,0.0,,,,,,,,,,,,,,,cle,2024
10,,,,,,,,,Bye Week,,,,,,,,,,,,,,,,cle,2024
11,Sun,November 17,1:00PM ET,preview,,,,@,New Orleans Saints,0.0,,,,,,,,,,,,,,,cle,2024
12,Thu,November 21,8:15PM ET,preview,,,,,Pittsburgh Steelers,0.0,,,,,,,,,,,,,,,cle,2024
13,Mon,December 2,8:15PM ET,preview,,,,@,Denver Broncos,0.0,,,,,,,,,,,,,,,cle,2024
14,Sun,December 8,1:00PM ET,preview,,,,@,Pittsburgh Steelers,0.0,,,,,,,,,,,,,,,cle,2024
15,Sun,December 15,1:00PM ET,preview,,,,,Kansas City Chiefs,0.0,,,,,,,,,,,,,,,cle,2024
16,Thu,December 19,8:15PM ET,preview,,,,@,Cincinnati Bengals,0.0,,,,,,,,,,,,,,,cle,2024
17,Sun,December 29,8:20PM ET,preview,,,,,Miami Dolphins,0.0,,,,,,,,,,,,,,,cle,2024
18,Sun,January 5,1:00PM ET,preview,,,,@,Baltimore Ravens,0.0,,,,,,,,,,,,,,,cle,2024
1,Sun,September 8,4:05PM ET,boxscore,W,,1-0,,Las Vegas Raiders,22.0,10.0,11.0,316.0,140.0,176.0,,14.0,296.0,225.0,71.0,3.0,-5.13,14.87,-0.65,sdg,2024
2,Sun,September 15,1:00PM ET,boxscore,W,,2-0,@,Carolina Panthers,26.0,3.0,21.0,349.0,130.0,219.0,2.0,7.0,159.0,69.0,90.0,1.0,6.7,22.45,-5.45,sdg,2024
3,Sun,September 22,1:00PM ET,boxscore,L,,2-1,@,Pittsburgh Steelers,10.0,20.0,10.0,166.0,105.0,61.0,,20.0,346.0,232.0,114.0,1.0,-6.58,-10.48,4.19,sdg,2024
4,Sun,September 29,4:25PM ET,boxscore,L,,2-2,,Kansas City Chiefs,10.0,17.0,12.0,224.0,169.0,55.0,,16.0,329.0,228.0,101.0,2.0,-10.62,4.0,-0.87,sdg,2024
5,,,,,,,,,Bye Week,,,,,,,,,,,,,,,,sdg,2024
6,Sun,October 13,4:05PM ET,preview,,,,@,Denver Broncos,0.0,,,,,,,,,,,,,,,sdg,2024
7,Mon,October 21,9:00PM ET,preview,,,,@,Arizona Cardinals,0.0,,,,,,,,,,,,,,,sdg,2024
8,Sun,October 27,4:05PM ET,preview,,,,,New Orleans Saints,0.0,,,,,,,,,,,,,,,sdg,2024
9,Sun,November 3,1:00PM ET,preview,,,,@,Cleveland Browns,0.0,,,,,,,,,,,,,,,sdg,2024
10,Sun,November 10,4:05PM ET,preview,,,,,Tennessee Titans,0.0,,,,,,,,,,,,,,,sdg,2024
11,Sun,November 17,4:25PM ET,preview,,,,,Cincinnati Bengals,0.0,,,,,,,,,,,,,,,sdg,2024
12,Mon,November 25,8:15PM ET,preview,,,,,Baltimore Ravens,0.0,,,,,,,,,,,,,,,sdg,2024
13,Sun,December 1,1:00PM ET,preview,,,,@,Atlanta Falcons,0.0,,,,,,,,,,,,,,,sdg,2024
14,Sun,December 8,8:20PM ET,preview,,,,@,Kansas City Chiefs,0.0,,,,,,,,,,,,,,,sdg,2024
15,Sun,December 15,4:25PM ET,preview,,,,,Tampa Bay Buccaneers,0.0,,,,,,,,,,,,,,,sdg,2024
16,Sun,December 22,4:05PM ET,preview,,,,,Denver Broncos,0.0,,,,,,,,,,,,,,,sdg,2024
17,Sun,December 29,1:00PM ET,preview,,,,@,New England Patriots,0.0,,,,,,,,,,,,,,,sdg,2024
18,Sun,January 5,1:00PM ET,preview,,,,@,Las Vegas Raiders,0.0,,,,,,,,,,,,,,,sdg,2024
1,Sun,September 8,1:00PM ET,boxscore,L,,0-1,@,Buffalo Bills,28.0,34.0,18.0,270.0,146.0,124.0,1.0,23.0,352.0,222.0,130.0,1.0,3.22,-13.51,2.25,crd,2024
2,Sun,September 15,4:05PM ET,boxscore,W,,1-1,,Los Angeles Rams,41.0,10.0,24.0,489.0,258.0,231.0,1.0,14.0,245.0,192.0,53.0,1.0,26.58,8.89,-4.42,crd,2024
3,Sun,September 22,4:25PM ET,boxscore,L,,1-2,,Detroit Lions,13.0,20.0,17.0,277.0,200.0,77.0,1.0,23.0,373.0,186.0,187.0,1.0,-5.25,-5.52,2.55,crd,2024
4,Sun,September 29,4:05PM ET,boxscore,L,,1-3,,Washington Commanders,14.0,42.0,17.0,296.0,115.0,181.0,1.0,29.0,449.0,233.0,216.0,1.0,2.67,-31.77,5.34,crd,2024
5,Sun,October 6,4:05PM ET,preview,,,,@,San Francisco 49ers,0.0,,,,,,,,,,,,,,,crd,2024
6,Sun,October 13,1:00PM ET,preview,,,,@,Green Bay Packers,0.0,,,,,,,,,,,,,,,crd,2024
7,Mon,October 21,9:00PM ET,preview,,,,,Los Angeles Chargers,0.0,,,,,,,,,,,,,,,crd,2024
8,Sun,October 27,1:00PM ET,preview,,,,@,Miami Dolphins,0.0,,,,,,,,,,,,,,,crd,2024
9,Sun,November 3,4:05PM ET,preview,,,,,Chicago Bears,0.0,,,,,,,,,,,,,,,crd,2024
10,Sun,November 10,4:25PM ET,preview,,,,,New York Jets,0.0,,,,,,,,,,,,,,,crd,2024
11,,,,,,,,,Bye Week,,,,,,,,,,,,,,,,crd,2024
12,Sun,November 24,4:25PM ET,preview,,,,@,Seattle Seahawks,0.0,,,,,,,,,,,,,,,crd,2024
13,Sun,December 1,1:00PM ET,preview,,,,@,Minnesota Vikings,0.0,,,,,,,,,,,,,,,crd,2024
14,Sun,December 8,4:05PM ET,preview,,,,,Seattle Seahawks,0.0,,,,,,,,,,,,,,,crd,2024
15,Sun,December 15,4:25PM ET,preview,,,,,New England Patriots,0.0,,,,,,,,,,,,,,,crd,2024
16,Sun,December 22,1:00PM ET,preview,,,,@,Carolina Panthers,0.0,,,,,,,,,,,,,,,crd,2024
17,Sun,December 29,1:00PM ET,preview,,,,@,Los Angeles Rams,0.0,,,,,,,,,,,,,,,crd,2024
18,Sun,January 5,1:00PM ET,preview,,,,,San Francisco 49ers,0.0,,,,,,,,,,,,,,,crd,2024
1,Sun,September 8,8:20PM ET,boxscore,L,OT,0-1,@,Detroit Lions,20.0,26.0,26.0,387.0,304.0,83.0,1.0,21.0,363.0,200.0,163.0,1.0,8.78,-9.52,-3.9,ram,2024
2,Sun,September 15,4:05PM ET,boxscore,L,,0-2,@,Arizona Cardinals,10.0,41.0,14.0,245.0,192.0,53.0,1.0,24.0,489.0,258.0,231.0,1.0,-8.89,-26.58,4.42,ram,2024
3,Sun,September 22,4:25PM ET,boxscore,W,,1-2,,San Francisco 49ers,27.0,24.0,19.0,296.0,198.0,98.0,,25.0,425.0,288.0,137.0,1.0,15.13,-19.1,3.14,ram,2024
4,Sun,September 29,1:00PM ET,boxscore,L,,1-3,@,Chicago Bears,18.0,24.0,21.0,322.0,203.0,119.0,2.0,17.0,264.0,133.0,131.0,,-0.67,-5.29,-3.65,ram,2024
5,Sun,October 6,4:25PM ET,preview,,,,,Green Bay Packers,0.0,,,,,,,,,,,,,,,ram,2024
6,,,,,,,,,Bye Week,,,,,,,,,,,,,,,,ram,2024
7,Sun,October 20,4:05PM ET,preview,,,,,Las Vegas Raiders,0.0,,,,,,,,,,,,,,,ram,2024
8,Thu,October 24,8:15PM ET,preview,,,,,Minnesota Vikings,0.0,,,,,,,,,,,,,,,ram,2024
9,Sun,November 3,4:25PM ET,preview,,,,@,Seattle Seahawks,0.0,,,,,,,,,,,,,,,ram,2024
10,Mon,November 11,8:15PM ET,preview,,,,,Miami Dolphins,0.0,,,,,,,,,,,,,,,ram,2024
11,Sun,November 17,1:00PM ET,preview,,,,@,New England Patriots,0.0,,,,,,,,,,,,,,,ram,2024
12,Sun,November 24,8:20PM ET,preview,,,,,Philadelphia Eagles,0.0,,,,,,,,,,,,,,,ram,2024
13,Sun,December 1,4:05PM ET,preview,,,,@,New Orleans Saints,0.0,,,,,,,,,,,,,,,ram,2024
14,Sun,December 8,4:25PM ET,preview,,,,,Buffalo Bills,0.0,,,,,,,,,,,,,,,ram,2024
15,Thu,December 12,8:15PM ET,preview,,,,@,San Francisco 49ers,0.0,,,,,,,,,,,,,,,ram,2024
16,Sun,December 22,1:00PM ET,preview,,,,@,New York Jets,0.0,,,,,,,,,,,,,,,ram,2024
17,Sun,December 29,1:00PM ET,preview,,,,,Arizona Cardinals,0.0,,,,,,,,,,,,,,,ram,2024
18,Sun,January 5,1:00PM ET,preview,,,,,Seattle Seahawks,0.0,,,,,,,,,,,,,,,ram,2024
1,Fri,September 6,8:15PM ET,boxscore,W,,1-0,,Green Bay Packers,34.0,29.0,25.0,410.0,266.0,144.0,3.0,19.0,414.0,251.0,163.0,1.0,11.27,-10.53,4.39,phi,2024
2,Mon,September 16,8:15PM ET,boxscore,L,,1-1,,Atlanta Falcons,21.0,22.0,22.0,365.0,179.0,186.0,1.0,22.0,385.0,233.0,152.0,,7.13,-8.72,1.28,phi,2024
3,Sun,September 22,1:00PM ET,boxscore,W,,2-1,@,New Orleans Saints,15.0,12.0,20.0,460.0,288.0,172.0,2.0,12.0,219.0,130.0,89.0,1.0,3.12,8.47,-8.68,phi,2024
4,Sun,September 29,1:00PM ET,boxscore,L,,2-2,@,Tampa Bay Buccaneers,16.0,33.0,16.0,227.0,114.0,113.0,2.0,29.0,445.0,334.0,111.0,,-4.13,-21.36,1.43,phi,2024
5,,,,,,,,,Bye Week,,,,,,,,,,,,,,,,phi,2024
6,Sun,October 13,1:00PM ET,preview,,,,,Cleveland Browns,0.0,,,,,,,,,,,,,,,phi,2024
7,Sun,October 20,1:00PM ET,preview,,,,@,New York Giants,0.0,,,,,,,,,,,,,,,phi,2024
8,Sun,October 27,4:25PM ET,preview,,,,@,Cincinnati Bengals,0.0,,,,,,,,,,,,,,,phi,2024
9,Sun,November 3,8:20PM ET,preview,,,,,Jacksonville Jaguars,0.0,,,,,,,,,,,,,,,phi,2024
10,Sun,November 10,4:25PM ET,preview,,,,@,Dallas Cowboys,0.0,,,,,,,,,,,,,,,phi,2024
11,Thu,November 14,8:15PM ET,preview,,,,,Washington Commanders,0.0,,,,,,,,,,,,,,,phi,2024
12,Sun,November 24,8:20PM ET,preview,,,,@,Los Angeles Rams,0.0,,,,,,,,,,,,,,,phi,2024
13,Sun,December 1,4:25PM ET,preview,,,,@,Baltimore Ravens,0.0,,,,,,,,,,,,,,,phi,2024
14,Sun,December 8,1:00PM ET,preview,,,,,Carolina Panthers,0.0,,,,,,,,,,,,,,,phi,2024
15,Sun,December 15,4:25PM ET,preview,,,,,Pittsburgh Steelers,0.0,,,,,,,,,,,,,,,phi,2024
16,Sun,December 22,1:00PM ET,preview,,,,@,Washington Commanders,0.0,,,,,,,,,,,,,,,phi,2024
17,Sun,December 29,4:25PM ET,preview,,,,,Dallas Cowboys,0.0,,,,,,,,,,,,,,,phi,2024
18,Sun,January 5,1:00PM ET,preview,,,,,New York Giants,0.0,,,,,,,,,,,,,,,phi,2024
1,Sun,September 8,1:00PM ET,boxscore,L,,0-1,,Houston Texans,27.0,29.0,14.0,303.0,199.0,104.0,1.0,26.0,417.0,204.0,213.0,,7.56,-16.76,2.53,clt,2024
2,Sun,September 15,1:00PM ET,boxscore,L,,0-2,@,Green Bay Packers,10.0,16.0,19.0,338.0,198.0,140.0,3.0,19.0,383.0,122.0,261.0,1.0,-1.85,-3.59,-1.56,clt,2024
3,Sun,September 22,1:00PM ET,boxscore,W,,1-2,,Chicago Bears,21.0,16.0,15.0,306.0,156.0,150.0,2.0,26.0,395.0,332.0,63.0,3.0,-2.98,6.47,2.36,clt,2024
4,Sun,September 29,1:00PM ET,boxscore,W,,2-2,,Pittsburgh Steelers,27.0,24.0,22.0,358.0,225.0,133.0,,23.0,404.0,282.0,122.0,2.0,12.91,-2.8,-4.94,clt,2024
5,Sun,October 6,1:00PM ET,preview,,,,@,Jacksonville Jaguars,0.0,,,,,,,,,,,,,,,clt,2024
6,Sun,October 13,1:00PM ET,preview,,,,@,Tennessee Titans,0.0,,,,,,,,,,,,,,,clt,2024
7,Sun,October 20,1:00PM ET,preview,,,,,Miami Dolphins,0.0,,,,,,,,,,,,,,,clt,2024
8,Sun,October 27,1:00PM ET,preview,,,,@,Houston Texans,0.0,,,,,,,,,,,,,,,clt,2024
9,Sun,November 3,1:00PM ET,preview,,,,@,Minnesota Vikings,0.0,,,,,,,,,,,,,,,clt,2024
10,Sun,November 10,1:00PM ET,preview,,,,,Buffalo Bills,0.0,,,,,,,,,,,,,,,clt,2024
11,Sun,November 17,8:20PM ET,preview,,,,@,New York Jets,0.0,,,,,,,,,,,,,,,clt,2024
12,Sun,November 24,1:00PM ET,preview,,,,,Detroit Lions,0.0,,,,,,,,,,,,,,,clt,2024
13,Sun,December 1,1:00PM ET,preview,,,,@,New England Patriots,0.0,,,,,,,,,,,,,,,clt,2024
14,,,,,,,,,Bye Week,,,,,,,,,,,,,,,,clt,2024
15,Sun,December 15,4:25PM ET,preview,,,,@,Denver Broncos,0.0,,,,,,,,,,,,,,,clt,2024
16,Sun,December 22,1:00PM ET,preview,,,,,Tennessee Titans,0.0,,,,,,,,,,,,,,,clt,2024
17,Sun,December 29,1:00PM ET,preview,,,,@,New York Giants,0.0,,,,,,,,,,,,,,,clt,2024
18,Sun,January 5,1:00PM ET,preview,,,,,Jacksonville Jaguars,0.0,,,,,,,,,,,,,,,clt,2024
1,Sun,September 8,1:00PM ET,boxscore,W,,1-0,,Jacksonville Jaguars,20.0,17.0,18.0,400.0,319.0,81.0,,17.0,267.0,139.0,128.0,1.0,5.83,4.76,-7.59,mia,2024
2,Thu,September 12,8:15PM ET,boxscore,L,,1-1,,Buffalo Bills,10.0,31.0,20.0,351.0,212.0,139.0,3.0,13.0,247.0,139.0,108.0,,-14.11,-8.59,2.53,mia,2024
3,Sun,September 22,4:05PM ET,boxscore,L,,1-2,@,Seattle Seahawks,3.0,24.0,13.0,205.0,140.0,65.0,,21.0,370.0,270.0,100.0,2.0,-20.39,-0.77,1.24,mia,2024
4,Mon,September 30,7:30PM ET,boxscore,L,,1-3,,Tennessee Titans,12.0,31.0,13.0,184.0,78.0,106.0,1.0,16.0,244.0,102.0,142.0,1.0,-18.65,4.49,-4.18,mia,2024
5,Sun,October 6,1:00PM ET,preview,,,,@,New England Patriots,0.0,,,,,,,,,,,,,,,mia,2024
6,,,,,,,,,Bye Week,,,,,,,,,,,,,,,,mia,2024
7,Sun,October 20,1:00PM ET,preview,,,,@,Indianapolis Colts,0.0,,,,,,,,,,,,,,,mia,2024
8,Sun,October 27,1:00PM ET,preview,,,,,Arizona Cardinals,0.0,,,,,,,,,,,,,,,mia,2024
9,Sun,November 3,1:00PM ET,preview,,,,@,Buffalo Bills,0.0,,,,,,,,,,,,,,,mia,2024
10,Mon,November 11,8:15PM ET,preview,,,,@,Los Angeles Rams,0.0,,,,,,,,,,,,,,,mia,2024
11,Sun,November 17,1:00PM ET,preview,,,,,Las Vegas Raiders,0.0,,,,,,,,,,,,,,,mia,2024
12,Sun,November 24,1:00PM ET,preview,,,,,New England Patriots,0.0,,,,,,,,,,,,,,,mia,2024
13,Thu,November 28,8:20PM ET,preview,,,,@,Green Bay Packers,0.0,,,,,,,,,,,,,,,mia,2024
14,Sun,December 8,1:00PM ET,preview,,,,,New York Jets,0.0,,,,,,,,,,,,,,,mia,2024
15,Sun,December 15,1:00PM ET,preview,,,,@,Houston Texans,0.0,,,,,,,,,,,,,,,mia,2024
16,Sun,December 22,4:25PM ET,preview,,,,,San Francisco 49ers,0.0,,,,,,,,,,,,,,,mia,2024
17,Sun,December 29,8:20PM ET,preview,,,,@,Cleveland Browns,0.0,,,,,,,,,,,,,,,mia,2024
18,Sun,January 5,1:00PM ET,preview,,,,@,New York Jets,0.0,,,,,,,,,,,,,,,mia,2024
1,Sun,September 8,1:00PM ET,boxscore,L,,0-1,,New England Patriots,10.0,16.0,13.0,224.0,154.0,70.0,2.0,17.0,290.0,120.0,170.0,,-3.62,-0.36,-2.22,cin,2024
2,Sun,September 15,4:25PM ET,boxscore,L,,0-2,@,Kansas City Chiefs,25.0,26.0,18.0,320.0,246.0,74.0,1.0,19.0,286.0,137.0,149.0,3.0,0.29,-0.08,-0.99,cin,2024
3,Mon,September 23,8:15PM ET,boxscore,L,,0-3,,Washington Commanders,33.0,38.0,30.0,436.0,312.0,124.0,,22.0,356.0,248.0,108.0,,27.31,-27.28,-8.79,cin,2024
4,Sun,September 29,1:00PM ET,boxscore,W,,1-3,@,Carolina Panthers,34.0,24.0,24.0,373.0,232.0,141.0,1.0,24.0,375.0,220.0,155.0,1.0,13.19,-6.2,0.49,cin,2024
5,Sun,October 6,1:00PM ET,preview,,,,,Baltimore Ravens,0.0,,,,,,,,,,,,,,,cin,2024
6,Sun,October 13,8:20PM ET,preview,,,,@,New York Giants,0.0,,,,,,,,,,,,,,,cin,2024
7,Sun,October 20,1:00PM ET,preview,,,,@,Cleveland Browns,0.0,,,,,,,,,,,,,,,cin,2024
8,Sun,October 27,4:25PM ET,preview,,,,,Philadelphia Eagles,0.0,,,,,,,,,,,,,,,cin,2024
9,Sun,November 3,1:00PM ET,preview,,,,,Las Vegas Raiders,0.0,,,,,,,,,,,,,,,cin,2024
10,Thu,November 7,8:15PM ET,preview,,,,@,Baltimore Ravens,0.0,,,,,,,,,,,,,,,cin,2024
11,Sun,November 17,4:25PM ET,preview,,,,@,Los Angeles Chargers,0.0,,,,,,,,,,,,,,,cin,2024
12,,,,,,,,,Bye Week,,,,,,,,,,,,,,,,cin,2024
13,Sun,December 1,1:00PM ET,preview,,,,,Pittsburgh Steelers,0.0,,,,,,,,,,,,,,,cin,2024
14,Mon,December 9,8:15PM ET,preview,,,,@,Dallas Cowboys,0.0,,,,,,,,,,,,,,,cin,2024
15,Sun,December 15,1:00PM ET,preview,,,,@,Tennessee Titans,0.0,,,,,,,,,,,,,,,cin,2024
16,Thu,December 19,8:15PM ET,preview,,,,,Cleveland Browns,0.0,,,,,,,,,,,,,,,cin,2024
17,Sun,December 29,1:00PM ET,preview,,,,,Denver Broncos,0.0,,,,,,,,,,,,,,,cin,2024
18,Sun,January 5,1:00PM ET,preview,,,,@,Pittsburgh Steelers,0.0,,,,,,,,,,,,,,,cin,2024
1,Sun,September 8,4:05PM ET,boxscore,L,,0-1,@,Seattle Seahawks,20.0,26.0,13.0,231.0,132.0,99.0,3.0,19.0,304.0,158.0,146.0,2.0,-19.83,3.15,11.19,den,2024
2,Sun,September 15,4:25PM ET,boxscore,L,,0-2,,Pittsburgh Steelers,6.0,13.0,13.0,295.0,231.0,64.0,2.0,16.0,251.0,110.0,141.0,,-6.86,1.2,1.25,den,2024
3,Sun,September 22,1:00PM ET,boxscore,W,,1-2,@,Tampa Bay Buccaneers,26.0,7.0,18.0,352.0,216.0,136.0,1.0,17.0,223.0,132.0,91.0,2.0,3.34,13.68,-0.75,den,2024
4,Sun,September 29,1:00PM ET,boxscore,W,,2-2,@,New York Jets,10.0,9.0,12.0,186.0,60.0,126.0,1.0,16.0,248.0,184.0,64.0,1.0,-15.24,17.17,-1.09,den,2024
5,Sun,October 6,4:05PM ET,preview,,,,,Las Vegas Raiders,0.0,,,,,,,,,,,,,,,den,2024
6,Sun,October 13,4:05PM ET,preview,,,,,Los Angeles Chargers,0.0,,,,,,,,,,,,,,,den,2024
7,Thu,October 17,8:15PM ET,preview,,,,@,New Orleans Saints,0.0,,,,,,,,,,,,,,,den,2024
8,Sun,October 27,4:25PM ET,preview,,,,,Carolina Panthers,0.0,,,,,,,,,,,,,,,den,2024
9,Sun,November 3,1:00PM ET,preview,,,,@,Baltimore Ravens,0.0,,,,,,,,,,,,,,,den,2024
10,Sun,November 10,1:00PM ET,preview,,,,@,Kansas City Chiefs,0.0,,,,,,,,,,,,,,,den,2024
11,Sun,November 17,4:05PM ET,preview,,,,,Atlanta Falcons,0.0,,,,,,,,,,,,,,,den,2024
12,Sun,November 24,4:05PM ET,preview,,,,@,Las Vegas Raiders,0.0,,,,,,,,,,,,,,,den,2024
13,Mon,December 2,8:15PM ET,preview,,,,,Cleveland Browns,0.0,,,,,,,,,,,,,,,den,2024
14,,,,,,,,,Bye Week,,,,,,,,,,,,,,,,den,2024
15,Sun,December 15,4:25PM ET,preview,,,,,Indianapolis Colts,0.0,,,,,,,,,,,,,,,den,2024
16,Sun,December 22,4:05PM ET,preview,,,,@,Los Angeles Chargers,0.0,,,,,,,,,,,,,,,den,2024
17,Sun,December 29,1:00PM ET,preview,,,,@,Cincinnati Bengals,0.0,,,,,,,,,,,,,,,den,2024
18,Sun,January 5,1:00PM ET,preview,,,,,Kansas City Chiefs,0.0,,,,,,,,,,,,,,,den,2024
1,Sun,September 8,4:25PM ET,boxscore,L,,0-1,@,Tampa Bay Buccaneers,20.0,37.0,22.0,299.0,161.0,138.0,,22.0,392.0,280.0,112.0,,9.77,-22.08,-6.66,was,2024
2,Sun,September 15,1:00PM ET,boxscore,W,,1-1,,New York Giants,21.0,18.0,22.0,425.0,210.0,215.0,,18.0,304.0,175.0,129.0,1.0,11.88,-6.93,0.31,was,2024
3,Mon,September 23,8:15PM ET,boxscore,W,,2-1,@,Cincinnati Bengals,38.0,33.0,22.0,356.0,248.0,108.0,,30.0,436.0,312.0,124.0,,27.28,-27.31,8.79,was,2024
4,Sun,September 29,4:05PM ET,boxscore,W,,3-1,@,Arizona Cardinals,42.0,14.0,29.0,449.0,233.0,216.0,1.0,17.0,296.0,115.0,181.0,1.0,31.77,-2.67,-5.34,was,2024
5,Sun,October 6,1:00PM ET,preview,,,,,Cleveland Browns,0.0,,,,,,,,,,,,,,,was,2024
6,Sun,October 13,1:00PM ET,preview,,,,@,Baltimore Ravens,0.0,,,,,,,,,,,,,,,was,2024
7,Sun,October 20,4:05PM ET,preview,,,,,Carolina Panthers,0.0,,,,,,,,,,,,,,,was,2024
8,Sun,October 27,1:00PM ET,preview,,,,,Chicago Bears,0.0,,,,,,,,,,,,,,,was,2024
9,Sun,November 3,1:00PM ET,preview,,,,@,New York Giants,0.0,,,,,,,,,,,,,,,was,2024
10,Sun,November 10,1:00PM ET,preview,,,,,Pittsburgh Steelers,0.0,,,,,,,,,,,,,,,was,2024
11,Thu,November 14,8:15PM ET,preview,,,,@,Philadelphia Eagles,0.0,,,,,,,,,,,,,,,was,2024
12,Sun,November 24,1:00PM ET,preview,,,,,Dallas Cowboys,0.0,,,,,,,,,,,,,,,was,2024
13,Sun,December 1,1:00PM ET,preview,,,,,Tennessee Titans,0.0,,,,,,,,,,,,,,,was,2024
14,,,,,,,,,Bye Week,,,,,,,,,,,,,,,,was,2024
15,Sun,December 15,1:00PM ET,preview,,,,@,New Orleans Saints,0.0,,,,,,,,,,,,,,,was,2024
16,Sun,December 22,1:00PM ET,preview,,,,,Philadelphia Eagles,0.0,,,,,,,,,,,,,,,was,2024
17,Sun,December 29,1:00PM ET,preview,,,,,Atlanta Falcons,0.0,,,,,,,,,,,,,,,was,2024
18,Sun,January 5,1:00PM ET,preview,,,,@,Dallas Cowboys,0.0,,,,,,,,,,,,,,,was,2024
1,Sun,September 8,4:25PM ET,boxscore,W,,1-0,,Washington Commanders,37.0,20.0,22.0,392.0,280.0,112.0,,22.0,299.0,161.0,138.0,,22.08,-9.77,6.66,tam,2024
2,Sun,September 15,1:00PM ET,boxscore,W,,2-0,@,Detroit Lions,20.0,16.0,14.0,216.0,146.0,70.0,1.0,26.0,463.0,324.0,139.0,2.0,0.1,-3.18,4.12,tam,2024
3,Sun,September 22,1:00PM ET,boxscore,L,,2-1,,Denver Broncos,7.0,26.0,17.0,223.0,132.0,91.0,2.0,18.0,352.0,216.0,136.0,1.0,-13.68,-3.34,0.75,tam,2024
4,Sun,September 29,1:00PM ET,boxscore,W,,3-1,,Philadelphia Eagles,33.0,16.0,29.0,445.0,334.0,111.0,,16.0,227.0,114.0,113.0,2.0,21.36,4.13,-1.43,tam,2024
5,Thu,October 3,8:15PM ET,preview,,,,@,Atlanta Falcons,0.0,,,,,,,,,,,,,,,tam,2024
6,Sun,October 13,1:00PM ET,preview,,,,@,New Orleans Saints,0.0,,,,,,,,,,,,,,,tam,2024
7,Mon,October 21,8:15PM ET,preview,,,,,Baltimore Ravens,0.0,,,,,,,,,,,,,,,tam,2024
8,Sun,October 27,1:00PM ET,preview,,,,,Atlanta Falcons,0.0,,,,,,,,,,,,,,,tam,2024
9,Mon,November 4,8:15PM ET,preview,,,,@,Kansas City Chiefs,0.0,,,,,,,,,,,,,,,tam,2024
10,Sun,November 10,1:00PM ET,preview,,,,,San Francisco 49ers,0.0,,,,,,,,,,,,,,,tam,2024
11,,,,,,,,,Bye Week,,,,,,,,,,,,,,,,tam,2024
12,Sun,November 24,1:00PM ET,preview,,,,@,New York Giants,0.0,,,,,,,,,,,,,,,tam,2024
13,Sun,December 1,4:05PM ET,preview,,,,@,Carolina Panthers,0.0,,,,,,,,,,,,,,,tam,2024
14,Sun,December 8,1:00PM ET,preview,,,,,Las Vegas Raiders,0.0,,,,,,,,,,,,,,,tam,2024
15,Sun,December 15,4:25PM ET,preview,,,,@,Los Angeles Chargers,0.0,,,,,,,,,,,,,,,tam,2024
16,Sun,December 22,8:20PM ET,preview,,,,@,Dallas Cowboys,0.0,,,,,,,,,,,,,,,tam,2024
17,Sun,December 29,1:00PM ET,preview,,,,,Carolina Panthers,0.0,,,,,,,,,,,,,,,tam,2024
18,Sun,January 5,1:00PM ET,preview,,,,,New Orleans Saints,0.0,,,,,,,,,,,,,,,tam,2024
1,Sun,September 8,1:00PM ET,boxscore,L,,0-1,@,Chicago Bears,17.0,24.0,16.0,244.0,104.0,140.0,3.0,11.0,148.0,64.0,84.0,1.0,-15.2,12.59,-2.68,oti,2024
2,Sun,September 15,1:00PM ET,boxscore,L,,0-2,,New York Jets,17.0,24.0,20.0,300.0,170.0,130.0,2.0,16.0,265.0,164.0,101.0,,1.62,-5.83,-1.94,oti,2024
3,Sun,September 22,1:00PM ET,boxscore,L,,0-3,,Green Bay Packers,14.0,30.0,18.0,237.0,204.0,33.0,3.0,16.0,378.0,190.0,188.0,,-9.81,-4.57,0.24,oti,2024
4,Mon,September 30,7:30PM ET,boxscore,W,,1-3,@,Miami Dolphins,31.0,12.0,16.0,244.0,102.0,142.0,1.0,13.0,184.0,78.0,106.0,1.0,-4.49,18.65,4.18,oti,2024
5,,,,,,,,,Bye Week,,,,,,,,,,,,,,,,oti,2024
6,Sun,October 13,1:00PM ET,preview,,,,,Indianapolis Colts,0.0,,,,,,,,,,,,,,,oti,2024
7,Sun,October 20,1:00PM ET,preview,,,,@,Buffalo Bills,0.0,,,,,,,,,,,,,,,oti,2024
8,Sun,October 27,1:00PM ET,preview,,,,@,Detroit Lions,0.0,,,,,,,,,,,,,,,oti,2024
9,Sun,November 3,1:00PM ET,preview,,,,,New England Patriots,0.0,,,,,,,,,,,,,,,oti,2024
10,Sun,November 10,4:05PM ET,preview,,,,@,Los Angeles Chargers,0.0,,,,,,,,,,,,,,,oti,2024
11,Sun,November 17,1:00PM ET,preview,,,,,Minnesota Vikings,0.0,,,,,,,,,,,,,,,oti,2024
12,Sun,November 24,1:00PM ET,preview,,,,@,Houston Texans,0.0,,,,,,,,,,,,,,,oti,2024
13,Sun,December 1,1:00PM ET,preview,,,,@,Washington Commanders,0.0,,,,,,,,,,,,,,,oti,2024
14,Sun,December 8,1:00PM ET,preview,,,,,Jacksonville Jaguars,0.0,,,,,,,,,,,,,,,oti,2024
15,Sun,December 15,1:00PM ET,preview,,,,,Cincinnati Bengals,0.0,,,,,,,,,,,,,,,oti,2024
16,Sun,December 22,1:00PM ET,preview,,,,@,Indianapolis Colts,0.0,,,,,,,,,,,,,,,oti,2024
17,Sun,December 29,1:00PM ET,preview,,,,@,Jacksonville Jaguars,0.0,,,,,,,,,,,,,,,oti,2024
18,Sun,January 5,1:00PM ET,preview,,,,,Houston Texans,0.0,,,,,,,,,,,,,,,oti,2024
1,Thu,September 5,8:20PM ET,boxscore,L,,0-1,@,Kansas City Chiefs,20.0,27.0,25.0,452.0,267.0,185.0,1.0,21.0,353.0,281.0,72.0,1.0,9.42,-11.81,-2.11,rav,2024
2,Sun,September 15,1:00PM ET,boxscore,L,,0-2,,Las Vegas Raiders,23.0,26.0,21.0,383.0,232.0,151.0,1.0,18.0,260.0,233.0,27.0,1.0,6.12,0.5,-6.24,rav,2024
3,Sun,September 22,4:25PM ET,boxscore,W,,1-2,@,Dallas Cowboys,28.0,25.0,24.0,456.0,182.0,274.0,,26.0,412.0,361.0,51.0,1.0,20.98,-8.34,-5.94,rav,2024
4,Sun,September 29,8:20PM ET,boxscore,W,,2-2,,Buffalo Bills,35.0,10.0,22.0,427.0,156.0,271.0,1.0,12.0,236.0,155.0,81.0,1.0,19.69,6.92,-2.37,rav,2024
5,Sun,October 6,1:00PM ET,preview,,,,@,Cincinnati Bengals,0.0,,,,,,,,,,,,,,,rav,2024
6,Sun,October 13,1:00PM ET,preview,,,,,Washington Commanders,0.0,,,,,,,,,,,,,,,rav,2024
7,Mon,October 21,8:15PM ET,preview,,,,@,Tampa Bay Buccaneers,0.0,,,,,,,,,,,,,,,rav,2024
8,Sun,October 27,1:00PM ET,preview,,,,@,Cleveland Browns,0.0,,,,,,,,,,,,,,,rav,2024
9,Sun,November 3,1:00PM ET,preview,,,,,Denver Broncos,0.0,,,,,,,,,,,,,,,rav,2024
10,Thu,November 7,8:15PM ET,preview,,,,,Cincinnati Bengals,0.0,,,,,,,,,,,,,,,rav,2024
11,Sun,November 17,1:00PM ET,preview,,,,@,Pittsburgh Steelers,0.0,,,,,,,,,,,,,,,rav,2024
12,Mon,November 25,8:15PM ET,preview,,,,@,Los Angeles Chargers,0.0,,,,,,,,,,,,,,,rav,2024
13,Sun,December 1,4:25PM ET,preview,,,,,Philadelphia Eagles,0.0,,,,,,,,,,,,,,,rav,2024
14,,,,,,,,,Bye Week,,,,,,,,,,,,,,,,rav,2024
15,Sun,December 15,1:00PM ET,preview,,,,@,New York Giants,0.0,,,,,,,,,,,,,,,rav,2024
16,Sat,December 21,4:30PM ET,preview,,,,,Pittsburgh Steelers,0.0,,,,,,,,,,,,,,,rav,2024
17,Wed,December 25,4:30PM ET,preview,,,,@,Houston Texans,0.0,,,,,,,,,,,,,,,rav,2024
18,Sun,January 5,1:00PM ET,preview,,,,,Cleveland Browns,0.0,,,,,,,,,,,,,,,rav,2024
1,Sun,September 8,1:00PM ET,boxscore,W,,1-0,,Tennessee Titans,24.0,17.0,11.0,148.0,64.0,84.0,1.0,16.0,244.0,104.0,140.0,3.0,-12.59,15.2,2.68,chi,2024
2,Sun,September 15,8:20PM ET,boxscore,L,,1-1,@,Houston Texans,13.0,19.0,15.0,205.0,134.0,71.0,2.0,15.0,310.0,235.0,75.0,1.0,-13.71,7.01,-0.27,chi,2024
3,Sun,September 22,1:00PM ET,boxscore,L,,1-2,@,Indianapolis Colts,16.0,21.0,26.0,395.0,332.0,63.0,3.0,15.0,306.0,156.0,150.0,2.0,-6.47,2.98,-2.36,chi,2024
4,Sun,September 29,1:00PM ET,boxscore,W,,2-2,,Los Angeles Rams,24.0,18.0,17.0,264.0,133.0,131.0,,21.0,322.0,203.0,119.0,2.0,5.29,0.67,3.65,chi,2024
5,Sun,October 6,1:00PM ET,preview,,,,,Carolina Panthers,0.0,,,,,,,,,,,,,,,chi,2024
6,Sun,October 13,9:30AM ET,preview,,,,,Jacksonville Jaguars,0.0,,,,,,,,,,,,,,,chi,2024
7,,,,,,,,,Bye Week,,,,,,,,,,,,,,,,chi,2024
8,Sun,October 27,1:00PM ET,preview,,,,@,Washington Commanders,0.0,,,,,,,,,,,,,,,chi,2024
9,Sun,November 3,4:05PM ET,preview,,,,@,Arizona Cardinals,0.0,,,,,,,,,,,,,,,chi,2024
10,Sun,November 10,1:00PM ET,preview,,,,,New England Patriots,0.0,,,,,,,,,,,,,,,chi,2024
11,Sun,November 17,1:00PM ET,preview,,,,,Green Bay Packers,0.0,,,,,,,,,,,,,,,chi,2024
12,Sun,November 24,1:00PM ET,preview,,,,,Minnesota Vikings,0.0,,,,,,,,,,,,,,,chi,2024
13,Thu,November 28,12:30PM ET,preview,,,,@,Detroit Lions,0.0,,,,,,,,,,,,,,,chi,2024
14,Sun,December 8,4:25PM ET,preview,,,,@,San Francisco 49ers,0.0,,,,,,,,,,,,,,,chi,2024
15,Mon,December 16,8:00PM ET,preview,,,,@,Minnesota Vikings,0.0,,,,,,,,,,,,,,,chi,2024
16,Sun,December 22,1:00PM ET,preview,,,,,Detroit Lions,0.0,,,,,,,,,,,,,,,chi,2024
17,Thu,December 26,8:15PM ET,preview,,,,,Seattle Seahawks,0.0,,,,,,,,,,,,,,,chi,2024
18,Sun,January 5,1:00PM ET,preview,,,,@,Green Bay Packers,0.0,,,,,,,,,,,,,,,chi,2024
1,Sun,September 8,1:00PM ET,boxscore,L,,0-1,@,New Orleans Saints,10.0,47.0,11.0,193.0,135.0,58.0,3.0,22.0,379.0,199.0,180.0,1.0,-17.04,-19.08,0.61,car,2024
2,Sun,September 15,1:00PM ET,boxscore,L,,0-2,,Los Angeles Chargers,3.0,26.0,7.0,159.0,69.0,90.0,1.0,21.0,349.0,130.0,219.0,2.0,-22.45,-6.7,5.45,car,2024
3,Sun,September 22,4:05PM ET,boxscore,W,,1-2,@,Las Vegas Raiders,36.0,22.0,24.0,437.0,306.0,131.0,,20.0,331.0,276.0,55.0,1.0,15.32,-1.38,-0.97,car,2024
4,Sun,September 29,1:00PM ET,boxscore,L,,1-3,,Cincinnati Bengals,24.0,34.0,24.0,375.0,220.0,155.0,1.0,24.0,373.0,232.0,141.0,1.0,6.2,-13.19,-0.49,car,2024
5,Sun,October 6,1:00PM ET,preview,,,,@,Chicago Bears,0.0,,,,,,,,,,,,,,,car,2024
6,Sun,October 13,4:25PM ET,preview,,,,,Atlanta Falcons,0.0,,,,,,,,,,,,,,,car,2024
7,Sun,October 20,4:05PM ET,preview,,,,@,Washington Commanders,0.0,,,,,,,,,,,,,,,car,2024
8,Sun,October 27,4:25PM ET,preview,,,,@,Denver Broncos,0.0,,,,,,,,,,,,,,,car,2024
9,Sun,November 3,1:00PM ET,preview,,,,,New Orleans Saints,0.0,,,,,,,,,,,,,,,car,2024
10,Sun,November 10,9:30AM ET,preview,,,,,New York Giants,0.0,,,,,,,,,,,,,,,car,2024
11,,,,,,,,,Bye Week,,,,,,,,,,,,,,,,car,2024
12,Sun,November 24,1:00PM ET,preview,,,,,Kansas City Chiefs,0.0,,,,,,,,,,,,,,,car,2024
13,Sun,December 1,4:05PM ET,preview,,,,,Tampa Bay Buccaneers,0.0,,,,,,,,,,,,,,,car,2024
14,Sun,December 8,1:00PM ET,preview,,,,@,Philadelphia Eagles,0.0,,,,,,,,,,,,,,,car,2024
15,Sun,December 15,1:00PM ET,preview,,,,,Dallas Cowboys,0.0,,,,,,,,,,,,,,,car,2024
16,Sun,December 22,1:00PM ET,preview,,,,,Arizona Cardinals,0.0,,,,,,,,,,,,,,,car,2024
17,Sun,December 29,1:00PM ET,preview,,,,@,Tampa Bay Buccaneers,0.0,,,,,,,,,,,,,,,car,2024
18,Sun,January 5,1:00PM ET,preview,,,,@,Atlanta Falcons,0.0,,,,,,,,,,,,,,,car,2024
1,Sun,September 8,1:00PM ET,boxscore,W,,1-0,@,Atlanta Falcons,18.0,10.0,16.0,270.0,133.0,137.0,,15.0,226.0,137.0,89.0,3.0,-6.25,13.7,2.05,pit,2024
2,Sun,September 15,4:25PM ET,boxscore,W,,2-0,@,Denver Broncos,13.0,6.0,16.0,251.0,110.0,141.0,,13.0,295.0,231.0,64.0,2.0,-1.2,6.86,-1.25,pit,2024
3,Sun,September 22,1:00PM ET,boxscore,W,,3-0,,Los Angeles Chargers,20.0,10.0,20.0,346.0,232.0,114.0,1.0,10.0,166.0,105.0,61.0,,10.48,6.58,-4.19,pit,2024
4,Sun,September 29,1:00PM ET,boxscore,L,,3-1,@,Indianapolis Colts,24.0,27.0,23.0,404.0,282.0,122.0,2.0,22.0,358.0,225.0,133.0,,2.8,-12.91,4.94,pit,2024
5,Sun,October 6,8:20PM ET,preview,,,,,Dallas Cowboys,0.0,,,,,,,,,,,,,,,pit,2024
6,Sun,October 13,4:05PM ET,preview,,,,@,Las Vegas Raiders,0.0,,,,,,,,,,,,,,,pit,2024
7,Sun,October 20,8:20PM ET,preview,,,,,New York Jets,0.0,,,,,,,,,,,,,,,pit,2024
8,Mon,October 28,8:15PM ET,preview,,,,,New York Giants,0.0,,,,,,,,,,,,,,,pit,2024
9,,,,,,,,,Bye Week,,,,,,,,,,,,,,,,pit,2024
10,Sun,November 10,1:00PM ET,preview,,,,@,Washington Commanders,0.0,,,,,,,,,,,,,,,pit,2024
11,Sun,November 17,1:00PM ET,preview,,,,,Baltimore Ravens,0.0,,,,,,,,,,,,,,,pit,2024
12,Thu,November 21,8:15PM ET,preview,,,,@,Cleveland Browns,0.0,,,,,,,,,,,,,,,pit,2024
13,Sun,December 1,1:00PM ET,preview,,,,@,Cincinnati Bengals,0.0,,,,,,,,,,,,,,,pit,2024
14,Sun,December 8,1:00PM ET,preview,,,,,Cleveland Browns,0.0,,,,,,,,,,,,,,,pit,2024
15,Sun,December 15,4:25PM ET,preview,,,,@,Philadelphia Eagles,0.0,,,,,,,,,,,,,,,pit,2024
16,Sat,December 21,4:30PM ET,preview,,,,@,Baltimore Ravens,0.0,,,,,,,,,,,,,,,pit,2024
17,Wed,December 25,1:00PM ET,preview,,,,,Kansas City Chiefs,0.0,,,,,,,,,,,,,,,pit,2024
18,Sun,January 5,1:00PM ET,preview,,,,,Cincinnati Bengals,0.0,,,,,,,,,,,,,,,pit,2024
1,Sun,September 8,1:00PM ET,boxscore,W,,1-0,@,New York Giants,28.0,6.0,17.0,312.0,201.0,111.0,2.0,14.0,240.0,166.0,74.0,2.0,8.23,21.12,-7.83,min,2024
2,Sun,September 15,1:00PM ET,boxscore,W,,2-0,,San Francisco 49ers,23.0,17.0,17.0,403.0,257.0,146.0,2.0,24.0,396.0,294.0,102.0,2.0,3.76,-0.86,4.39,min,2024
3,Sun,September 22,1:00PM ET,boxscore,W,,3-0,,Houston Texans,34.0,7.0,19.0,274.0,156.0,118.0,,17.0,296.0,258.0,38.0,2.0,12.18,12.45,3.86,min,2024
4,Sun,September 29,1:00PM ET,boxscore,W,,4-0,@,Green Bay Packers,31.0,29.0,22.0,374.0,254.0,120.0,3.0,24.0,465.0,379.0,86.0,4.0,0.52,4.43,-1.45,min,2024
5,Sun,October 6,9:30AM ET,preview,,,,,New York Jets,0.0,,,,,,,,,,,,,,,min,2024
6,,,,,,,,,Bye Week,,,,,,,,,,,,,,,,min,2024
7,Sun,October 20,1:00PM ET,preview,,,,,Detroit Lions,0.0,,,,,,,,,,,,,,,min,2024
8,Thu,October 24,8:15PM ET,preview,,,,@,Los Angeles Rams,0.0,,,,,,,,,,,,,,,min,2024
9,Sun,November 3,1:00PM ET,preview,,,,,Indianapolis Colts,0.0,,,,,,,,,,,,,,,min,2024
10,Sun,November 10,1:00PM ET,preview,,,,@,Jacksonville Jaguars,0.0,,,,,,,,,,,,,,,min,2024
11,Sun,November 17,1:00PM ET,preview,,,,@,Tennessee Titans,0.0,,,,,,,,,,,,,,,min,2024
12,Sun,November 24,1:00PM ET,preview,,,,@,Chicago Bears,0.0,,,,,,,,,,,,,,,min,2024
13,Sun,December 1,1:00PM ET,preview,,,,,Arizona Cardinals,0.0,,,,,,,,,,,,,,,min,2024
14,Sun,December 8,1:00PM ET,preview,,,,,Atlanta Falcons,0.0,,,,,,,,,,,,,,,min,2024
15,Mon,December 16,8:00PM ET,preview,,,,,Chicago Bears,0.0,,,,,,,,,,,,,,,min,2024
16,Sun,December 22,4:05PM ET,preview,,,,@,Seattle Seahawks,0.0,,,,,,,,,,,,,,,min,2024
17,Sun,December 29,1:00PM ET,preview,,,,,Green Bay Packers,0.0,,,,,,,,,,,,,,,min,2024
18,Sun,January 5,1:00PM ET,preview,,,,@,Detroit Lions,0.0,,,,,,,,,,,,,,,min,2024
1,Sun,September 8,4:05PM ET,boxscore,W,,1-0,,Denver Broncos,26.0,20.0,19.0,304.0,158.0,146.0,2.0,13.0,231.0,132.0,99.0,3.0,-3.15,19.83,-11.19,sea,2024
2,Sun,September 15,1:00PM ET,boxscore,W,OT,2-0,@,New England Patriots,23.0,20.0,18.0,358.0,312.0,46.0,,19.0,310.0,125.0,185.0,,7.65,-3.42,-1.23,sea,2024
3,Sun,September 22,4:05PM ET,boxscore,W,,3-0,,Miami Dolphins,24.0,3.0,21.0,370.0,270.0,100.0,2.0,13.0,205.0,140.0,65.0,,0.77,20.39,-1.24,sea,2024
4,Mon,September 30,8:15PM ET,boxscore,L,,3-1,@,Detroit Lions,29.0,42.0,38.0,516.0,383.0,133.0,2.0,21.0,389.0,273.0,116.0,,15.58,-24.24,-1.69,sea,2024
5,Sun,October 6,4:25PM ET,preview,,,,,New York Giants,0.0,,,,,,,,,,,,,,,sea,2024
6,Thu,October 10,8:15PM ET,preview,,,,,San Francisco 49ers,0.0,,,,,,,,,,,,,,,sea,2024
7,Sun,October 20,1:00PM ET,preview,,,,@,Atlanta Falcons,0.0,,,,,,,,,,,,,,,sea,2024
8,Sun,October 27,4:05PM ET,preview,,,,,Buffalo Bills,0.0,,,,,,,,,,,,,,,sea,2024
9,Sun,November 3,4:25PM ET,preview,,,,,Los Angeles Rams,0.0,,,,,,,,,,,,,,,sea,2024
10,,,,,,,,,Bye Week,,,,,,,,,,,,,,,,sea,2024
11,Sun,November 17,4:05PM ET,preview,,,,@,San Francisco 49ers,0.0,,,,,,,,,,,,,,,sea,2024
12,Sun,November 24,4:25PM ET,preview,,,,,Arizona Cardinals,0.0,,,,,,,,,,,,,,,sea,2024
13,Sun,December 1,1:00PM ET,preview,,,,@,New York Jets,0.0,,,,,,,,,,,,,,,sea,2024
14,Sun,December 8,4:05PM ET,preview,,,,@,Arizona Cardinals,0.0,,,,,,,,,,,,,,,sea,2024
15,Sun,December 15,8:20PM ET,preview,,,,,Green Bay Packers,0.0,,,,,,,,,,,,,,,sea,2024
16,Sun,December 22,4:05PM ET,preview,,,,,Minnesota Vikings,0.0,,,,,,,,,,,,,,,sea,2024
17,Thu,December 26,8:15PM ET,preview,,,,@,Chicago Bears,0.0,,,,,,,,,,,,,,,sea,2024
18,Sun,January 5,1:00PM ET,preview,,,,@,Los Angeles Rams,0.0,,,,,,,,,,,,,,,sea,2024
1,Sun,September 8,4:05PM ET,boxscore,L,,0-1,@,Los Angeles Chargers,10.0,22.0,14.0,296.0,225.0,71.0,3.0,11.0,316.0,140.0,176.0,,-14.87,5.13,0.65,rai,2024
2,Sun,September 15,1:00PM ET,boxscore,W,,1-1,@,Baltimore Ravens,26.0,23.0,18.0,260.0,233.0,27.0,1.0,21.0,383.0,232.0,151.0,1.0,-0.5,-6.12,6.24,rai,2024
3,Sun,September 22,4:05PM ET,boxscore,L,,1-2,,Carolina Panthers,22.0,36.0,20.0,331.0,276.0,55.0,1.0,24.0,437.0,306.0,131.0,,1.38,-15.32,0.97,rai,2024
4,Sun,September 29,4:25PM ET,boxscore,W,,2-2,,Cleveland Browns,20.0,16.0,17.0,268.0,116.0,152.0,1.0,16.0,241.0,149.0,92.0,1.0,-4.09,6.26,-1.12,rai,2024
5,Sun,October 6,4:05PM ET,preview,,,,@,Denver Broncos,0.0,,,,,,,,,,,,,,,rai,2024
6,Sun,October 13,4:05PM ET,preview,,,,,Pittsburgh Steelers,0.0,,,,,,,,,,,,,,,rai,2024
7,Sun,October 20,4:05PM ET,preview,,,,@,Los Angeles Rams,0.0,,,,,,,,,,,,,,,rai,2024
8,Sun,October 27,4:25PM ET,preview,,,,,Kansas City Chiefs,0.0,,,,,,,,,,,,,,,rai,2024
9,Sun,November 3,1:00PM ET,preview,,,,@,Cincinnati Bengals,0.0,,,,,,,,,,,,,,,rai,2024
10,,,,,,,,,Bye Week,,,,,,,,,,,,,,,,rai,2024
11,Sun,November 17,1:00PM ET,preview,,,,@,Miami Dolphins,0.0,,,,,,,,,,,,,,,rai,2024
12,Sun,November 24,4:05PM ET,preview,,,,,Denver Broncos,0.0,,,,,,,,,,,,,,,rai,2024
13,Fri,November 29,3:00PM ET,preview,,,,@,Kansas City Chiefs,0.0,,,,,,,,,,,,,,,rai,2024
14,Sun,December 8,1:00PM ET,preview,,,,@,Tampa Bay Buccaneers,0.0,,,,,,,,,,,,,,,rai,2024
15,Mon,December 16,8:30PM ET,preview,,,,,Atlanta Falcons,0.0,,,,,,,,,,,,,,,rai,2024
16,Sun,December 22,4:25PM ET,preview,,,,,Jacksonville Jaguars,0.0,,,,,,,,,,,,,,,rai,2024
17,Sun,December 29,1:00PM ET,preview,,,,@,New Orleans Saints,0.0,,,,,,,,,,,,,,,rai,2024
18,Sun,January 5,1:00PM ET,preview,,,,,Los Angeles Chargers,0.0,,,,,,,,,,,,,,,rai,2024
