week_num,game_day_of_week,game_date,boxscore_word,game_outcome,overtime,game_location,opp,pts_off,pts_def,pass_cmp,pass_att,pass_yds,pass_td,pass_int,pass_sacked,pass_sacked_yds,pass_yds_per_att,pass_net_yds_per_att,pass_cmp_perc,pass_rating,rush_att,rush_yds,rush_yds_per_att,rush_td,fgm,fga,xpm,xpa,punt,punt_yds,third_down_success,third_down_att,fourth_down_success,fourth_down_att,time_of_poss,Team_Name
1,Sun,September 10,boxscore,L,,@,Detroit Lions,23,35,27,48,263,1,3,1,5,5.6,5.4,56.3,52.7,18,45,2.5,1,1,2,2,2,4,184,6,15,1,1,26:40,Arizona Cardinals
2,Sun,September 17,boxscore,W,OT,@,Indianapolis Colts,16,13,19,36,306,1,1,4,26,9.2,7.7,52.8,79.2,25,83,3.3,0,3,4,1,1,5,232,6,15,0,1,28:49,Arizona Cardinals
3,Mon,September 25,boxscore,L,,,Dallas Cowboys,17,28,29,48,283,2,0,6,42,6.8,5.2,60.4,90.9,21,49,2.3,0,1,2,2,2,6,271,8,18,0,1,36:15,Arizona Cardinals
4,Sun,October 1,boxscore,W,OT,,San Francisco 49ers,18,15,33,51,317,1,1,6,40,7.0,5.6,64.7,80.3,22,51,2.3,0,4,4,0,0,6,293,5,16,0,0,36:15,Arizona Cardinals
5,Sun,October 8,boxscore,L,,@,Philadelphia Eagles,7,34,28,44,276,1,0,2,15,6.6,6.0,63.6,88.8,14,31,2.2,0,0,1,1,1,7,347,4,14,2,3,24:13,Arizona Cardinals
6,Sun,October 15,boxscore,W,,,Tampa Bay Buccaneers,38,33,18,22,272,3,1,2,11,12.9,11.3,81.8,138.8,35,160,4.6,2,1,1,5,5,2,93,4,9,0,1,32:23,Arizona Cardinals
7,Sun,October 22,boxscore,L,,@,Los Angeles Rams,0,33,15,32,171,0,2,3,17,5.9,4.9,46.9,37.4,12,25,2.1,0,0,1,0,0,6,263,3,12,1,2,20:59,Arizona Cardinals
9,Sun,November 5,boxscore,W,,@,San Francisco 49ers,20,10,15,30,201,2,1,0,0,6.7,6.7,50.0,80.0,43,167,3.9,0,2,3,2,2,6,270,7,16,0,0,36:22,Arizona Cardinals
10,Thu,November 9,boxscore,L,,,Seattle Seahawks,16,22,24,47,256,1,0,2,17,5.8,5.2,51.1,74.4,24,34,1.4,1,1,1,1,2,5,230,6,15,1,3,29:07,Arizona Cardinals
11,Sun,November 19,boxscore,L,,@,Houston Texans,21,31,22,34,244,3,2,2,13,7.6,6.8,64.7,90.8,18,48,2.7,0,0,0,3,3,6,279,3,10,0,1,26:14,Arizona Cardinals
12,Sun,November 26,boxscore,W,,,Jacksonville Jaguars,27,24,22,38,236,2,1,1,5,6.3,6.1,57.9,82.8,31,108,3.5,0,4,4,1,1,6,274,7,17,0,0,34:39,Arizona Cardinals
13,Sun,December 3,boxscore,L,,,Los Angeles Rams,16,32,18,32,187,1,2,7,34,6.9,4.8,56.3,57.7,24,118,4.9,1,1,2,1,2,5,254,7,15,0,0,31:02,Arizona Cardinals
14,Sun,December 10,boxscore,W,,,Tennessee Titans,12,7,17,26,125,0,0,8,53,6.8,3.7,65.4,76.6,29,136,4.7,0,4,5,0,0,6,270,3,14,0,0,33:49,Arizona Cardinals
15,Sun,December 17,boxscore,L,,@,Washington Redskins,15,20,16,41,145,0,1,5,44,4.6,3.2,39.0,39.2,34,141,4.1,0,5,5,0,0,5,251,4,19,2,3,36:16,Arizona Cardinals
16,Sun,December 24,boxscore,W,,,New York Giants,23,0,21,35,215,2,2,2,15,6.6,5.8,60.0,72.9,27,74,2.7,0,1,1,2,3,7,329,5,14,0,0,33:13,Arizona Cardinals
17,Sun,December 31,boxscore,W,,@,Seattle Seahawks,26,24,15,34,143,1,1,1,2,4.3,4.1,44.1,53.9,33,116,3.5,1,4,4,2,2,6,319,4,14,0,0,32:16,Arizona Cardinals
1,Sun,September 10,boxscore,W,,@,Chicago Bears,23,17,21,30,308,1,0,2,13,10.7,9.6,70.0,114.3,23,64,2.8,1,3,3,2,2,3,178,5,11,0,0,30:34,Atlanta Falcons
2,Sun,September 17,boxscore,W,,,Green Bay Packers,34,23,19,28,223,1,0,3,29,9.0,7.2,67.9,103.7,27,141,5.2,2,2,2,4,4,4,165,5,11,0,0,28:37,Atlanta Falcons
3,Sun,September 24,boxscore,W,,@,Detroit Lions,30,26,24,35,277,2,3,2,17,8.4,7.5,68.6,75.5,28,151,5.4,1,3,3,3,3,2,91,4,9,0,0,32:35,Atlanta Falcons
4,Sun,October 1,boxscore,L,,,Buffalo Bills,17,23,24,42,242,1,2,1,0,5.8,5.6,57.1,61.8,29,147,5.1,1,1,1,2,2,3,120,5,13,1,2,31:15,Atlanta Falcons
6,Sun,October 15,boxscore,L,,,Miami Dolphins,17,20,24,35,239,1,1,2,9,7.1,6.5,68.6,85.3,19,100,5.3,1,1,2,2,2,3,118,6,11,0,1,25:36,Atlanta Falcons
7,Sun,October 22,boxscore,L,,@,New England Patriots,7,23,23,33,223,1,0,1,10,7.1,6.6,69.7,98.4,22,120,5.5,0,0,2,1,1,2,84,2,9,1,3,25:55,Atlanta Falcons
8,Sun,October 29,boxscore,W,,@,New York Jets,25,20,18,29,246,2,0,1,8,8.8,8.2,62.1,112.1,32,140,4.4,0,4,4,1,1,5,214,5,14,0,0,28:19,Atlanta Falcons
9,Sun,November 5,boxscore,L,,@,Carolina Panthers,17,20,24,38,302,2,1,2,11,8.2,7.6,63.2,94.4,18,53,2.9,0,1,1,2,2,4,196,4,12,0,3,27:08,Atlanta Falcons
10,Sun,November 12,boxscore,W,,,Dallas Cowboys,27,7,22,29,204,2,1,1,11,7.4,6.8,75.9,103.2,34,132,3.9,1,2,2,3,3,2,85,7,13,0,1,32:06,Atlanta Falcons
11,Mon,November 20,boxscore,W,,@,Seattle Seahawks,34,31,19,27,190,2,0,1,5,7.2,6.8,70.4,114.7,30,89,3.0,1,2,2,4,4,3,116,9,14,0,0,30:21,Atlanta Falcons
12,Sun,November 26,boxscore,W,,,Tampa Bay Buccaneers,34,20,27,36,368,2,0,0,0,10.2,10.2,75.0,125.7,28,148,5.3,2,2,2,4,4,2,104,11,14,0,0,30:06,Atlanta Falcons
13,Sun,December 3,boxscore,L,,,Minnesota Vikings,9,14,16,29,173,0,0,0,0,6.0,6.0,55.2,72.9,22,102,4.6,0,3,4,0,0,4,197,1,10,1,1,25:58,Atlanta Falcons
14,Thu,December 7,boxscore,W,,,New Orleans Saints,20,17,15,27,211,1,3,1,10,8.2,7.5,55.6,53.7,37,132,3.6,1,2,2,2,2,2,83,7,12,0,0,34:41,Atlanta Falcons
15,Mon,December 18,boxscore,W,,@,Tampa Bay Buccaneers,24,21,17,31,209,1,0,1,3,6.8,6.5,54.8,86.6,35,201,5.7,1,1,2,3,3,4,161,9,15,0,0,33:15,Atlanta Falcons
16,Sun,December 24,boxscore,L,,@,New Orleans Saints,13,23,22,36,264,1,1,5,24,8.0,6.4,61.1,81.3,20,67,3.4,0,2,2,1,1,5,234,2,13,1,2,26:12,Atlanta Falcons
17,Sun,December 31,boxscore,W,,,Carolina Panthers,22,10,28,45,311,1,0,1,6,7.0,6.8,62.2,90.1,26,60,2.3,0,5,5,1,1,5,233,6,16,0,0,34:42,Atlanta Falcons
18,Sat,January 6,boxscore,W,,@,Los Angeles Rams,26,13,21,30,198,1,0,3,20,7.3,6.0,70.0,99.0,39,124,3.2,1,4,4,2,2,5,258,5,15,1,1,37:35,Atlanta Falcons
19,Sat,January 13,boxscore,L,,@,Philadelphia Eagles,10,15,22,36,195,1,0,3,15,5.8,5.0,61.1,84.8,20,86,4.3,0,1,1,1,1,6,203,4,13,1,2,27:54,Atlanta Falcons
18,Sat,January 6,boxscore,W,,@,Los Angeles Rams,26,13,21,30,198,1,0,3,20,7.3,6.0,70.0,99.0,39,124,3.2,1,4,4,2,2,5,258,5,15,1,1,37:35,Atlanta Falcons
19,Sat,January 13,boxscore,L,,@,Philadelphia Eagles,10,15,22,36,195,1,0,3,15,5.8,5.0,61.1,84.8,20,86,4.3,0,1,1,1,1,6,203,4,13,1,2,27:54,Atlanta Falcons
1,Sun,September 10,boxscore,W,,@,Cincinnati Bengals,20,0,9,17,111,1,1,1,10,7.1,6.2,52.9,68.5,42,157,3.7,1,2,2,2,2,6,250,6,14,0,0,34:00,Baltimore Ravens
2,Sun,September 17,boxscore,W,,,Cleveland Browns,24,10,25,34,201,2,1,2,16,6.4,5.6,73.5,95.3,32,136,4.3,1,1,2,3,3,5,235,4,11,0,0,33:24,Baltimore Ravens
3,Sun,September 24,boxscore,L,,@,Jacksonville Jaguars,7,44,14,27,52,1,2,2,12,2.4,1.8,51.9,39.3,25,134,5.4,0,0,0,1,1,7,311,3,11,0,1,25:57,Baltimore Ravens
4,Sun,October 1,boxscore,L,,,Pittsburgh Steelers,9,26,31,49,206,1,2,4,29,4.8,3.9,63.3,62.1,15,82,5.5,0,1,2,0,0,5,222,5,13,0,2,24:31,Baltimore Ravens
5,Sun,October 8,boxscore,W,,@,Oakland Raiders,30,17,19,26,222,0,0,0,0,8.5,8.5,73.1,98.6,39,143,3.7,2,3,3,3,3,3,117,7,14,0,0,33:43,Baltimore Ravens
6,Sun,October 15,boxscore,L,OT,,Chicago Bears,24,27,24,41,166,0,2,3,14,4.4,3.8,58.5,47.4,26,125,4.8,0,3,3,1,1,7,385,3,18,1,1,31:09,Baltimore Ravens
7,Sun,October 22,boxscore,L,,@,Minnesota Vikings,16,24,27,39,144,1,0,5,42,4.8,3.3,69.2,83.7,20,64,3.2,0,3,3,1,1,6,289,6,16,1,1,27:59,Baltimore Ravens
8,Thu,October 26,boxscore,W,,,Miami Dolphins,40,0,13,22,121,2,0,0,0,5.5,5.5,59.1,104.5,40,174,4.4,0,2,3,4,4,5,225,3,13,0,0,31:14,Baltimore Ravens
9,Sun,November 5,boxscore,L,,@,Tennessee Titans,20,23,35,53,268,2,2,2,9,5.2,4.9,66.0,75.0,22,73,3.3,0,2,2,2,2,4,180,6,16,3,4,32:22,Baltimore Ravens
11,Sun,November 19,boxscore,W,,@,Green Bay Packers,23,0,22,28,161,1,1,3,22,6.5,5.2,78.6,87.6,26,58,2.2,1,3,3,2,2,7,290,3,14,1,1,30:03,Baltimore Ravens
12,Mon,November 27,boxscore,W,,,Houston Texans,23,16,21,33,155,0,0,1,8,4.9,4.6,63.6,74.7,31,139,4.5,2,3,3,2,2,6,308,3,14,2,2,29:44,Baltimore Ravens
13,Sun,December 3,boxscore,W,,,Detroit Lions,44,20,23,36,269,2,0,0,0,7.5,7.5,63.9,105.0,27,101,3.7,2,3,3,5,5,5,209,5,12,0,0,29:51,Baltimore Ravens
14,Sun,December 10,boxscore,L,,@,Pittsburgh Steelers,38,39,20,35,261,2,1,1,8,7.7,7.3,57.1,87.9,26,152,5.8,3,1,1,5,5,3,125,4,10,0,0,26:10,Baltimore Ravens
15,Sun,December 17,boxscore,W,,@,Cleveland Browns,27,10,26,42,279,1,0,1,9,6.9,6.5,61.9,89.3,31,97,3.1,1,2,2,3,3,5,215,7,16,0,1,36:48,Baltimore Ravens
16,Sat,December 23,boxscore,W,,,Indianapolis Colts,23,16,29,38,220,2,0,1,17,6.2,5.6,76.3,107.3,32,103,3.2,0,3,3,2,2,3,71,6,14,1,1,35:48,Baltimore Ravens
17,Sun,December 31,boxscore,L,,,Cincinnati Bengals,27,31,25,47,194,2,1,1,9,4.3,4.0,53.2,68.9,26,118,4.5,1,2,2,3,3,8,333,5,17,1,2,31:21,Baltimore Ravens
1,Sun,September 10,boxscore,W,,,New York Jets,21,12,16,28,218,2,1,2,6,8.0,7.3,57.1,91.1,42,190,4.5,1,0,1,3,3,6,257,8,17,0,0,33:04,Buffalo Bills
2,Sun,September 17,boxscore,L,,@,Carolina Panthers,3,9,17,25,107,0,0,3,18,5.0,3.8,68.0,76.6,23,69,3.0,0,1,1,0,0,6,297,4,13,0,2,21:07,Buffalo Bills
3,Sun,September 24,boxscore,W,,,Denver Broncos,26,16,20,26,197,2,0,4,16,8.2,6.6,76.9,123.4,33,75,2.3,0,4,4,2,2,5,226,6,16,0,0,30:26,Buffalo Bills
4,Sun,October 1,boxscore,W,,@,Atlanta Falcons,23,17,12,20,164,1,0,3,18,9.1,7.1,60.0,102.9,36,117,3.3,0,3,3,2,2,4,189,6,13,0,0,28:45,Buffalo Bills
5,Sun,October 8,boxscore,L,,@,Cincinnati Bengals,16,20,20,37,139,1,1,6,27,4.5,3.2,54.1,60.5,24,82,3.4,0,3,3,1,1,7,315,6,18,0,0,29:59,Buffalo Bills
7,Sun,October 22,boxscore,W,,,Tampa Bay Buccaneers,30,27,20,33,261,1,0,1,7,8.1,7.7,60.6,95.6,33,173,5.2,2,3,4,3,3,2,101,10,16,0,0,26:50,Buffalo Bills
8,Sun,October 29,boxscore,W,,,Oakland Raiders,34,14,20,27,165,1,0,0,0,6.1,6.1,74.1,101.6,37,166,4.5,2,2,2,4,4,5,226,6,15,1,1,35:37,Buffalo Bills
9,Thu,November 2,boxscore,L,,@,New York Jets,21,34,29,40,244,2,0,7,41,7.1,5.2,72.5,104.6,22,63,2.9,1,0,0,3,3,6,278,6,16,0,1,26:30,Buffalo Bills
10,Sun,November 12,boxscore,L,,,New Orleans Saints,10,47,16,28,129,1,1,2,6,4.8,4.3,57.1,65.9,15,69,4.6,0,1,1,1,1,6,272,2,11,0,1,18:37,Buffalo Bills
11,Sun,November 19,boxscore,L,,@,Los Angeles Chargers,24,54,21,39,220,1,5,1,4,5.7,5.5,53.8,39.4,22,173,7.9,2,1,1,3,3,3,120,6,14,1,2,23:55,Buffalo Bills
12,Sun,November 26,boxscore,W,,@,Kansas City Chiefs,16,10,19,29,164,1,0,2,19,6.3,5.3,65.5,91.7,37,104,2.8,0,3,4,1,1,7,288,6,17,0,0,33:18,Buffalo Bills
13,Sun,December 3,boxscore,L,,,New England Patriots,3,23,15,34,85,0,1,4,30,3.4,2.2,44.1,39.1,26,183,7.0,0,1,1,0,0,4,195,5,13,0,3,25:59,Buffalo Bills
14,Sun,December 10,boxscore,W,OT,,Indianapolis Colts,13,7,7,16,92,1,1,0,0,5.8,5.8,43.8,57.3,51,227,4.5,1,0,0,1,1,6,230,10,18,0,2,32:25,Buffalo Bills
15,Sun,December 17,boxscore,W,,,Miami Dolphins,24,16,17,29,212,1,0,2,12,7.7,6.8,58.6,92.9,30,116,3.9,2,1,1,3,3,5,205,7,15,0,1,27:35,Buffalo Bills
16,Sun,December 24,boxscore,L,,@,New England Patriots,16,37,21,38,242,0,0,6,39,7.4,5.5,55.3,74.7,24,84,3.5,0,3,4,1,1,3,144,8,17,0,2,28:16,Buffalo Bills
17,Sun,December 31,boxscore,W,,@,Miami Dolphins,22,16,19,27,186,1,0,4,18,7.6,6.0,70.4,101.8,32,126,3.9,1,3,3,1,1,4,186,5,12,0,0,31:04,Buffalo Bills
18,Sun,January 7,boxscore,L,,@,Jacksonville Jaguars,3,10,18,40,133,0,2,2,15,3.7,3.2,45.0,32.6,32,130,4.1,0,1,1,0,0,8,347,7,18,1,1,32:37,Buffalo Bills
18,Sun,January 7,boxscore,L,,@,Jacksonville Jaguars,3,10,18,40,133,0,2,2,15,3.7,3.2,45.0,32.6,32,130,4.1,0,1,1,0,0,8,347,7,18,1,1,32:37,Buffalo Bills
1,Sun,September 10,boxscore,W,,@,San Francisco 49ers,23,3,14,25,171,2,1,0,0,6.8,6.8,56.0,87.2,38,116,3.1,0,3,3,2,2,3,155,7,13,0,0,34:21,Carolina Panthers
2,Sun,September 17,boxscore,W,,,Buffalo Bills,9,3,20,32,178,0,0,6,50,7.1,4.7,62.5,77.3,28,77,2.8,0,3,3,0,0,6,249,7,16,0,0,38:53,Carolina Panthers
3,Sun,September 24,boxscore,L,,,New Orleans Saints,13,34,19,33,156,0,3,4,28,5.6,4.2,57.6,31.9,22,132,6.0,1,2,2,1,1,3,129,7,14,0,0,28:51,Carolina Panthers
4,Sun,October 1,boxscore,W,,@,New England Patriots,33,30,22,29,304,3,1,2,12,10.9,9.8,75.9,129.1,29,140,4.8,1,2,2,3,4,1,35,6,9,0,0,28:53,Carolina Panthers
5,Sun,October 8,boxscore,W,,@,Detroit Lions,27,24,26,33,334,3,0,3,21,10.8,9.3,78.8,139.1,28,28,1.0,0,2,3,3,3,5,234,7,16,0,0,35:23,Carolina Panthers
6,Thu,October 12,boxscore,L,,,Philadelphia Eagles,23,28,28,52,225,1,3,2,14,4.6,4.2,53.8,47.4,25,80,3.2,1,3,3,2,2,3,136,4,16,1,3,31:26,Carolina Panthers
7,Sun,October 22,boxscore,L,,@,Chicago Bears,3,17,21,34,185,0,2,5,26,6.2,4.7,61.8,51.7,30,108,3.6,0,1,1,0,0,5,263,6,15,0,1,38:35,Carolina Panthers
8,Sun,October 29,boxscore,W,,@,Tampa Bay Buccaneers,17,3,18,32,154,1,1,0,0,4.8,4.8,56.3,66.4,31,100,3.2,1,1,1,2,2,7,353,8,17,0,0,32:11,Carolina Panthers
9,Sun,November 5,boxscore,W,,,Atlanta Falcons,20,17,13,24,129,0,0,1,8,5.7,5.2,54.2,69.6,38,201,5.3,2,2,2,2,2,5,249,4,13,1,2,32:52,Carolina Panthers
10,Mon,November 13,boxscore,W,,,Miami Dolphins,45,21,21,35,254,4,0,0,0,7.3,7.3,60.0,120.4,36,294,8.2,2,1,1,6,6,2,85,11,14,0,0,35:39,Carolina Panthers
12,Sun,November 26,boxscore,W,,@,New York Jets,35,27,11,28,154,0,0,3,14,6.0,5.0,39.3,57.7,33,145,4.4,2,3,3,0,1,6,284,3,14,1,1,31:50,Carolina Panthers
13,Sun,December 3,boxscore,L,,@,New Orleans Saints,21,31,17,28,167,2,0,2,16,6.5,5.6,60.7,101.3,23,112,4.9,1,0,0,3,3,5,215,3,10,0,2,26:39,Carolina Panthers
14,Sun,December 10,boxscore,W,,,Minnesota Vikings,31,24,13,25,129,1,1,2,8,5.5,4.8,52.0,63.6,36,216,6.0,3,1,1,4,4,6,260,5,15,0,0,31:18,Carolina Panthers
15,Sun,December 17,boxscore,W,,,Green Bay Packers,31,24,20,31,236,4,0,1,6,7.8,7.4,64.5,127.2,38,151,4.0,0,1,1,4,4,4,174,6,12,0,0,33:57,Carolina Panthers
16,Sun,December 24,boxscore,W,,,Tampa Bay Buccaneers,22,19,16,26,140,0,1,2,20,6.2,5.0,61.5,59.8,31,115,3.7,1,3,3,1,2,3,119,4,13,1,1,30:30,Carolina Panthers
17,Sun,December 31,boxscore,L,,@,Atlanta Falcons,10,22,14,34,161,1,3,2,19,5.3,4.5,41.2,29.2,24,87,3.6,0,1,1,1,1,7,329,5,15,1,1,25:18,Carolina Panthers
18,Sun,January 7,boxscore,L,,@,New Orleans Saints,26,31,24,41,306,2,0,4,43,8.5,6.8,58.5,98.2,26,107,4.1,0,4,5,2,2,3,145,8,17,1,2,33:49,Carolina Panthers
18,Sun,January 7,boxscore,L,,@,New Orleans Saints,26,31,24,41,306,2,0,4,43,8.5,6.8,58.5,98.2,26,107,4.1,0,4,5,2,2,3,145,8,17,1,2,33:49,Carolina Panthers
1,Sun,September 10,boxscore,L,,,Atlanta Falcons,17,23,26,40,176,1,0,4,37,5.3,4.0,65.0,82.9,19,125,6.6,1,1,1,2,2,5,244,5,13,1,2,29:26,Chicago Bears
2,Sun,September 17,boxscore,L,,@,Tampa Bay Buccaneers,7,29,31,45,290,1,2,1,11,6.7,6.3,68.9,75.2,16,20,1.3,0,0,0,1,1,3,168,7,14,0,2,26:49,Chicago Bears
3,Sun,September 24,boxscore,W,OT,,Pittsburgh Steelers,23,17,15,22,84,1,1,2,17,4.6,3.5,68.2,71.0,38,222,5.8,2,1,2,2,2,6,267,4,12,0,0,33:59,Chicago Bears
4,Thu,September 28,boxscore,L,,@,Green Bay Packers,14,35,21,33,205,1,2,1,13,6.6,6.0,63.6,65.8,30,103,3.4,1,0,1,2,2,3,147,5,12,2,2,31:51,Chicago Bears
5,Mon,October 9,boxscore,L,,,Minnesota Vikings,17,20,13,26,159,2,1,1,7,6.4,5.9,50.0,78.8,29,115,4.0,0,0,0,1,1,7,307,3,12,1,1,28:36,Chicago Bears
6,Sun,October 15,boxscore,W,OT,@,Baltimore Ravens,27,24,9,17,111,2,0,4,23,7.9,5.3,52.9,112.6,54,231,4.3,0,2,2,3,3,9,420,5,17,0,0,36:45,Chicago Bears
7,Sun,October 22,boxscore,W,,,Carolina Panthers,17,3,4,7,85,0,0,4,22,15.3,7.7,57.1,100.3,26,68,2.6,0,1,2,2,2,6,296,2,11,0,0,21:25,Chicago Bears
8,Sun,October 29,boxscore,L,,@,New Orleans Saints,12,20,14,32,150,0,1,2,14,5.1,4.4,43.8,45.1,31,157,5.1,1,2,3,0,0,5,270,8,17,0,1,28:37,Chicago Bears
10,Sun,November 12,boxscore,L,,,Green Bay Packers,16,23,21,35,268,1,0,5,29,8.5,6.7,60.0,93.5,17,55,3.2,0,3,3,1,1,5,241,4,14,0,1,26:07,Chicago Bears
11,Sun,November 19,boxscore,L,,,Detroit Lions,24,27,18,30,176,1,0,1,3,6.0,5.7,60.0,87.6,30,222,7.4,2,1,2,3,3,4,186,3,9,1,1,29:24,Chicago Bears
12,Sun,November 26,boxscore,L,,@,Philadelphia Eagles,3,31,17,33,134,0,2,2,13,4.5,3.8,51.5,36.7,14,6,0.4,0,1,2,0,0,6,251,3,13,0,2,22:52,Chicago Bears
13,Sun,December 3,boxscore,L,,,San Francisco 49ers,14,15,12,15,85,1,0,2,17,6.8,5.0,80.0,112.5,19,62,3.3,0,0,0,2,2,5,199,5,10,0,0,21:13,Chicago Bears
14,Sun,December 10,boxscore,W,,@,Cincinnati Bengals,33,7,25,32,250,1,0,2,21,8.5,7.4,78.1,109.6,38,232,6.1,3,2,2,3,4,3,142,4,11,1,2,38:09,Chicago Bears
15,Sat,December 16,boxscore,L,,@,Detroit Lions,10,20,31,46,306,1,3,2,8,6.8,6.4,67.4,66.0,15,43,2.9,0,1,1,1,1,5,225,5,12,0,1,30:55,Chicago Bears
16,Sun,December 24,boxscore,W,,,Cleveland Browns,20,3,14,23,161,0,0,5,32,8.4,5.8,60.9,82.0,31,97,3.1,3,0,0,2,3,8,361,7,16,1,1,33:14,Chicago Bears
17,Sun,December 31,boxscore,L,,@,Minnesota Vikings,10,23,20,37,171,0,0,1,7,4.8,4.5,54.1,66.4,15,30,2.0,0,1,1,1,1,7,363,1,12,0,2,24:05,Chicago Bears
1,Sun,September 10,boxscore,L,,,Baltimore Ravens,0,20,16,31,144,0,4,5,26,5.5,4.0,51.6,24.9,22,77,3.5,0,0,0,0,0,5,212,4,13,0,1,26:00,Cincinnati Bengals
2,Thu,September 14,boxscore,L,,,Houston Texans,9,13,20,35,213,0,0,3,11,6.4,5.6,57.1,75.1,24,82,3.4,0,3,3,0,0,7,334,4,15,1,2,27:45,Cincinnati Bengals
3,Sun,September 24,boxscore,L,OT,@,Green Bay Packers,24,27,21,27,191,2,0,3,21,7.9,6.4,77.8,120.8,30,110,3.7,0,1,2,3,3,6,296,4,12,0,0,34:17,Cincinnati Bengals
4,Sun,October 1,boxscore,W,,@,Cleveland Browns,31,7,25,30,264,4,0,3,22,9.5,8.0,83.3,142.9,30,86,2.9,0,1,1,4,4,4,191,6,11,0,0,35:02,Cincinnati Bengals
5,Sun,October 8,boxscore,W,,,Buffalo Bills,20,16,22,36,323,1,2,1,5,9.1,8.7,61.1,76.5,27,65,2.4,1,2,2,2,2,4,187,6,15,0,0,30:01,Cincinnati Bengals
7,Sun,October 22,boxscore,L,,@,Pittsburgh Steelers,14,29,17,30,108,2,2,4,32,4.7,3.2,56.7,58.7,17,71,4.2,0,0,0,2,2,5,250,3,11,1,2,24:45,Cincinnati Bengals
8,Sun,October 29,boxscore,W,,,Indianapolis Colts,24,23,17,29,218,2,0,3,25,8.4,6.8,58.6,105.2,21,58,2.8,0,1,2,3,3,4,197,4,11,0,0,26:47,Cincinnati Bengals
9,Sun,November 5,boxscore,L,,@,Jacksonville Jaguars,7,23,10,18,119,0,0,2,17,7.6,6.0,55.6,75.9,17,29,1.7,1,0,0,1,1,7,336,1,8,0,0,19:46,Cincinnati Bengals
10,Sun,November 12,boxscore,L,,@,Tennessee Titans,20,24,20,35,255,2,0,1,10,7.6,7.1,57.1,99.1,14,53,3.8,1,0,0,2,3,7,351,1,10,1,1,19:51,Cincinnati Bengals
11,Sun,November 19,boxscore,W,,@,Denver Broncos,20,17,15,25,141,3,0,2,13,6.2,5.2,60.0,115.2,26,49,1.9,0,0,0,2,3,8,318,7,15,0,0,24:49,Cincinnati Bengals
12,Sun,November 26,boxscore,W,,,Cleveland Browns,30,16,18,28,209,2,0,1,5,7.6,7.2,64.3,110.6,30,152,5.1,1,3,3,3,3,2,73,4,10,0,0,30:32,Cincinnati Bengals
13,Mon,December 4,boxscore,L,,,Pittsburgh Steelers,20,23,21,36,223,2,0,2,11,6.5,5.9,58.3,95.0,22,130,5.9,0,2,2,2,2,5,246,7,14,0,0,30:11,Cincinnati Bengals
14,Sun,December 10,boxscore,L,,,Chicago Bears,7,33,18,37,164,1,1,3,24,5.1,4.1,48.6,58.8,13,70,5.4,0,0,0,1,1,5,251,3,12,0,2,21:51,Cincinnati Bengals
15,Sun,December 17,boxscore,L,,@,Minnesota Vikings,7,34,14,28,115,0,2,3,17,4.7,3.7,50.0,31.1,20,46,2.3,1,0,0,1,1,8,365,1,13,1,3,24:08,Cincinnati Bengals
16,Sun,December 24,boxscore,W,,,Detroit Lions,26,17,27,41,222,1,1,3,16,5.8,5.0,65.9,77.5,34,142,4.2,1,4,4,2,2,4,152,7,14,0,0,32:29,Cincinnati Bengals
17,Sun,December 31,boxscore,W,,@,Baltimore Ravens,31,27,23,44,213,3,0,1,9,5.0,4.7,52.3,88.5,30,146,4.9,0,1,1,4,4,8,342,5,15,1,1,28:39,Cincinnati Bengals
1,Sun,September 10,boxscore,L,,,Pittsburgh Steelers,18,21,20,30,180,1,1,7,42,7.4,4.9,66.7,79.9,25,57,2.3,1,1,1,1,1,6,242,3,12,2,2,31:10,Cleveland Browns
2,Sun,September 17,boxscore,L,,@,Baltimore Ravens,10,24,20,42,293,1,4,3,7,7.1,6.5,47.6,39.2,21,93,4.4,0,1,1,1,1,4,209,2,12,1,2,26:36,Cleveland Browns
3,Sun,September 24,boxscore,L,,@,Indianapolis Colts,28,31,22,47,235,2,3,1,7,5.1,4.9,46.8,49.5,21,111,5.3,2,0,0,4,4,7,347,5,13,0,0,26:33,Cleveland Browns
4,Sun,October 1,boxscore,L,,,Cincinnati Bengals,7,31,21,42,170,0,1,2,13,4.4,3.9,50.0,50.7,17,45,2.6,1,0,1,1,1,6,295,5,16,1,2,24:58,Cleveland Browns
5,Sun,October 8,boxscore,L,,,New York Jets,14,17,24,36,279,2,2,1,2,7.8,7.5,66.7,85.3,33,140,4.2,0,0,2,2,2,2,113,6,14,1,2,34:26,Cleveland Browns
6,Sun,October 15,boxscore,L,,@,Houston Texans,17,33,20,37,113,1,3,4,27,3.8,2.8,54.1,35.1,22,134,6.1,0,1,1,2,2,7,358,3,14,0,0,30:56,Cleveland Browns
7,Sun,October 22,boxscore,L,OT,,Tennessee Titans,9,12,22,39,218,0,3,2,17,6.0,5.3,56.4,40.3,26,66,2.5,0,3,3,0,0,4,178,3,13,1,2,32:42,Cleveland Browns
8,Sun,October 29,boxscore,L,,,Minnesota Vikings,16,33,18,34,161,0,0,3,18,5.3,4.4,52.9,65.9,22,115,5.2,2,1,2,1,2,6,279,4,13,0,1,22:08,Cleveland Browns
10,Sun,November 12,boxscore,L,,@,Detroit Lions,24,38,22,40,212,1,1,4,25,5.9,4.8,55.0,67.9,33,201,6.1,2,1,1,3,3,5,241,5,15,4,4,34:34,Cleveland Browns
11,Sun,November 19,boxscore,L,,,Jacksonville Jaguars,7,19,16,32,134,1,2,5,45,5.6,3.6,50.0,45.6,18,50,2.8,0,0,0,1,1,8,376,3,13,0,1,23:05,Cleveland Browns
12,Sun,November 26,boxscore,L,,@,Cincinnati Bengals,16,30,18,32,236,0,0,4,32,8.4,6.6,56.3,79.7,31,169,5.5,1,3,4,1,1,3,108,6,15,2,3,29:28,Cleveland Browns
13,Sun,December 3,boxscore,L,,@,Los Angeles Chargers,10,19,15,32,202,1,1,3,13,6.7,5.8,46.9,64.8,22,89,4.0,0,1,1,1,1,3,117,5,11,0,1,25:03,Cleveland Browns
14,Sun,December 10,boxscore,L,OT,,Green Bay Packers,21,27,20,28,209,3,2,2,5,7.6,7.0,71.4,98.7,27,136,5.0,0,0,0,3,3,4,209,7,13,0,0,28:38,Cleveland Browns
15,Sun,December 17,boxscore,L,,,Baltimore Ravens,10,27,20,37,136,0,2,2,10,3.9,3.5,54.1,39.9,19,130,6.8,1,1,1,1,1,5,216,5,14,0,1,23:12,Cleveland Browns
16,Sun,December 24,boxscore,L,,@,Chicago Bears,3,20,18,36,178,0,2,1,4,5.1,4.8,50.0,41.2,20,76,3.8,0,1,1,0,0,7,334,4,13,0,1,26:46,Cleveland Browns
17,Sun,December 31,boxscore,L,,@,Pittsburgh Steelers,24,28,16,30,272,2,1,6,42,10.5,7.6,53.3,92.6,27,102,3.8,1,1,1,3,3,5,205,7,15,0,1,30:55,Cleveland Browns
1,Sun,September 10,boxscore,W,,,New York Giants,19,3,24,39,263,1,0,1,5,6.9,6.6,61.5,90.0,31,129,4.2,0,4,4,1,1,4,139,8,15,0,0,34:14,Dallas Cowboys
2,Sun,September 17,boxscore,L,,@,Denver Broncos,17,42,30,50,228,2,2,2,10,4.8,4.4,60.0,67.7,14,40,2.9,0,1,1,2,2,5,249,3,14,2,5,26:10,Dallas Cowboys
3,Mon,September 25,boxscore,W,,@,Arizona Cardinals,28,17,13,18,174,2,0,1,9,10.2,9.2,72.2,139.6,26,99,3.8,2,0,0,4,4,7,311,2,9,0,0,23:45,Dallas Cowboys
4,Sun,October 1,boxscore,L,,,Los Angeles Rams,30,35,20,36,251,3,1,2,1,7.0,6.6,55.6,93.6,27,189,7.0,1,1,1,3,3,3,141,7,14,1,2,29:28,Dallas Cowboys
5,Sun,October 8,boxscore,L,,,Green Bay Packers,31,35,25,36,245,3,1,1,6,7.0,6.6,69.4,104.5,35,163,4.7,1,1,1,4,4,1,38,7,12,3,3,35:06,Dallas Cowboys
7,Sun,October 22,boxscore,W,,@,San Francisco 49ers,40,10,17,27,236,3,0,0,0,8.7,8.7,63.0,128.0,43,265,6.2,3,0,0,4,5,3,142,7,11,0,1,32:50,Dallas Cowboys
8,Sun,October 29,boxscore,W,,@,Washington Redskins,33,19,14,22,138,0,0,2,5,6.5,5.8,63.6,81.2,39,169,4.3,2,4,5,3,3,3,137,5,14,1,1,33:19,Dallas Cowboys
9,Sun,November 5,boxscore,W,,,Kansas City Chiefs,28,17,21,33,244,2,0,1,5,7.5,7.2,63.6,106.1,31,131,4.2,2,0,0,4,4,5,195,7,12,0,0,31:17,Dallas Cowboys
10,Sun,November 12,boxscore,L,,@,Atlanta Falcons,7,27,20,30,126,0,0,8,50,5.9,3.3,66.7,75.1,21,107,5.1,1,0,1,1,1,4,171,5,11,0,1,27:54,Dallas Cowboys
11,Sun,November 19,boxscore,L,,,Philadelphia Eagles,9,37,18,32,113,0,3,4,32,4.5,3.1,56.3,24.6,27,112,4.1,0,3,3,0,0,5,234,3,14,0,1,30:31,Dallas Cowboys
12,Thu,November 23,boxscore,L,,,Los Angeles Chargers,6,28,20,27,168,0,2,2,11,6.6,5.8,74.1,58.9,20,79,4.0,1,0,0,0,0,5,208,6,11,0,0,23:55,Dallas Cowboys
13,Thu,November 30,boxscore,W,,,Washington Redskins,38,14,11,22,93,2,0,1,9,4.6,4.0,50.0,91.7,42,182,4.3,2,1,1,5,5,5,211,7,14,0,1,32:28,Dallas Cowboys
14,Sun,December 10,boxscore,W,,@,New York Giants,30,10,20,30,332,3,0,0,0,11.1,11.1,66.7,137.1,31,122,3.9,1,1,3,3,4,4,190,7,14,0,0,27:07,Dallas Cowboys
15,Sun,December 17,boxscore,W,,@,Oakland Raiders,20,17,18,27,204,0,2,2,8,7.9,7.0,66.7,58.3,31,126,4.1,2,2,2,2,2,2,86,2,10,2,2,32:20,Dallas Cowboys
16,Sun,December 24,boxscore,L,,,Seattle Seahawks,12,21,21,34,154,0,2,4,27,5.3,4.1,61.8,47.9,30,128,4.3,0,4,6,0,0,2,100,6,13,1,1,32:50,Dallas Cowboys
17,Sun,December 31,boxscore,W,,@,Philadelphia Eagles,6,0,17,30,172,1,0,1,7,6.0,5.5,56.7,84.3,32,129,4.0,0,0,1,0,1,8,356,5,15,0,1,30:05,Dallas Cowboys
1,Mon,September 11,boxscore,W,,,Los Angeles Chargers,24,21,17,28,181,2,1,4,38,7.8,5.7,60.7,88.5,36,140,3.9,1,1,2,3,3,3,144,8,15,0,0,34:13,Denver Broncos
2,Sun,September 17,boxscore,W,,,Dallas Cowboys,42,17,22,32,202,4,1,2,29,7.2,5.9,68.8,112.2,39,178,4.6,1,0,1,6,6,3,129,9,15,0,0,33:50,Denver Broncos
3,Sun,September 24,boxscore,L,,@,Buffalo Bills,16,26,24,40,255,0,2,3,4,6.5,5.9,60.0,57.8,23,111,4.8,1,3,3,1,1,3,125,6,14,0,2,29:34,Denver Broncos
4,Sun,October 1,boxscore,W,,,Oakland Raiders,16,10,16,26,155,1,0,4,24,6.9,5.2,61.5,91.0,32,143,4.5,0,3,4,1,1,6,271,5,16,0,0,32:57,Denver Broncos
6,Sun,October 15,boxscore,L,,,New York Giants,10,23,31,54,366,1,2,4,28,7.3,6.3,57.4,68.9,17,46,2.7,0,1,3,1,1,3,153,5,17,0,2,29:24,Denver Broncos
7,Sun,October 22,boxscore,L,,@,Los Angeles Chargers,0,21,25,35,182,0,1,5,25,5.9,4.6,71.4,71.4,19,69,3.6,0,0,0,0,0,8,349,3,14,0,2,31:04,Denver Broncos
8,Mon,October 30,boxscore,L,,@,Kansas City Chiefs,19,29,19,36,187,1,3,3,11,5.5,4.8,52.8,42.2,31,177,5.7,1,2,2,1,1,4,162,5,13,0,1,31:23,Denver Broncos
9,Sun,November 5,boxscore,L,,@,Philadelphia Eagles,23,51,19,38,191,1,2,3,17,5.5,4.7,50.0,51.5,19,35,1.8,0,3,3,2,2,6,302,3,13,1,1,30:06,Denver Broncos
10,Sun,November 12,boxscore,L,,,New England Patriots,16,41,18,33,221,1,1,0,0,6.7,6.7,54.5,72.9,28,118,4.2,0,3,3,1,1,3,95,8,15,0,0,30:17,Denver Broncos
11,Sun,November 19,boxscore,L,,,Cincinnati Bengals,17,20,23,42,229,1,1,3,25,6.0,5.1,54.8,68.5,34,112,3.3,1,1,2,2,2,5,222,12,21,1,2,35:11,Denver Broncos
12,Sun,November 26,boxscore,L,,@,Oakland Raiders,14,21,20,35,160,2,1,5,30,5.4,4.0,57.1,75.9,17,56,3.3,0,0,0,2,2,8,362,5,14,1,1,24:06,Denver Broncos
13,Sun,December 3,boxscore,L,,@,Miami Dolphins,9,35,19,41,167,0,3,3,33,4.9,3.8,46.3,27.2,23,103,4.5,0,1,1,0,0,8,340,1,13,0,1,25:38,Denver Broncos
14,Sun,December 10,boxscore,W,,,New York Jets,23,0,19,31,189,1,0,2,11,6.5,5.7,61.3,89.3,35,84,2.4,1,3,4,2,2,5,247,7,17,1,1,37:35,Denver Broncos
15,Thu,December 14,boxscore,W,,@,Indianapolis Colts,25,13,17,26,251,2,1,2,10,10.0,9.0,65.4,106.4,46,211,4.6,1,1,2,2,2,1,52,7,15,1,3,36:51,Denver Broncos
16,Sun,December 24,boxscore,L,,@,Washington Redskins,11,27,22,38,171,0,1,4,22,5.1,4.1,57.9,58.1,29,159,5.5,1,1,1,0,0,6,247,5,17,1,2,30:27,Denver Broncos
17,Sun,December 31,boxscore,L,,,Kansas City Chiefs,24,27,21,31,226,2,2,5,28,8.2,6.3,67.7,83.5,29,110,3.8,0,1,1,3,3,4,157,5,12,1,2,30:57,Denver Broncos
1,Sun,September 10,boxscore,W,,,Arizona Cardinals,35,23,29,41,285,4,1,1,7,7.1,6.8,70.7,112.3,27,82,3.0,0,1,1,2,2,5,189,8,16,0,1,33:20,Detroit Lions
2,Mon,September 18,boxscore,W,,@,New York Giants,24,10,15,21,119,2,0,3,3,5.8,5.0,71.4,117.0,32,138,4.3,0,1,1,3,3,5,209,7,15,0,1,32:47,Detroit Lions
3,Sun,September 24,boxscore,L,,,Atlanta Falcons,26,30,25,45,253,1,0,2,11,5.9,5.4,55.6,79.2,19,71,3.7,0,4,4,2,2,5,239,3,13,0,0,27:25,Detroit Lions
4,Sun,October 1,boxscore,W,,@,Minnesota Vikings,14,7,19,31,154,0,0,6,55,6.7,4.2,61.3,73.9,31,97,3.1,1,2,3,0,0,7,325,3,13,0,0,36:27,Detroit Lions
5,Sun,October 8,boxscore,L,,,Carolina Panthers,24,27,23,35,192,2,0,6,37,6.5,4.7,65.7,98.7,15,50,3.3,1,1,1,3,3,5,206,5,13,0,1,24:37,Detroit Lions
6,Sun,October 15,boxscore,L,,@,New Orleans Saints,38,52,25,52,281,3,3,5,31,6.0,4.9,48.1,59.9,19,66,3.5,0,1,2,5,5,5,243,9,18,0,1,27:49,Detroit Lions
8,Sun,October 29,boxscore,L,,,Pittsburgh Steelers,15,20,27,45,411,0,0,2,12,9.4,8.7,60.0,90.1,22,71,3.2,0,5,5,0,0,3,119,2,12,0,2,31:37,Detroit Lions
9,Mon,November 6,boxscore,W,,@,Green Bay Packers,30,17,26,33,353,2,0,1,8,10.9,10.4,78.8,131.4,33,64,1.9,1,3,4,3,3,0,0,8,13,0,0,36:55,Detroit Lions
10,Sun,November 12,boxscore,W,,,Cleveland Browns,38,24,17,26,241,3,1,4,8,9.6,8.0,65.4,117.6,19,104,5.5,1,1,1,5,5,4,176,5,11,0,0,25:26,Detroit Lions
11,Sun,November 19,boxscore,W,,@,Chicago Bears,27,24,21,31,287,2,0,3,12,9.6,8.4,67.7,118.6,24,65,2.7,0,2,2,3,3,4,172,3,10,0,0,30:36,Detroit Lions
12,Thu,November 23,boxscore,L,,,Minnesota Vikings,23,30,20,35,236,2,1,3,14,7.1,6.2,57.1,84.9,15,53,3.5,0,3,3,2,2,4,180,3,11,0,1,25:03,Detroit Lions
13,Sun,December 3,boxscore,L,,@,Baltimore Ravens,20,44,27,34,294,1,2,3,22,9.3,7.9,79.4,88.0,24,78,3.3,2,0,1,2,3,6,275,4,13,0,0,30:09,Detroit Lions
14,Sun,December 10,boxscore,W,,@,Tampa Bay Buccaneers,24,21,36,44,381,1,2,0,0,8.7,8.7,81.8,91.4,18,53,2.9,2,1,1,3,3,5,207,5,11,0,0,29:47,Detroit Lions
15,Sat,December 16,boxscore,W,,,Chicago Bears,20,10,25,33,202,2,0,4,35,7.2,5.5,75.8,110.9,20,91,4.6,0,2,2,2,2,4,182,6,13,0,0,29:05,Detroit Lions
16,Sun,December 24,boxscore,L,,@,Cincinnati Bengals,17,26,19,35,189,1,1,2,14,5.8,5.1,54.3,67.4,22,87,4.0,1,1,2,2,2,5,202,6,15,1,2,27:31,Detroit Lions
17,Sun,December 31,boxscore,W,,,Green Bay Packers,35,11,20,29,305,3,0,2,18,11.1,9.8,69.0,137.9,23,51,2.2,1,2,2,3,3,6,266,4,12,0,0,28:13,Detroit Lions
1,Sun,September 10,boxscore,W,,,Seattle Seahawks,17,9,28,42,286,1,1,4,25,7.4,6.2,66.7,84.0,28,84,3.0,1,1,1,2,2,5,219,9,16,0,0,39:13,Green Bay Packers
2,Sun,September 17,boxscore,L,,@,Atlanta Falcons,23,34,33,50,308,2,1,3,35,6.9,5.8,66.0,87.7,15,59,3.9,1,1,1,2,2,3,119,5,12,3,3,31:23,Green Bay Packers
3,Sun,September 24,boxscore,W,OT,,Cincinnati Bengals,27,24,28,42,280,3,1,6,33,7.5,5.8,66.7,99.3,17,64,3.8,0,2,2,3,3,6,296,7,15,0,0,29:21,Green Bay Packers
4,Thu,September 28,boxscore,W,,,Chicago Bears,35,14,19,27,169,4,0,2,10,6.6,5.8,70.4,126.4,24,91,3.8,1,0,0,5,5,5,238,7,14,1,1,28:09,Green Bay Packers
5,Sun,October 8,boxscore,W,,@,Dallas Cowboys,35,31,19,29,182,3,0,4,39,7.6,5.5,65.5,117.3,25,160,6.4,1,1,1,2,4,2,97,3,7,1,1,24:54,Green Bay Packers
6,Sun,October 15,boxscore,L,,@,Minnesota Vikings,10,23,20,37,155,1,3,4,20,4.7,3.8,54.1,39.8,24,72,3.0,0,1,1,1,1,6,263,4,17,2,3,27:51,Green Bay Packers
7,Sun,October 22,boxscore,L,,,New Orleans Saints,17,26,12,25,79,0,1,1,8,3.5,3.0,48.0,38.6,24,181,7.5,2,1,2,2,2,5,238,4,11,0,0,23:04,Green Bay Packers
9,Mon,November 6,boxscore,L,,,Detroit Lions,17,30,26,38,233,0,0,3,12,6.4,5.7,68.4,84.6,17,78,4.6,2,1,2,2,2,3,128,2,9,0,2,23:05,Green Bay Packers
10,Sun,November 12,boxscore,W,,@,Chicago Bears,23,16,18,25,182,1,0,3,30,8.5,6.5,72.0,105.7,37,160,4.3,1,3,4,2,2,4,160,7,16,1,1,33:53,Green Bay Packers
11,Sun,November 19,boxscore,L,,,Baltimore Ravens,0,23,21,36,190,0,3,6,49,6.6,4.5,58.3,38.0,25,75,3.0,0,0,0,0,0,5,202,4,13,1,4,29:57,Green Bay Packers
12,Sun,November 26,boxscore,L,,@,Pittsburgh Steelers,28,31,17,26,227,3,0,4,18,9.4,7.6,65.4,131.4,24,80,3.3,1,0,1,4,4,5,241,6,13,1,1,26:24,Green Bay Packers
13,Sun,December 3,boxscore,W,OT,,Tampa Bay Buccaneers,26,20,13,22,77,0,1,2,7,3.8,3.2,59.1,47.0,29,199,6.9,2,2,2,2,2,4,181,5,12,0,0,26:44,Green Bay Packers
14,Sun,December 10,boxscore,W,OT,@,Cleveland Browns,27,21,35,46,256,3,0,1,9,5.8,5.4,76.1,110.4,27,85,3.1,1,0,0,3,3,4,191,8,16,2,3,36:17,Green Bay Packers
15,Sun,December 17,boxscore,L,,@,Carolina Panthers,24,31,26,45,264,3,3,3,26,6.4,5.5,57.8,69.1,19,120,6.3,0,1,1,3,3,2,82,4,11,2,3,26:03,Green Bay Packers
16,Sat,December 23,boxscore,L,,,Minnesota Vikings,0,16,17,40,126,0,2,1,4,3.3,3.1,42.5,29.8,24,113,4.7,0,0,0,0,0,6,231,4,15,0,4,28:23,Green Bay Packers
17,Sun,December 31,boxscore,L,,@,Detroit Lions,11,35,20,32,153,1,2,4,40,6.0,4.3,62.5,58.5,27,103,3.8,0,1,1,0,0,6,269,4,14,1,2,31:47,Green Bay Packers
1,Sun,September 10,boxscore,L,,,Jacksonville Jaguars,7,29,19,36,110,1,1,10,54,4.6,2.4,52.8,56.5,23,93,4.0,0,0,0,1,1,5,216,5,12,0,1,29:55,Houston Texans
2,Thu,September 14,boxscore,W,,@,Cincinnati Bengals,13,9,15,24,98,0,0,3,27,5.2,3.6,62.5,71.2,35,168,4.8,1,2,2,1,1,9,440,4,15,0,0,32:15,Houston Texans
3,Sun,September 24,boxscore,L,,@,New England Patriots,33,36,22,33,292,2,2,2,9,9.1,8.3,66.7,89.5,32,125,3.9,0,4,4,3,3,4,234,6,14,0,0,33:38,Houston Texans
4,Sun,October 1,boxscore,W,,,Tennessee Titans,57,14,25,34,272,4,1,2,11,8.3,7.6,73.5,123.7,42,173,4.1,2,3,3,6,7,2,122,6,12,1,1,39:41,Houston Texans
5,Sun,October 8,boxscore,L,,,Kansas City Chiefs,34,42,16,31,248,5,0,3,13,8.4,7.3,51.6,118.0,23,144,6.3,0,0,0,2,2,5,240,3,10,1,1,21:43,Houston Texans
6,Sun,October 15,boxscore,W,,,Cleveland Browns,33,17,17,29,217,3,1,1,8,7.8,7.2,58.6,102.2,33,123,3.7,0,1,1,2,3,7,350,5,13,0,0,29:04,Houston Texans
8,Sun,October 29,boxscore,L,,@,Seattle Seahawks,38,41,19,30,367,4,3,5,35,13.4,10.5,63.3,105.8,34,142,4.2,1,1,1,5,5,5,265,2,10,1,1,30:22,Houston Texans
9,Sun,November 5,boxscore,L,,,Indianapolis Colts,14,20,19,44,194,1,0,2,25,5.0,4.2,43.2,64.0,21,94,4.5,0,0,1,2,2,8,390,4,14,0,1,29:01,Houston Texans
10,Sun,November 12,boxscore,L,,@,Los Angeles Rams,7,33,18,36,194,1,2,3,27,6.1,5.0,50.0,52.3,25,89,3.6,0,0,1,1,1,6,281,4,12,0,1,28:29,Houston Texans
11,Sun,November 19,boxscore,W,,,Arizona Cardinals,31,21,22,32,223,2,1,1,7,7.2,6.8,68.8,96.2,34,134,3.9,2,1,1,4,4,6,281,8,15,0,0,33:46,Houston Texans
12,Mon,November 27,boxscore,L,,@,Baltimore Ravens,16,23,22,37,237,0,2,2,15,6.8,6.1,59.5,55.8,25,66,2.6,1,3,3,1,1,4,174,6,14,0,0,30:16,Houston Texans
13,Sun,December 3,boxscore,L,,@,Tennessee Titans,13,24,31,49,331,1,1,4,34,7.4,6.2,63.3,81.2,22,53,2.4,0,2,4,1,1,3,139,8,16,1,1,33:49,Houston Texans
14,Sun,December 10,boxscore,L,,,San Francisco 49ers,16,26,20,38,221,2,0,3,17,6.3,5.4,52.6,87.7,23,90,3.9,0,1,2,1,2,6,314,3,13,1,2,25:11,Houston Texans
15,Sun,December 17,boxscore,L,,@,Jacksonville Jaguars,7,45,12,31,99,1,1,4,29,4.1,2.8,38.7,45.0,21,87,4.1,0,0,0,1,1,11,518,4,16,0,0,26:42,Houston Texans
16,Mon,December 25,boxscore,L,,,Pittsburgh Steelers,6,34,8,17,51,1,1,7,42,5.5,2.1,47.1,48.9,28,176,6.3,0,0,0,0,0,7,342,3,12,0,1,29:04,Houston Texans
17,Sun,December 31,boxscore,L,,@,Indianapolis Colts,13,22,14,24,124,0,1,2,13,5.7,4.8,58.3,54.9,27,85,3.1,1,2,2,1,1,4,201,5,11,0,0,28:47,Houston Texans
1,Sun,September 10,boxscore,L,,@,Los Angeles Rams,9,46,11,21,150,0,2,4,29,8.5,6.0,52.4,35.9,24,75,3.1,1,1,2,0,1,6,302,0,10,0,1,25:35,Indianapolis Colts
2,Sun,September 17,boxscore,L,OT,,Arizona Cardinals,13,16,20,37,190,0,1,4,26,5.8,4.6,54.1,57.3,29,76,2.6,1,2,2,1,1,7,303,8,18,0,0,33:09,Indianapolis Colts
3,Sun,September 24,boxscore,W,,,Cleveland Browns,31,28,17,24,243,1,0,3,16,10.8,9.0,70.8,117.2,36,92,2.6,3,1,1,4,4,7,320,8,17,0,0,33:27,Indianapolis Colts
4,Sun,October 1,boxscore,L,,@,Seattle Seahawks,18,46,16,29,139,1,1,3,18,5.4,4.3,55.2,65.2,25,98,3.9,1,1,1,1,1,6,250,6,14,0,0,27:48,Indianapolis Colts
5,Sun,October 8,boxscore,W,OT,,San Francisco 49ers,26,23,22,34,288,0,1,4,26,9.2,7.6,64.7,79.0,35,159,4.5,2,4,4,2,2,4,191,8,16,0,0,37:17,Indianapolis Colts
6,Mon,October 16,boxscore,L,,@,Tennessee Titans,22,36,21,37,212,1,0,1,0,5.7,5.6,56.8,82.3,19,85,4.5,0,3,3,1,2,3,160,2,9,0,1,24:07,Indianapolis Colts
7,Sun,October 22,boxscore,L,,,Jacksonville Jaguars,0,27,22,37,136,0,0,10,64,5.4,2.9,59.5,66.9,20,96,4.8,0,0,0,0,0,7,314,5,15,0,3,27:13,Indianapolis Colts
8,Sun,October 29,boxscore,L,,@,Cincinnati Bengals,23,24,25,39,216,2,1,4,17,6.0,5.0,64.1,85.0,28,115,4.1,0,3,3,2,2,5,183,8,16,0,1,33:13,Indianapolis Colts
9,Sun,November 5,boxscore,W,,@,Houston Texans,20,14,20,30,279,2,0,3,29,10.3,8.5,66.7,118.6,28,92,3.3,0,2,2,2,2,6,249,4,14,0,0,30:59,Indianapolis Colts
10,Sun,November 12,boxscore,L,,,Pittsburgh Steelers,17,20,14,24,196,2,1,3,26,9.3,7.3,58.3,95.1,29,71,2.4,0,1,1,2,2,7,328,6,15,0,0,30:02,Indianapolis Colts
12,Sun,November 26,boxscore,L,,,Tennessee Titans,16,20,17,29,165,0,0,8,31,6.8,4.5,58.6,74.6,24,89,3.7,1,3,3,1,1,5,235,6,14,0,0,31:22,Indianapolis Colts
13,Sun,December 3,boxscore,L,,@,Jacksonville Jaguars,10,30,21,36,149,1,2,4,25,4.8,3.7,58.3,54.1,26,141,5.4,0,1,1,1,1,4,187,5,15,4,4,26:13,Indianapolis Colts
14,Sun,December 10,boxscore,L,OT,@,Buffalo Bills,7,13,11,22,64,1,0,1,5,3.1,2.8,50.0,71.4,46,163,3.5,0,0,2,1,1,7,269,4,16,3,4,36:02,Indianapolis Colts
15,Thu,December 14,boxscore,L,,,Denver Broncos,13,25,17,30,158,0,0,1,0,5.3,5.1,56.7,71.2,22,70,3.2,1,2,2,1,1,4,164,6,13,0,1,23:09,Indianapolis Colts
16,Sat,December 23,boxscore,L,,@,Baltimore Ravens,16,23,16,33,203,1,0,2,12,6.5,5.8,48.5,78.2,24,93,3.9,0,3,5,1,1,2,74,5,13,1,2,24:12,Indianapolis Colts
17,Sun,December 31,boxscore,W,,,Houston Texans,22,13,15,25,104,1,0,1,10,4.6,4.0,60.0,82.7,36,146,4.1,1,2,2,2,2,5,235,6,13,0,0,31:13,Indianapolis Colts
1,Sun,September 10,boxscore,W,,@,Houston Texans,29,7,11,21,125,1,0,0,0,6.0,6.0,52.4,86.4,39,155,4.0,1,3,4,2,3,4,187,3,12,1,1,30:05,Jacksonville Jaguars
2,Sun,September 17,boxscore,L,,,Tennessee Titans,16,37,20,34,211,1,2,2,12,6.6,5.9,58.8,62.3,25,99,4.0,1,1,1,1,1,5,246,6,13,0,0,29:14,Jacksonville Jaguars
3,Sun,September 24,boxscore,W,,,Baltimore Ravens,44,7,20,33,244,4,0,0,0,7.4,7.4,60.6,123.0,35,166,4.7,1,3,3,5,5,3,150,3,12,2,2,34:03,Jacksonville Jaguars
4,Sun,October 1,boxscore,L,OT,@,New York Jets,20,23,15,35,136,1,1,1,4,4.0,3.8,42.9,51.6,39,175,4.5,0,2,3,2,2,8,361,4,15,0,0,35:08,Jacksonville Jaguars
5,Sun,October 8,boxscore,W,,@,Pittsburgh Steelers,30,9,8,14,82,0,1,2,13,6.8,5.1,57.1,44.3,37,231,6.2,2,1,1,3,4,5,190,6,12,0,0,28:52,Jacksonville Jaguars
6,Sun,October 15,boxscore,L,,,Los Angeles Rams,17,27,23,35,220,1,1,5,21,6.9,5.5,65.7,80.7,26,169,6.5,1,1,3,2,2,8,274,4,15,1,1,31:59,Jacksonville Jaguars
7,Sun,October 22,boxscore,W,,@,Indianapolis Colts,27,0,18,27,330,1,0,1,0,12.2,11.8,66.7,120.9,37,188,5.1,2,2,2,3,3,2,107,8,14,0,1,32:47,Jacksonville Jaguars
9,Sun,November 5,boxscore,W,,,Cincinnati Bengals,23,7,24,38,259,1,0,0,0,6.8,6.8,63.2,91.9,40,149,3.7,0,3,3,2,2,2,94,12,18,0,1,40:14,Jacksonville Jaguars
10,Sun,November 12,boxscore,W,OT,,Los Angeles Chargers,20,17,28,51,263,1,2,3,10,5.4,4.9,54.9,59.5,27,135,5.0,1,2,2,0,1,9,431,5,18,1,2,35:01,Jacksonville Jaguars
11,Sun,November 19,boxscore,W,,@,Cleveland Browns,19,7,17,30,145,1,0,2,9,5.1,4.5,56.7,80.6,44,139,3.2,0,2,3,1,1,9,354,6,20,1,1,36:55,Jacksonville Jaguars
12,Sun,November 26,boxscore,L,,@,Arizona Cardinals,24,27,19,33,128,0,1,3,32,4.8,3.6,57.6,53.6,22,91,4.1,2,1,1,3,3,8,396,1,12,1,1,25:21,Jacksonville Jaguars
13,Sun,December 3,boxscore,W,,,Indianapolis Colts,30,10,27,36,330,2,0,1,8,9.4,8.9,75.0,121.3,27,96,3.6,1,3,3,1,1,2,76,9,15,1,1,33:47,Jacksonville Jaguars
14,Sun,December 10,boxscore,W,,,Seattle Seahawks,30,24,18,27,268,2,0,0,0,9.9,9.9,66.7,123.7,39,156,4.0,1,3,3,3,3,5,194,4,13,0,0,33:01,Jacksonville Jaguars
15,Sun,December 17,boxscore,W,,,Houston Texans,45,7,21,29,326,3,0,1,0,11.2,10.9,72.4,143.7,38,138,3.6,3,1,1,6,6,6,283,3,10,0,0,33:18,Jacksonville Jaguars
16,Sun,December 24,boxscore,L,,@,San Francisco 49ers,33,44,32,50,380,2,3,1,2,7.6,7.5,64.0,75.4,28,92,3.3,2,1,1,2,3,4,156,5,13,2,2,30:49,Jacksonville Jaguars
17,Sun,December 31,boxscore,L,,@,Tennessee Titans,10,15,15,34,146,0,2,2,12,4.6,4.1,44.1,32.2,24,83,3.5,0,1,1,1,1,8,336,6,16,0,0,26:33,Jacksonville Jaguars
18,Sun,January 7,boxscore,W,,,Buffalo Bills,10,3,12,23,75,1,0,2,12,3.8,3.0,52.2,73.6,34,155,4.6,0,1,1,1,1,9,399,2,12,1,1,27:23,Jacksonville Jaguars
19,Sun,January 14,boxscore,W,,@,Pittsburgh Steelers,45,42,14,26,214,1,0,0,0,8.2,8.2,53.8,94.1,35,164,4.7,4,1,1,6,6,4,131,8,14,1,1,28:50,Jacksonville Jaguars
20,Sun,January 21,boxscore,L,,@,New England Patriots,20,24,23,36,273,1,0,3,20,8.1,7.0,63.9,96.2,32,101,3.2,1,2,2,2,2,6,255,6,15,0,1,35:08,Jacksonville Jaguars
18,Sun,January 7,boxscore,W,,,Buffalo Bills,10,3,12,23,75,1,0,2,12,3.8,3.0,52.2,73.6,34,155,4.6,0,1,1,1,1,9,399,2,12,1,1,27:23,Jacksonville Jaguars
19,Sun,January 14,boxscore,W,,@,Pittsburgh Steelers,45,42,14,26,214,1,0,0,0,8.2,8.2,53.8,94.1,35,164,4.7,4,1,1,6,6,4,131,8,14,1,1,28:50,Jacksonville Jaguars
20,Sun,January 21,boxscore,L,,@,New England Patriots,20,24,23,36,273,1,0,3,20,8.1,7.0,63.9,96.2,32,101,3.2,1,2,2,2,2,6,255,6,15,0,1,35:08,Jacksonville Jaguars
1,Thu,September 7,boxscore,W,,@,New England Patriots,42,27,28,35,352,4,0,3,16,10.5,9.3,80.0,146.7,27,185,6.9,2,0,0,6,6,6,262,4,11,0,0,30:14,Kansas City Chiefs
2,Sun,September 17,boxscore,W,,,Philadelphia Eagles,27,20,21,28,232,1,0,4,19,9.0,7.3,75.0,111.0,19,112,5.9,2,2,2,3,3,5,227,5,12,0,0,29:11,Kansas City Chiefs
3,Sun,September 24,boxscore,W,,@,Los Angeles Chargers,24,10,16,21,122,2,0,5,33,7.4,4.7,76.2,121.5,25,189,7.6,1,1,1,3,3,5,249,4,12,0,1,30:26,Kansas City Chiefs
4,Mon,October 2,boxscore,W,,,Washington Redskins,29,20,27,37,261,1,0,4,32,7.9,6.4,73.0,101.3,31,168,5.4,1,3,4,2,2,3,105,8,13,0,0,37:09,Kansas City Chiefs
5,Sun,October 8,boxscore,W,,@,Houston Texans,42,34,29,37,323,3,0,1,1,8.8,8.5,78.4,130.1,35,127,3.6,0,5,5,3,3,2,86,9,16,0,0,38:17,Kansas City Chiefs
6,Sun,October 15,boxscore,L,,,Pittsburgh Steelers,13,19,19,34,223,1,0,3,23,7.2,6.0,55.9,85.8,15,28,1.9,0,2,2,1,1,4,190,3,11,0,2,23:21,Kansas City Chiefs
7,Thu,October 19,boxscore,L,,@,Oakland Raiders,30,31,25,36,331,3,0,1,11,9.5,8.9,69.4,126.0,23,94,4.1,0,3,3,3,3,3,137,8,15,0,0,30:36,Kansas City Chiefs
8,Mon,October 30,boxscore,W,,,Denver Broncos,29,19,14,32,197,1,1,1,5,6.3,6.0,43.8,61.6,26,79,3.0,0,5,5,2,2,5,209,2,12,0,0,28:37,Kansas City Chiefs
9,Sun,November 5,boxscore,L,,@,Dallas Cowboys,17,28,25,34,255,2,1,2,8,7.7,7.1,73.5,102.0,19,68,3.6,0,1,1,2,2,5,231,4,11,0,1,28:43,Kansas City Chiefs
11,Sun,November 19,boxscore,L,OT,@,New York Giants,9,12,27,41,229,0,3,1,1,5.6,5.5,65.9,49.7,29,134,4.6,0,3,3,0,0,5,215,3,11,1,1,37:16,Kansas City Chiefs
12,Sun,November 26,boxscore,L,,,Buffalo Bills,10,16,23,36,181,1,1,2,18,5.5,4.8,63.9,74.0,19,55,2.9,0,1,1,1,1,8,390,2,13,0,1,26:42,Kansas City Chiefs
13,Sun,December 3,boxscore,L,,@,New York Jets,31,38,19,33,362,4,0,2,4,11.1,10.3,57.6,135.4,11,112,10.2,0,1,2,4,4,2,98,3,8,0,1,17:11,Kansas City Chiefs
14,Sun,December 10,boxscore,W,,,Oakland Raiders,26,15,20,34,243,0,1,4,25,7.9,6.4,58.8,68.6,33,165,5.0,2,4,4,2,2,3,103,5,13,0,0,36:40,Kansas City Chiefs
15,Sat,December 16,boxscore,W,,,Los Angeles Chargers,30,13,23,30,223,2,0,1,8,7.7,7.2,76.7,119.2,32,174,5.4,1,3,4,3,3,3,129,6,14,1,1,33:21,Kansas City Chiefs
16,Sun,December 24,boxscore,W,,,Miami Dolphins,29,13,25,39,301,1,0,1,3,7.8,7.5,64.1,96.2,34,103,3.0,1,5,6,2,2,1,49,8,16,0,1,37:53,Kansas City Chiefs
17,Sun,December 31,boxscore,W,,@,Denver Broncos,27,24,22,36,269,0,1,2,15,7.9,7.1,61.1,72.6,27,110,4.1,2,2,2,3,3,5,256,4,11,1,1,29:03,Kansas City Chiefs
18,Sat,January 6,boxscore,L,,,Tennessee Titans,21,22,24,33,256,2,0,4,8,8.0,6.9,72.7,115.2,16,69,4.3,1,0,1,3,3,5,250,4,11,0,1,27:32,Kansas City Chiefs
18,Sat,January 6,boxscore,L,,,Tennessee Titans,21,22,24,33,256,2,0,4,8,8.0,6.9,72.7,115.2,16,69,4.3,1,0,1,3,3,5,250,4,11,0,1,27:32,Kansas City Chiefs
1,Mon,September 11,boxscore,L,,@,Denver Broncos,21,24,22,33,185,3,1,1,7,5.8,5.4,66.7,98.7,22,64,2.9,0,0,1,3,3,5,230,3,12,1,2,25:47,Los Angeles Chargers
2,Sun,September 17,boxscore,L,,,Miami Dolphins,17,19,31,39,323,1,0,1,8,8.5,8.1,79.5,109.7,14,44,3.1,1,1,3,2,2,4,170,2,8,0,0,26:38,Los Angeles Chargers
3,Sun,September 24,boxscore,L,,,Kansas City Chiefs,10,24,20,40,226,0,3,2,11,5.9,5.4,50.0,36.0,26,104,4.0,1,1,1,1,1,5,250,5,13,0,0,29:34,Los Angeles Chargers
4,Sun,October 1,boxscore,L,,,Philadelphia Eagles,24,26,22,38,342,2,0,2,5,9.1,8.6,57.9,105.4,13,58,4.5,1,1,1,3,3,4,191,5,10,0,0,20:42,Los Angeles Chargers
5,Sun,October 8,boxscore,W,,@,New York Giants,27,22,21,44,258,3,1,0,0,5.9,5.9,47.7,79.5,29,124,4.3,0,2,2,3,3,6,333,8,18,0,0,31:45,Los Angeles Chargers
6,Sun,October 15,boxscore,W,,@,Oakland Raiders,17,16,25,36,263,1,0,1,5,7.4,7.1,69.4,99.7,28,80,2.9,1,1,2,2,2,4,223,6,14,1,2,32:03,Los Angeles Chargers
7,Sun,October 22,boxscore,W,,,Denver Broncos,21,0,15,26,162,2,0,3,21,7.0,5.6,57.7,101.8,26,80,3.1,0,0,0,3,3,8,413,3,12,0,1,28:56,Los Angeles Chargers
8,Sun,October 29,boxscore,L,,@,New England Patriots,13,21,17,30,192,1,1,1,20,7.1,6.2,56.7,73.2,21,157,7.5,1,0,1,1,1,5,225,3,10,1,1,23:01,Los Angeles Chargers
10,Sun,November 12,boxscore,L,OT,@,Jacksonville Jaguars,17,20,21,37,235,2,1,0,0,6.4,6.4,56.8,82.6,30,87,2.9,0,1,1,2,2,10,485,3,15,0,0,31:47,Los Angeles Chargers
11,Sun,November 19,boxscore,W,,,Buffalo Bills,54,24,25,37,283,2,0,1,1,7.7,7.4,67.6,108.3,35,146,4.2,2,4,5,6,6,2,73,7,14,0,0,36:05,Los Angeles Chargers
12,Thu,November 23,boxscore,W,,@,Dallas Cowboys,28,6,27,33,434,3,0,0,0,13.2,13.2,81.8,149.1,33,81,2.5,0,1,2,1,4,0,0,9,14,0,1,36:05,Los Angeles Chargers
13,Sun,December 3,boxscore,W,,,Cleveland Browns,19,10,31,43,335,1,0,1,9,8.0,7.6,72.1,102.4,25,94,3.8,0,4,5,1,1,2,73,8,15,1,1,34:57,Los Angeles Chargers
14,Sun,December 10,boxscore,W,,,Washington Redskins,30,13,19,34,314,2,1,2,8,9.5,8.7,55.9,94.5,35,174,5.0,1,3,3,3,3,5,264,6,15,0,0,35:20,Los Angeles Chargers
15,Sat,December 16,boxscore,L,,@,Kansas City Chiefs,13,30,20,36,209,1,3,2,18,6.3,5.5,55.6,47.1,22,98,4.5,1,0,0,1,2,3,149,4,11,1,2,26:39,Los Angeles Chargers
16,Sun,December 24,boxscore,W,,@,New York Jets,14,7,22,40,290,1,0,0,0,7.3,7.3,55.0,86.5,30,89,3.0,1,0,1,2,2,9,416,5,15,0,0,32:58,Los Angeles Chargers
17,Sun,December 31,boxscore,W,,,Oakland Raiders,30,10,28,37,380,3,0,1,7,10.5,10.0,75.7,135.0,30,115,3.8,0,1,2,3,4,2,63,7,13,0,1,33:20,Los Angeles Chargers
1,Sun,September 10,boxscore,W,,,Indianapolis Colts,46,9,22,30,310,1,0,1,8,10.6,10.0,73.3,117.4,33,63,1.9,2,3,3,5,5,5,218,5,14,0,0,34:25,Los Angeles Rams
2,Sun,September 17,boxscore,L,,,Washington Redskins,20,27,15,25,235,1,1,2,12,9.9,8.7,60.0,87.9,22,97,4.4,1,2,2,2,2,4,182,5,12,1,1,23:41,Los Angeles Rams
3,Thu,September 21,boxscore,W,,@,San Francisco 49ers,41,39,22,28,292,3,0,0,0,10.4,10.4,78.6,145.8,32,126,3.9,2,2,2,5,5,2,113,8,12,0,0,29:43,Los Angeles Rams
4,Sun,October 1,boxscore,W,,@,Dallas Cowboys,35,30,21,36,244,2,0,1,11,7.1,6.6,58.3,97.5,31,168,5.4,0,7,7,2,2,2,108,5,13,0,0,30:32,Los Angeles Rams
5,Sun,October 8,boxscore,L,,,Seattle Seahawks,10,16,22,47,275,0,2,2,13,6.1,5.6,46.8,47.7,22,100,4.5,1,1,2,1,1,3,136,8,15,0,1,28:44,Los Angeles Rams
6,Sun,October 15,boxscore,W,,@,Jacksonville Jaguars,27,17,11,21,107,1,0,3,17,5.9,4.5,52.4,82.8,32,142,4.4,0,2,2,3,3,7,322,4,13,0,0,28:01,Los Angeles Rams
7,Sun,October 22,boxscore,W,,,Arizona Cardinals,33,0,22,37,228,1,1,1,7,6.4,6.0,59.5,75.1,40,197,4.9,2,4,4,3,3,2,119,13,19,0,0,39:01,Los Angeles Rams
9,Sun,November 5,boxscore,W,,@,New York Giants,51,17,14,22,311,4,0,0,0,14.1,14.1,63.6,146.8,39,162,4.2,2,3,3,6,6,2,75,6,12,0,1,30:30,Los Angeles Rams
10,Sun,November 12,boxscore,W,,,Houston Texans,33,7,26,38,339,3,0,3,22,9.5,8.3,68.4,122.6,25,104,4.2,0,4,4,3,3,4,205,6,16,0,1,31:31,Los Angeles Rams
11,Sun,November 19,boxscore,L,,@,Minnesota Vikings,7,24,23,37,209,0,0,2,16,6.1,5.4,62.2,77.4,17,45,2.6,1,0,0,1,1,6,254,3,11,0,1,22:38,Los Angeles Rams
12,Sun,November 26,boxscore,W,,,New Orleans Saints,26,20,28,44,327,2,1,4,27,8.0,6.8,63.6,91.8,25,88,3.5,0,4,5,2,2,3,138,3,14,0,0,35:26,Los Angeles Rams
13,Sun,December 3,boxscore,W,,@,Arizona Cardinals,32,16,21,31,213,2,1,1,7,7.1,6.7,67.7,95.2,24,90,3.8,0,4,4,2,3,4,207,3,11,1,1,28:58,Los Angeles Rams
14,Sun,December 10,boxscore,L,,,Philadelphia Eagles,35,43,16,26,198,2,0,2,1,7.7,7.1,61.5,110.7,17,109,6.4,2,0,0,5,5,5,282,2,7,0,0,20:48,Los Angeles Rams
15,Sun,December 17,boxscore,W,,@,Seattle Seahawks,42,7,15,23,108,2,1,2,16,5.4,4.3,65.2,86.9,43,244,5.7,3,2,2,4,5,5,213,6,16,1,3,36:46,Los Angeles Rams
16,Sun,December 24,boxscore,W,,@,Tennessee Titans,27,23,22,39,286,4,0,1,15,7.7,7.2,56.4,113.8,26,116,4.5,0,0,1,3,4,4,200,6,14,1,2,30:04,Los Angeles Rams
17,Sun,December 31,boxscore,L,,,San Francisco 49ers,13,34,20,34,149,0,0,3,20,5.0,4.0,58.8,69.4,26,102,3.9,1,2,2,1,1,7,341,5,15,1,1,30:51,Los Angeles Rams
18,Sat,January 6,boxscore,L,,,Atlanta Falcons,13,26,24,45,246,1,0,3,13,5.8,5.1,53.3,76.7,16,115,7.2,0,2,2,1,1,5,218,5,14,1,3,22:25,Los Angeles Rams
18,Sat,January 6,boxscore,L,,,Atlanta Falcons,13,26,24,45,246,1,0,3,13,5.8,5.1,53.3,76.7,16,115,7.2,0,2,2,1,1,5,218,5,14,1,3,22:25,Los Angeles Rams
1,Sun,September 10,boxscore,W,,@,Tennessee Titans,26,16,22,32,250,2,0,2,12,8.2,7.4,68.8,112.8,29,109,3.8,0,4,4,2,2,3,158,5,12,1,1,31:39,Las Vegas Raiders
2,Sun,September 17,boxscore,W,,,New York Jets,45,20,23,28,230,3,0,0,0,8.2,8.2,82.1,136.6,27,180,6.7,3,1,1,6,6,3,166,8,12,0,0,31:02,Las Vegas Raiders
3,Sun,September 24,boxscore,L,,@,Washington Redskins,10,27,19,31,96,1,2,4,22,3.8,2.7,61.3,49.9,13,32,2.5,0,1,1,1,1,7,369,0,11,1,2,21:54,Las Vegas Raiders
4,Sun,October 1,boxscore,L,,@,Denver Broncos,10,16,21,35,230,1,1,3,19,7.1,6.1,60.0,77.1,15,24,1.6,0,1,1,1,1,6,306,2,12,0,3,27:03,Las Vegas Raiders
5,Sun,October 8,boxscore,L,,,Baltimore Ravens,17,30,13,26,137,1,0,3,22,6.1,4.7,50.0,78.5,25,108,4.3,1,1,1,2,2,4,197,6,12,0,1,26:17,Las Vegas Raiders
6,Sun,October 15,boxscore,L,,,Los Angeles Chargers,16,17,21,30,165,1,2,1,6,5.7,5.3,70.0,66.7,22,109,5.0,1,1,1,1,2,4,226,6,12,0,1,27:57,Las Vegas Raiders
7,Thu,October 19,boxscore,W,,,Kansas City Chiefs,31,30,29,52,417,3,0,0,0,8.0,8.0,55.8,101.2,21,88,4.2,1,1,3,4,4,3,146,6,13,1,1,29:24,Las Vegas Raiders
8,Sun,October 29,boxscore,L,,@,Buffalo Bills,14,34,31,49,313,1,2,0,0,6.4,6.4,63.3,71.2,14,54,3.9,1,0,0,2,2,4,153,3,10,1,2,24:23,Las Vegas Raiders
9,Sun,November 5,boxscore,W,,@,Miami Dolphins,27,24,21,30,295,1,1,1,5,10.0,9.5,70.0,98.6,27,84,3.1,2,2,2,3,3,3,140,8,15,0,0,30:56,Las Vegas Raiders
11,Sun,November 19,boxscore,L,,,New England Patriots,8,33,28,49,235,1,1,1,2,4.8,4.7,57.1,68.0,21,109,5.2,0,0,0,0,0,3,137,7,15,2,4,32:23,Las Vegas Raiders
12,Sun,November 26,boxscore,W,,,Denver Broncos,21,14,18,24,244,2,0,2,9,10.5,9.4,75.0,134.7,37,104,2.8,1,0,1,3,3,6,261,5,13,0,0,35:54,Las Vegas Raiders
13,Sun,December 3,boxscore,W,,,New York Giants,24,17,22,36,282,1,0,1,5,8.0,7.6,61.1,94.9,29,119,4.1,2,1,1,3,3,4,200,6,15,1,3,31:19,Las Vegas Raiders
14,Sun,December 10,boxscore,L,,@,Kansas City Chiefs,15,26,24,41,198,1,2,3,13,5.1,4.5,58.5,58.8,11,70,6.4,1,0,0,1,1,7,286,5,13,1,1,23:20,Las Vegas Raiders
15,Sun,December 17,boxscore,L,,,Dallas Cowboys,17,20,21,38,171,2,0,0,0,4.5,4.5,55.3,84.4,23,122,5.3,0,1,2,2,2,4,182,8,15,0,0,27:40,Las Vegas Raiders
16,Mon,December 25,boxscore,L,,@,Philadelphia Eagles,10,19,15,29,137,1,2,1,3,4.8,4.6,51.7,47.6,33,137,4.2,0,1,2,1,1,5,207,3,13,0,2,34:21,Las Vegas Raiders
17,Sun,December 31,boxscore,L,,@,Los Angeles Chargers,10,30,19,28,231,1,1,2,12,8.7,7.7,67.9,90.0,23,105,4.6,0,1,1,1,1,3,136,4,11,0,3,26:40,Las Vegas Raiders
2,Sun,September 17,boxscore,W,,@,Los Angeles Chargers,19,17,24,34,225,1,0,2,5,6.8,6.3,70.6,98.3,32,111,3.5,0,4,4,1,1,3,130,5,13,0,1,33:22,Miami Dolphins
3,Sun,September 24,boxscore,L,,@,New York Jets,6,20,26,45,195,1,2,3,25,4.9,4.1,57.8,57.2,15,30,2.0,0,0,0,0,1,7,333,1,12,0,3,23:52,Miami Dolphins
4,Sun,October 1,boxscore,L,,,New Orleans Saints,0,20,20,28,128,0,1,4,36,5.9,4.0,71.4,65.8,15,58,3.9,0,0,0,0,0,6,263,1,8,0,1,25:32,Miami Dolphins
5,Sun,October 8,boxscore,W,,,Tennessee Titans,16,10,12,27,78,1,1,1,14,3.4,2.8,44.4,48.5,31,100,3.2,0,1,1,1,2,9,459,5,15,0,0,29:45,Miami Dolphins
6,Sun,October 15,boxscore,W,,@,Atlanta Falcons,20,17,19,33,151,2,1,0,0,4.6,4.6,57.6,76.7,31,138,4.5,0,2,2,2,2,2,80,5,12,2,3,34:24,Miami Dolphins
7,Sun,October 22,boxscore,W,,,New York Jets,31,28,25,37,304,4,2,3,22,8.8,7.6,67.6,106.1,25,53,2.1,0,1,1,4,4,6,267,5,13,0,0,31:58,Miami Dolphins
8,Thu,October 26,boxscore,L,,@,Baltimore Ravens,0,40,25,44,151,0,2,3,25,4.0,3.2,56.8,44.8,19,45,2.4,0,0,1,0,0,8,328,4,15,0,2,28:46,Miami Dolphins
9,Sun,November 5,boxscore,L,,,Oakland Raiders,24,27,34,42,309,3,0,1,2,7.4,7.2,81.0,121.1,18,86,4.8,0,1,1,1,2,5,221,5,12,0,1,29:04,Miami Dolphins
10,Mon,November 13,boxscore,L,,@,Carolina Panthers,21,45,22,37,213,2,1,0,0,5.8,5.8,59.5,82.4,17,100,5.9,1,0,0,3,3,4,167,7,12,0,1,24:21,Miami Dolphins
11,Sun,November 19,boxscore,L,,,Tampa Bay Buccaneers,20,30,23,40,365,2,3,1,0,9.1,8.9,57.5,73.4,19,83,4.4,0,2,2,2,2,2,106,6,13,0,1,28:11,Miami Dolphins
12,Sun,November 26,boxscore,L,,@,New England Patriots,17,35,23,34,154,1,2,7,61,6.3,3.8,67.6,62.6,19,67,3.5,0,1,1,2,2,5,208,2,11,2,3,27:19,Miami Dolphins
13,Sun,December 3,boxscore,W,,,Denver Broncos,35,9,18,32,222,2,2,2,13,7.3,6.5,56.3,72.7,30,145,4.8,1,1,1,4,4,9,386,4,15,0,0,34:22,Miami Dolphins
14,Mon,December 11,boxscore,W,,,New England Patriots,27,20,25,38,242,3,0,2,21,6.9,6.1,65.8,109.8,30,120,4.0,0,2,2,3,3,7,315,4,14,1,1,36:09,Miami Dolphins
15,Sun,December 17,boxscore,L,,@,Buffalo Bills,16,24,28,49,249,0,3,3,25,5.6,4.8,57.1,45.4,21,100,4.8,1,3,3,1,1,4,187,5,16,1,2,32:25,Miami Dolphins
16,Sun,December 24,boxscore,L,,@,Kansas City Chiefs,13,29,19,38,286,1,0,0,0,7.5,7.5,50.0,83.9,16,59,3.7,0,2,3,1,1,2,59,0,8,0,2,22:07,Miami Dolphins
17,Sun,December 31,boxscore,L,,,Buffalo Bills,16,22,30,44,263,1,1,1,8,6.2,5.8,68.2,81.9,22,93,4.2,1,1,1,1,1,4,186,5,13,1,3,28:56,Miami Dolphins
1,Mon,September 11,boxscore,W,,,New Orleans Saints,29,19,27,32,341,3,0,1,5,10.8,10.3,84.4,142.3,30,129,4.3,0,3,3,2,3,2,87,9,14,0,0,31:16,Minnesota Vikings
2,Sun,September 17,boxscore,L,,@,Pittsburgh Steelers,9,26,20,38,146,0,0,2,21,4.4,3.7,52.6,62.0,20,91,4.6,1,1,1,0,1,6,264,5,15,0,3,25:38,Minnesota Vikings
3,Sun,September 24,boxscore,W,,,Tampa Bay Buccaneers,34,17,25,33,369,3,0,0,0,11.2,11.2,75.8,142.1,37,125,3.4,1,2,2,4,4,3,121,7,13,0,0,37:46,Minnesota Vikings
4,Sun,October 1,boxscore,L,,,Detroit Lions,7,14,16,30,197,0,0,2,22,7.3,6.2,53.3,73.9,22,87,4.0,1,0,1,1,1,5,201,3,10,0,1,23:33,Minnesota Vikings
5,Mon,October 9,boxscore,W,,@,Chicago Bears,20,17,22,32,141,1,0,4,35,5.5,3.9,68.8,88.2,31,159,5.1,1,2,2,2,2,6,258,6,15,0,0,31:24,Minnesota Vikings
6,Sun,October 15,boxscore,W,,,Green Bay Packers,23,10,24,38,239,1,1,0,0,6.3,6.3,63.2,78.7,32,112,3.5,1,3,3,2,2,4,155,4,12,0,1,32:09,Minnesota Vikings
7,Sun,October 22,boxscore,W,,,Baltimore Ravens,24,16,20,31,188,0,1,0,0,6.1,6.1,64.5,67.7,33,169,5.1,1,6,6,0,1,2,92,7,15,0,0,32:01,Minnesota Vikings
8,Sun,October 29,boxscore,W,,@,Cleveland Browns,33,16,27,43,287,2,1,1,1,6.7,6.5,62.8,88.0,34,88,2.6,1,4,4,1,2,6,221,6,16,0,0,37:52,Minnesota Vikings
10,Sun,November 12,boxscore,W,,@,Washington Redskins,38,30,21,29,304,4,2,0,0,10.5,10.5,72.4,117.0,31,102,3.3,1,1,1,5,5,2,79,8,12,0,0,28:54,Minnesota Vikings
11,Sun,November 19,boxscore,W,,,Los Angeles Rams,24,7,27,38,280,1,0,0,0,7.4,7.4,71.1,100.8,35,171,4.9,2,1,3,3,3,3,137,7,14,1,1,37:22,Minnesota Vikings
12,Thu,November 23,boxscore,W,,@,Detroit Lions,30,23,21,30,272,2,0,2,10,9.4,8.5,70.0,120.4,41,136,3.3,2,1,2,3,4,4,171,6,13,0,0,34:57,Minnesota Vikings
13,Sun,December 3,boxscore,W,,@,Atlanta Falcons,14,9,25,30,207,2,0,2,20,7.6,6.5,83.3,117.6,31,105,3.4,0,0,0,2,2,5,225,6,12,0,0,34:02,Minnesota Vikings
14,Sun,December 10,boxscore,L,,@,Carolina Panthers,24,31,27,44,256,2,2,6,24,6.4,5.1,61.4,73.7,21,100,4.8,0,3,4,1,1,3,131,7,15,0,1,28:42,Minnesota Vikings
15,Sun,December 17,boxscore,W,,,Cincinnati Bengals,34,7,20,25,222,2,1,2,14,9.4,8.2,80.0,113.7,34,124,3.6,1,2,2,4,4,5,217,4,12,0,0,35:52,Minnesota Vikings
16,Sat,December 23,boxscore,W,,@,Green Bay Packers,16,0,14,25,124,1,0,3,15,5.6,4.4,56.0,82.7,33,112,3.4,0,3,3,1,1,7,277,4,15,0,0,31:37,Minnesota Vikings
17,Sun,December 31,boxscore,W,,,Chicago Bears,23,10,21,29,180,1,0,2,9,6.5,5.8,72.4,99.8,36,147,4.1,2,0,1,3,3,8,358,5,13,0,0,35:55,Minnesota Vikings
19,Sun,January 14,boxscore,W,,,New Orleans Saints,29,24,25,40,308,1,1,2,10,8.0,7.3,62.5,84.2,29,95,3.3,2,3,4,2,2,4,127,10,17,0,0,33:17,Minnesota Vikings
20,Sun,January 21,boxscore,L,,@,Philadelphia Eagles,7,38,28,48,263,1,2,1,8,5.6,5.4,58.3,63.1,18,70,3.9,0,0,0,1,1,3,145,6,13,0,2,25:56,Minnesota Vikings
19,Sun,January 14,boxscore,W,,,New Orleans Saints,29,24,25,40,308,1,1,2,10,8.0,7.3,62.5,84.2,29,95,3.3,2,3,4,2,2,4,127,10,17,0,0,33:17,Minnesota Vikings
20,Sun,January 21,boxscore,L,,@,Philadelphia Eagles,7,38,28,48,263,1,2,1,8,5.6,5.4,58.3,63.1,18,70,3.9,0,0,0,1,1,3,145,6,13,0,2,25:56,Minnesota Vikings
1,Thu,September 7,boxscore,L,,,Kansas City Chiefs,27,42,16,36,247,0,0,3,20,7.4,6.3,44.4,67.7,35,124,3.5,3,2,2,3,3,6,242,5,15,0,2,29:46,New England Patriots
2,Sun,September 17,boxscore,W,,@,New Orleans Saints,36,20,30,39,436,3,0,2,11,11.5,10.6,76.9,138.4,31,119,3.8,1,3,3,3,4,3,111,6,12,0,0,35:06,New England Patriots
3,Sun,September 24,boxscore,W,,,Houston Texans,36,33,25,35,337,5,0,5,41,10.8,8.4,71.4,141.3,20,59,3.0,0,0,0,4,4,6,272,6,13,0,0,26:22,New England Patriots
4,Sun,October 1,boxscore,L,,,Carolina Panthers,30,33,32,45,293,2,0,3,14,6.8,6.1,71.1,103.3,19,80,4.2,1,3,3,3,3,3,135,7,14,2,2,31:07,New England Patriots
5,Thu,October 5,boxscore,W,,@,Tampa Bay Buccaneers,19,14,30,40,289,1,1,3,14,7.6,6.7,75.0,92.6,23,113,4.9,0,4,4,1,1,4,188,4,12,0,0,30:50,New England Patriots
6,Sun,October 15,boxscore,W,,@,New York Jets,24,17,20,38,257,2,1,0,0,6.8,6.8,52.6,80.7,25,118,4.7,1,1,2,3,3,4,160,7,13,0,0,26:20,New England Patriots
7,Sun,October 22,boxscore,W,,,Atlanta Falcons,23,7,21,29,241,2,0,2,8,8.6,7.8,72.4,120.0,36,162,4.5,0,3,3,2,2,2,100,7,13,0,0,34:05,New England Patriots
8,Sun,October 29,boxscore,W,,,Los Angeles Chargers,21,13,32,47,317,1,0,3,16,7.1,6.3,68.1,94.0,32,97,3.0,0,4,6,1,1,3,130,9,19,1,1,36:59,New England Patriots
10,Sun,November 12,boxscore,W,,@,Denver Broncos,41,16,28,37,297,3,0,1,6,8.2,7.8,75.7,125.6,29,99,3.4,1,2,2,5,5,1,43,4,11,1,3,29:43,New England Patriots
11,Sun,November 19,boxscore,W,,@,Oakland Raiders,33,8,30,37,332,3,0,1,8,9.2,8.7,81.1,131.1,20,89,4.5,0,4,4,3,3,2,95,5,10,0,0,27:37,New England Patriots
12,Sun,November 26,boxscore,W,,,Miami Dolphins,35,17,18,28,221,4,1,1,6,8.1,7.6,64.3,113.2,38,196,5.2,1,0,0,5,5,3,122,5,12,1,2,32:41,New England Patriots
13,Sun,December 3,boxscore,W,,@,Buffalo Bills,23,3,21,30,244,0,1,3,14,8.6,7.4,70.0,80.4,35,191,5.5,2,3,3,2,2,3,105,5,12,0,0,34:01,New England Patriots
14,Mon,December 11,boxscore,L,,@,Miami Dolphins,20,27,24,43,223,1,2,2,10,5.4,5.0,55.8,58.6,10,25,2.5,1,2,2,2,2,7,334,0,11,0,0,23:51,New England Patriots
15,Sun,December 17,boxscore,W,,@,Pittsburgh Steelers,27,24,22,35,283,1,1,2,15,8.5,7.6,62.9,85.8,19,77,4.1,2,2,2,1,2,2,96,3,9,1,1,24:53,New England Patriots
16,Sun,December 24,boxscore,W,,,Buffalo Bills,37,16,21,28,218,2,1,2,6,8.0,7.3,75.0,106.0,38,193,5.1,2,3,3,4,4,1,44,5,11,1,1,31:44,New England Patriots
17,Sun,December 31,boxscore,W,,,New York Jets,26,6,19,40,183,2,0,2,12,4.9,4.4,47.5,77.4,38,147,3.9,1,1,1,3,3,8,338,4,15,1,1,34:49,New England Patriots
19,Sat,January 13,boxscore,W,,,Tennessee Titans,35,14,35,53,337,3,0,0,0,6.4,6.4,66.0,102.5,27,101,3.7,2,0,1,5,5,4,169,11,17,0,0,32:56,New England Patriots
20,Sun,January 21,boxscore,W,,,Jacksonville Jaguars,24,20,27,39,298,2,0,3,12,7.9,7.1,69.2,108.7,19,46,2.4,1,1,1,3,3,6,250,3,12,1,1,24:52,New England Patriots
21,Sun,February 4,boxscore,L,,N,Philadelphia Eagles,33,41,28,49,500,3,0,1,5,10.3,10.0,57.1,112.6,22,113,5.1,1,2,3,3,4,0,0,5,10,1,2,25:56,New England Patriots
19,Sat,January 13,boxscore,W,,,Tennessee Titans,35,14,35,53,337,3,0,0,0,6.4,6.4,66.0,102.5,27,101,3.7,2,0,1,5,5,4,169,11,17,0,0,32:56,New England Patriots
20,Sun,January 21,boxscore,W,,,Jacksonville Jaguars,24,20,27,39,298,2,0,3,12,7.9,7.1,69.2,108.7,19,46,2.4,1,1,1,3,3,6,250,3,12,1,1,24:52,New England Patriots
21,Sun,February 4,boxscore,L,,N,Philadelphia Eagles,33,41,28,49,500,3,0,1,5,10.3,10.0,57.1,112.6,22,113,5.1,1,2,3,3,4,0,0,5,10,1,2,25:56,New England Patriots
1,Mon,September 11,boxscore,L,,@,Minnesota Vikings,19,29,27,37,284,1,0,1,7,7.9,7.5,73.0,103.9,21,60,2.9,0,4,4,1,1,3,171,4,11,0,0,28:44,New Orleans Saints
2,Sun,September 17,boxscore,L,,,New England Patriots,20,36,27,45,348,2,0,1,8,7.9,7.6,60.0,99.1,17,81,4.8,0,2,3,2,2,3,121,4,12,1,2,24:54,New Orleans Saints
3,Sun,September 24,boxscore,W,,@,Carolina Panthers,34,13,22,29,213,3,0,1,7,7.6,7.1,75.9,130.4,27,149,5.5,1,2,3,4,4,3,150,6,12,0,0,31:09,New Orleans Saints
4,Sun,October 1,boxscore,W,,@,Miami Dolphins,20,0,29,41,261,2,0,1,7,6.5,6.2,70.7,103.8,28,86,3.1,0,2,3,2,2,3,141,6,13,1,2,34:28,New Orleans Saints
6,Sun,October 15,boxscore,W,,,Detroit Lions,52,38,20,30,186,2,2,0,0,6.2,6.2,66.7,77.9,37,193,5.2,2,1,1,7,7,7,344,2,12,1,1,32:11,New Orleans Saints
7,Sun,October 22,boxscore,W,,@,Green Bay Packers,26,17,27,38,324,1,2,1,7,8.7,8.3,71.1,83.7,36,161,4.5,2,2,2,2,3,2,78,8,15,1,1,36:56,New Orleans Saints
8,Sun,October 29,boxscore,W,,,Chicago Bears,20,12,23,28,286,0,0,2,13,10.7,9.5,82.1,109.2,30,101,3.4,2,2,2,2,2,4,204,2,9,0,0,31:23,New Orleans Saints
9,Sun,November 5,boxscore,W,,,Tampa Bay Buccaneers,30,10,22,27,256,2,0,1,7,9.7,9.1,81.5,130.9,32,151,4.7,1,1,2,3,4,2,91,7,13,0,0,32:18,New Orleans Saints
10,Sun,November 12,boxscore,W,,@,Buffalo Bills,47,10,18,25,184,0,0,0,0,7.4,7.4,72.0,92.7,48,298,6.2,6,2,2,5,6,0,0,6,12,2,2,41:23,New Orleans Saints
11,Sun,November 19,boxscore,W,OT,,Washington Redskins,34,31,29,41,375,2,1,2,10,9.4,8.7,70.7,105.2,23,160,7.0,1,4,4,2,2,3,119,4,12,1,1,30:24,New Orleans Saints
12,Sun,November 26,boxscore,L,,@,Los Angeles Rams,20,26,22,32,223,1,0,3,23,7.7,6.4,68.8,98.8,17,123,7.2,1,2,2,2,2,7,371,3,13,1,1,24:34,New Orleans Saints
13,Sun,December 3,boxscore,W,,,Carolina Panthers,31,21,25,34,252,1,0,2,17,7.9,7.0,73.5,104.0,28,148,5.3,3,1,2,4,4,4,184,6,15,1,1,33:21,New Orleans Saints
14,Thu,December 7,boxscore,L,,@,Atlanta Falcons,17,20,26,35,256,2,1,2,15,7.7,6.9,74.3,101.6,15,50,3.3,0,1,1,2,2,5,208,3,10,1,1,25:19,New Orleans Saints
15,Sun,December 17,boxscore,W,,,New York Jets,31,19,26,36,281,2,1,0,0,7.8,7.8,72.2,101.7,28,131,4.7,2,1,1,4,4,4,187,3,10,1,1,29:10,New Orleans Saints
16,Sun,December 24,boxscore,W,,,Atlanta Falcons,23,13,21,28,229,1,1,1,10,8.5,7.9,75.0,95.7,31,86,2.8,1,3,3,2,2,6,268,3,13,1,1,33:48,New Orleans Saints
17,Sun,December 31,boxscore,L,,@,Tampa Bay Buccaneers,24,31,22,30,231,1,0,2,14,8.2,7.2,73.3,106.4,26,92,3.5,1,1,1,3,3,4,185,6,12,0,1,28:27,New Orleans Saints
18,Sun,January 7,boxscore,W,,,Carolina Panthers,31,26,23,33,369,2,1,1,7,11.4,10.9,69.7,114.3,22,41,1.9,2,1,1,4,4,4,183,2,8,0,1,26:11,New Orleans Saints
19,Sun,January 14,boxscore,L,,@,Minnesota Vikings,24,29,25,41,278,3,2,2,16,7.2,6.5,61.0,85.2,24,80,3.3,0,1,2,3,3,4,192,2,9,1,1,26:43,New Orleans Saints
18,Sun,January 7,boxscore,W,,,Carolina Panthers,31,26,23,33,369,2,1,1,7,11.4,10.9,69.7,114.3,22,41,1.9,2,1,1,4,4,4,183,2,8,0,1,26:11,New Orleans Saints
19,Sun,January 14,boxscore,L,,@,Minnesota Vikings,24,29,25,41,278,3,2,2,16,7.2,6.5,61.0,85.2,24,80,3.3,0,1,2,3,3,4,192,2,9,1,1,26:43,New Orleans Saints
1,Sun,September 10,boxscore,L,,@,Dallas Cowboys,3,19,29,38,198,0,1,3,22,5.8,4.8,76.3,76.4,12,35,2.9,0,1,1,0,0,6,269,4,12,1,1,25:46,New York Giants
2,Mon,September 18,boxscore,L,,,Detroit Lions,10,24,22,32,208,1,1,5,31,7.5,5.6,68.8,83.9,18,62,3.4,0,1,1,1,1,5,239,4,12,0,2,27:13,New York Giants
3,Sun,September 24,boxscore,L,,@,Philadelphia Eagles,24,27,35,47,366,3,2,0,0,7.8,7.8,74.5,100.1,17,49,2.9,0,1,1,3,3,4,154,3,10,0,2,22:28,New York Giants
4,Sun,October 1,boxscore,L,,@,Tampa Bay Buccaneers,23,25,30,49,288,2,0,0,0,5.9,5.9,61.2,91.2,28,91,3.3,1,1,2,2,2,5,205,8,17,0,1,34:13,New York Giants
5,Sun,October 8,boxscore,L,,,Los Angeles Chargers,22,27,21,36,183,2,1,5,42,6.3,4.5,58.3,78.8,25,152,6.1,1,0,0,2,2,8,353,5,15,0,1,28:15,New York Giants
6,Sun,October 15,boxscore,W,,@,Denver Broncos,23,10,11,19,118,1,0,3,10,6.7,5.4,57.9,93.7,32,148,4.6,0,3,4,2,2,6,299,4,14,0,0,30:36,New York Giants
7,Sun,October 22,boxscore,L,,,Seattle Seahawks,7,24,19,39,131,1,0,1,3,3.4,3.3,48.7,65.2,17,46,2.7,0,0,1,1,1,7,304,2,12,0,1,24:34,New York Giants
9,Sun,November 5,boxscore,L,,,Los Angeles Rams,17,51,20,38,208,2,1,2,12,5.8,5.2,52.6,75.3,26,111,4.3,0,1,2,2,2,5,213,8,16,0,0,29:30,New York Giants
10,Sun,November 12,boxscore,L,,@,San Francisco 49ers,21,31,28,37,260,2,0,3,13,7.4,6.5,75.7,112.4,23,114,5.0,0,2,3,1,1,3,124,5,14,3,3,31:00,New York Giants
11,Sun,November 19,boxscore,W,OT,,Kansas City Chiefs,12,9,19,36,205,0,1,0,0,5.7,5.7,52.8,58.2,32,112,3.5,1,2,2,0,1,6,272,3,13,2,3,30:50,New York Giants
12,Thu,November 23,boxscore,L,,@,Washington Redskins,10,20,13,27,86,0,1,4,27,4.2,2.8,48.1,40.0,24,84,3.5,0,1,1,1,1,9,371,2,14,1,2,25:23,New York Giants
13,Sun,December 3,boxscore,L,,@,Oakland Raiders,17,24,21,34,200,1,0,3,12,6.2,5.4,61.8,87.9,24,65,2.7,1,1,1,2,2,7,339,5,14,0,0,28:41,New York Giants
14,Sun,December 10,boxscore,L,,,Dallas Cowboys,10,30,31,46,228,1,2,0,0,5.0,5.0,67.4,68.0,29,102,3.5,0,1,1,1,1,8,347,6,16,0,0,32:53,New York Giants
15,Sun,December 17,boxscore,L,,,Philadelphia Eagles,29,34,37,57,429,3,1,1,5,7.6,7.4,64.9,97.8,23,75,3.3,1,1,2,2,3,3,74,10,18,0,1,29:07,New York Giants
16,Sun,December 24,boxscore,L,,@,Arizona Cardinals,0,23,27,45,250,0,2,2,13,5.8,5.3,60.0,56.7,20,43,2.2,0,0,1,0,0,6,263,1,14,1,4,26:47,New York Giants
17,Sun,December 31,boxscore,W,,,Washington Redskins,18,10,10,28,121,1,1,2,11,4.7,4.0,35.7,46.9,44,260,5.9,1,2,2,0,1,9,363,4,16,0,0,31:53,New York Giants
1,Sun,September 10,boxscore,L,,@,Buffalo Bills,12,21,26,39,176,0,2,1,11,4.8,4.4,66.7,55.1,15,38,2.5,1,2,2,0,0,6,297,4,14,1,1,26:56,New York Jets
2,Sun,September 17,boxscore,L,,@,Oakland Raiders,20,45,16,24,145,2,0,4,21,6.9,5.2,66.7,110.6,25,126,5.0,0,2,2,2,2,3,119,7,12,0,0,28:58,New York Jets
3,Sun,September 24,boxscore,W,,,Miami Dolphins,20,6,18,23,233,1,0,2,16,10.8,9.3,78.3,123.4,34,103,3.0,1,2,3,2,2,5,243,4,13,0,0,36:08,New York Jets
4,Sun,October 1,boxscore,W,OT,,Jacksonville Jaguars,23,20,23,32,215,0,1,5,40,8.0,5.8,71.9,77.0,32,256,8.0,2,3,4,2,2,6,262,6,17,1,1,34:24,New York Jets
5,Sun,October 8,boxscore,W,,@,Cleveland Browns,17,14,23,30,178,2,1,3,16,6.5,5.4,76.7,99.0,18,34,1.9,0,1,1,2,2,6,308,4,12,0,0,25:34,New York Jets
6,Sun,October 15,boxscore,L,,,New England Patriots,17,24,31,47,334,2,2,4,20,7.5,6.5,66.0,83.1,24,74,3.1,0,1,1,2,2,4,187,9,17,1,3,33:40,New York Jets
7,Sun,October 22,boxscore,L,,@,Miami Dolphins,28,31,17,27,180,3,1,3,29,7.7,6.0,63.0,103.9,22,92,4.2,1,0,0,4,4,7,321,4,11,0,0,28:02,New York Jets
8,Sun,October 29,boxscore,L,,,Atlanta Falcons,20,25,26,33,236,2,0,3,21,7.8,6.6,78.8,116.7,22,43,2.0,0,2,4,2,2,5,262,5,15,1,1,31:41,New York Jets
9,Thu,November 2,boxscore,W,,,Buffalo Bills,34,21,14,20,137,1,0,1,3,7.0,6.5,70.0,105.6,41,194,4.7,3,2,2,4,4,5,208,6,14,0,0,33:30,New York Jets
10,Sun,November 12,boxscore,L,,@,Tampa Bay Buccaneers,10,15,23,39,219,1,1,6,43,6.7,4.9,59.0,72.5,19,56,2.9,0,1,1,1,1,7,354,3,15,1,2,28:06,New York Jets
12,Sun,November 26,boxscore,L,,,Carolina Panthers,27,35,19,36,282,3,0,3,25,8.5,7.2,52.8,106.5,26,109,4.2,0,2,2,3,3,7,318,5,14,0,0,28:10,New York Jets
13,Sun,December 3,boxscore,W,,,Kansas City Chiefs,38,31,26,36,331,1,0,0,0,9.2,9.2,72.2,109.8,49,157,3.2,3,3,3,3,3,2,73,13,20,1,1,42:49,New York Jets
14,Sun,December 10,boxscore,L,,@,Denver Broncos,0,23,8,21,41,0,1,4,19,2.9,1.6,38.1,26.5,23,59,2.6,0,0,0,0,0,8,365,3,13,0,1,22:25,New York Jets
15,Sun,December 17,boxscore,L,,@,New Orleans Saints,19,31,19,39,170,1,2,1,9,4.6,4.3,48.7,48.0,28,124,4.4,1,2,2,1,1,7,316,5,15,0,1,30:50,New York Jets
16,Sun,December 24,boxscore,L,,,Los Angeles Chargers,7,14,15,28,98,0,1,3,21,4.3,3.2,53.6,46.4,30,197,6.6,1,0,0,1,1,9,421,3,14,0,1,27:02,New York Jets
17,Sun,December 31,boxscore,L,,@,New England Patriots,6,26,19,36,207,0,0,4,25,6.4,5.2,52.8,70.0,19,40,2.1,0,2,3,0,0,7,324,0,12,1,1,25:11,New York Jets
1,Sun,September 10,boxscore,W,,@,Washington Redskins,30,17,26,39,298,2,1,2,9,7.9,7.3,66.7,95.9,24,58,2.4,0,3,3,1,2,4,170,8,14,0,0,34:16,Philadelphia Eagles
2,Sun,September 17,boxscore,L,,@,Kansas City Chiefs,20,27,25,46,299,2,1,6,34,7.2,5.8,54.3,79.9,17,107,6.3,0,2,3,2,2,4,169,8,15,0,0,30:49,Philadelphia Eagles
3,Sun,September 24,boxscore,W,,,New York Giants,27,24,21,31,161,1,0,3,15,5.7,4.7,67.7,90.9,39,193,4.9,2,2,3,3,3,4,182,5,14,2,3,37:32,Philadelphia Eagles
4,Sun,October 1,boxscore,W,,@,Los Angeles Chargers,26,24,17,31,240,1,0,1,2,7.8,7.5,54.8,90.8,42,214,5.1,1,4,4,2,2,2,95,9,16,1,1,39:18,Philadelphia Eagles
5,Sun,October 8,boxscore,W,,,Arizona Cardinals,34,7,21,30,297,4,1,1,7,10.1,9.6,70.0,127.4,33,122,3.7,0,2,2,4,4,3,129,9,14,0,0,35:47,Philadelphia Eagles
6,Thu,October 12,boxscore,W,,@,Carolina Panthers,28,23,16,30,209,3,0,3,13,7.4,6.3,53.3,108.9,27,101,3.7,0,2,2,2,2,6,305,5,14,1,1,28:34,Philadelphia Eagles
7,Mon,October 23,boxscore,W,,,Washington Redskins,34,24,17,25,244,4,1,3,24,10.7,8.7,68.0,122.3,33,127,3.8,0,2,3,4,4,3,153,6,12,0,0,29:45,Philadelphia Eagles
8,Sun,October 29,boxscore,W,,,San Francisco 49ers,33,10,18,32,192,2,1,3,19,6.6,5.5,56.3,81.8,31,112,3.6,1,2,2,1,3,6,275,4,14,1,1,32:57,Philadelphia Eagles
9,Sun,November 5,boxscore,W,,,Denver Broncos,51,23,16,28,222,4,0,2,12,8.4,7.4,57.1,122.3,37,197,5.3,3,1,1,6,7,2,108,5,13,2,4,29:54,Philadelphia Eagles
11,Sun,November 19,boxscore,W,,@,Dallas Cowboys,37,9,14,27,168,2,0,0,0,6.2,6.2,51.9,95.9,33,215,6.5,2,0,1,1,1,6,275,5,14,1,1,29:29,Philadelphia Eagles
12,Sun,November 26,boxscore,W,,,Chicago Bears,31,3,26,39,244,3,0,1,4,6.4,6.1,66.7,109.3,33,176,5.3,0,1,1,4,4,2,87,7,16,3,4,37:08,Philadelphia Eagles
13,Sun,December 3,boxscore,L,,@,Seattle Seahawks,10,24,29,45,327,1,1,3,21,7.7,6.8,64.4,84.2,26,98,3.8,0,1,1,1,1,3,123,8,16,2,4,31:54,Philadelphia Eagles
14,Sun,December 10,boxscore,W,,@,Los Angeles Rams,43,35,29,51,316,4,1,2,17,6.5,6.0,56.9,93.3,32,139,4.3,0,3,3,4,4,4,142,8,20,2,2,39:12,Philadelphia Eagles
15,Sun,December 17,boxscore,W,,@,New York Giants,34,29,24,38,233,4,0,1,4,6.2,6.0,63.2,115.4,27,108,4.0,0,2,2,4,4,4,187,6,13,0,1,30:53,Philadelphia Eagles
16,Mon,December 25,boxscore,W,,,Oakland Raiders,19,10,19,38,138,1,1,2,25,4.3,3.5,50.0,56.7,21,78,3.7,0,2,3,1,1,8,334,1,14,2,2,25:39,Philadelphia Eagles
17,Sun,December 31,boxscore,L,,,Dallas Cowboys,0,6,23,34,149,0,1,3,24,5.1,4.0,67.6,64.5,18,70,3.9,0,0,0,0,0,7,299,2,11,0,2,29:55,Philadelphia Eagles
19,Sat,January 13,boxscore,W,,,Atlanta Falcons,15,10,23,30,238,0,0,1,8,8.2,7.7,76.7,99.0,32,96,3.0,1,3,3,0,1,3,123,6,13,1,1,32:06,Philadelphia Eagles
20,Sun,January 21,boxscore,W,,,Minnesota Vikings,38,7,26,33,346,3,0,1,6,10.7,10.2,78.8,140.7,30,110,3.7,1,1,1,5,5,3,130,10,14,0,0,34:04,Philadelphia Eagles
21,Sun,February 4,boxscore,W,,N,New England Patriots,41,33,29,44,374,4,1,0,0,8.5,8.5,65.9,113.3,27,164,6.1,1,3,3,2,3,1,41,10,16,2,2,34:04,Philadelphia Eagles
19,Sat,January 13,boxscore,W,,,Atlanta Falcons,15,10,23,30,238,0,0,1,8,8.2,7.7,76.7,99.0,32,96,3.0,1,3,3,0,1,3,123,6,13,1,1,32:06,Philadelphia Eagles
20,Sun,January 21,boxscore,W,,,Minnesota Vikings,38,7,26,33,346,3,0,1,6,10.7,10.2,78.8,140.7,30,110,3.7,1,1,1,5,5,3,130,10,14,0,0,34:04,Philadelphia Eagles
21,Sun,February 4,boxscore,W,,N,New England Patriots,41,33,29,44,374,4,1,0,0,8.5,8.5,65.9,113.3,27,164,6.1,1,3,3,2,3,1,41,10,16,2,2,34:04,Philadelphia Eagles
1,Sun,September 10,boxscore,W,,@,Cleveland Browns,21,18,24,36,255,2,1,1,8,7.3,6.9,66.7,94.1,17,35,2.1,0,0,0,3,3,6,275,5,13,0,0,28:50,Pittsburgh Steelers
2,Sun,September 17,boxscore,W,,,Minnesota Vikings,26,9,23,35,233,2,0,2,10,6.9,6.3,65.7,103.6,32,102,3.2,0,4,4,2,2,5,193,3,13,0,0,34:22,Pittsburgh Steelers
3,Sun,September 24,boxscore,L,OT,@,Chicago Bears,17,23,22,39,212,1,0,3,23,6.0,5.0,56.4,80.3,17,70,4.1,1,1,2,2,2,5,203,4,11,0,0,27:34,Pittsburgh Steelers
4,Sun,October 1,boxscore,W,,@,Baltimore Ravens,26,9,18,30,208,1,1,1,8,7.2,6.7,60.0,78.2,42,173,4.1,2,2,3,2,2,4,150,7,15,0,0,35:29,Pittsburgh Steelers
5,Sun,October 8,boxscore,L,,,Jacksonville Jaguars,9,30,33,55,301,0,5,2,11,5.7,5.3,60.0,37.0,20,70,3.5,0,3,3,0,0,3,134,7,15,0,0,31:08,Pittsburgh Steelers
6,Sun,October 15,boxscore,W,,@,Kansas City Chiefs,19,13,17,25,245,1,1,1,7,10.1,9.4,68.0,96.2,37,194,5.2,1,1,1,2,2,5,207,4,11,0,0,36:39,Pittsburgh Steelers
7,Sun,October 22,boxscore,W,,,Cincinnati Bengals,29,14,15,25,268,2,0,0,0,10.7,10.7,60.0,123.4,43,152,3.5,0,5,5,2,2,2,90,2,11,1,3,35:15,Pittsburgh Steelers
8,Sun,October 29,boxscore,W,,@,Detroit Lions,20,15,17,31,317,1,1,0,0,10.2,10.2,54.8,87.7,29,75,2.6,1,2,2,2,2,4,188,7,14,0,0,28:23,Pittsburgh Steelers
10,Sun,November 12,boxscore,W,,@,Indianapolis Colts,20,17,19,31,228,2,1,1,8,7.6,7.1,61.3,91.9,30,88,2.9,0,2,3,0,1,6,297,5,13,0,0,29:58,Pittsburgh Steelers
11,Thu,November 16,boxscore,W,,,Tennessee Titans,40,17,30,45,284,4,0,3,15,6.6,5.9,66.7,113.6,21,65,3.1,0,4,4,4,4,3,152,4,12,0,1,31:40,Pittsburgh Steelers
12,Sun,November 26,boxscore,W,,,Green Bay Packers,31,28,33,45,341,4,2,1,10,7.8,7.4,73.3,105.9,24,121,5.0,0,1,1,2,3,3,97,8,13,1,1,33:36,Pittsburgh Steelers
13,Mon,December 4,boxscore,W,,@,Cincinnati Bengals,23,20,24,40,282,2,1,1,8,7.3,6.9,60.0,87.7,22,92,4.2,0,3,3,2,2,4,178,4,12,1,1,29:49,Pittsburgh Steelers
14,Sun,December 10,boxscore,W,,,Baltimore Ravens,39,38,44,66,486,2,0,3,20,7.7,7.0,66.7,98.4,16,59,3.7,2,4,4,3,3,3,141,12,18,0,0,33:50,Pittsburgh Steelers
15,Sun,December 17,boxscore,L,,,New England Patriots,24,27,22,30,270,2,1,2,11,9.4,8.4,73.3,109.0,31,143,4.6,1,1,1,3,3,4,171,10,16,0,0,35:07,Pittsburgh Steelers
16,Mon,December 25,boxscore,W,,@,Houston Texans,34,6,20,30,226,2,0,0,0,7.5,7.5,66.7,111.2,28,104,3.7,2,2,2,4,4,3,143,7,12,0,0,30:56,Pittsburgh Steelers
17,Sun,December 31,boxscore,W,,,Cleveland Browns,28,24,23,27,224,1,1,3,15,8.9,7.5,85.2,98.1,28,124,4.4,2,0,0,4,4,4,144,3,10,0,2,29:05,Pittsburgh Steelers
19,Sun,January 14,boxscore,L,,,Jacksonville Jaguars,42,45,37,58,462,5,1,2,7,8.1,7.7,63.8,110.0,18,83,4.6,1,0,0,6,6,2,79,7,16,4,6,31:10,Pittsburgh Steelers
19,Sun,January 14,boxscore,L,,,Jacksonville Jaguars,42,45,37,58,462,5,1,2,7,8.1,7.7,63.8,110.0,18,83,4.6,1,0,0,6,6,2,79,7,16,4,6,31:10,Pittsburgh Steelers
1,Sun,September 10,boxscore,L,,@,Green Bay Packers,9,17,14,27,135,0,0,3,23,5.9,4.5,51.9,66.1,18,90,5.0,0,3,3,0,0,6,275,3,12,0,0,20:47,Seattle Seahawks
2,Sun,September 17,boxscore,W,,,San Francisco 49ers,12,9,23,39,181,1,0,3,17,5.1,4.3,59.0,79.1,37,131,3.5,0,2,2,0,1,7,309,8,19,1,1,36:58,Seattle Seahawks
3,Sun,September 24,boxscore,L,,@,Tennessee Titans,27,33,29,49,364,4,0,1,9,7.6,7.3,59.2,109.6,22,69,3.1,0,0,0,3,3,8,388,4,14,1,2,27:19,Seattle Seahawks
4,Sun,October 1,boxscore,W,,,Indianapolis Colts,46,18,21,26,283,2,2,3,12,11.3,9.8,80.8,105.6,33,194,5.9,2,1,2,5,5,1,35,10,15,1,1,32:12,Seattle Seahawks
5,Sun,October 8,boxscore,W,,@,Los Angeles Rams,16,10,24,38,179,1,2,3,19,5.2,4.4,63.2,61.2,25,62,2.5,0,3,3,1,1,6,237,8,17,0,0,31:16,Seattle Seahawks
7,Sun,October 22,boxscore,W,,@,New York Giants,24,7,27,39,321,3,0,1,13,8.6,8.0,69.2,119.7,31,104,3.4,0,1,1,3,3,5,190,6,13,0,1,35:26,Seattle Seahawks
8,Sun,October 29,boxscore,W,,,Houston Texans,41,38,26,41,446,4,1,2,6,11.0,10.4,63.4,122.6,21,33,1.6,0,2,2,5,5,5,237,5,12,0,0,29:38,Seattle Seahawks
9,Sun,November 5,boxscore,L,,,Washington Redskins,14,17,24,45,289,2,2,2,8,6.6,6.1,53.3,69.6,28,148,5.3,0,0,3,0,0,6,263,5,14,0,0,32:19,Seattle Seahawks
10,Thu,November 9,boxscore,W,,@,Arizona Cardinals,22,16,22,32,212,2,0,5,26,7.4,5.7,68.8,107.8,23,75,3.3,0,2,2,2,2,8,398,3,13,0,0,30:53,Seattle Seahawks
11,Mon,November 20,boxscore,L,,,Atlanta Falcons,31,34,27,43,224,2,1,3,30,5.9,4.9,62.8,81.9,23,136,5.9,1,3,4,2,2,1,43,5,12,1,2,29:39,Seattle Seahawks
12,Sun,November 26,boxscore,W,,@,San Francisco 49ers,24,13,20,34,228,2,1,0,0,6.7,6.7,58.8,86.4,30,90,3.0,1,1,2,3,3,6,288,5,13,0,0,29:31,Seattle Seahawks
13,Sun,December 3,boxscore,W,,,Philadelphia Eagles,24,10,20,31,209,3,0,2,18,7.3,6.3,64.5,116.2,25,101,4.0,0,1,1,3,3,5,199,6,12,0,0,28:06,Seattle Seahawks
14,Sun,December 10,boxscore,L,,@,Jacksonville Jaguars,24,30,17,31,260,3,3,2,11,8.7,7.9,54.8,75.4,24,141,5.9,0,1,2,3,3,4,181,2,9,0,1,26:59,Seattle Seahawks
15,Sun,December 17,boxscore,L,,,Los Angeles Rams,7,42,14,30,71,1,0,7,71,4.7,1.9,46.7,64.6,17,78,4.6,0,0,0,1,1,9,427,4,14,0,0,23:14,Seattle Seahawks
16,Sun,December 24,boxscore,W,,@,Dallas Cowboys,21,12,14,21,60,2,0,3,33,4.4,2.5,66.7,101.9,30,76,2.5,0,0,0,3,3,7,323,4,11,0,0,27:10,Seattle Seahawks
17,Sun,December 31,boxscore,L,,,Arizona Cardinals,24,26,18,29,195,2,0,3,26,7.6,6.1,62.1,104.8,22,101,4.6,0,1,2,3,3,8,348,1,12,1,1,27:44,Seattle Seahawks
1,Sun,September 10,boxscore,L,,,Carolina Panthers,3,23,24,35,166,0,1,4,27,5.5,4.3,68.6,67.1,15,51,3.4,0,1,1,0,0,4,163,2,11,1,4,25:39,San Francisco 49ers
2,Sun,September 17,boxscore,L,,@,Seattle Seahawks,9,12,15,27,89,0,1,2,10,3.7,3.1,55.6,46.7,19,159,8.4,0,3,3,0,0,7,307,2,12,0,0,23:02,San Francisco 49ers
3,Thu,September 21,boxscore,L,,,Los Angeles Rams,39,41,23,37,308,2,1,4,24,9.0,7.5,62.2,95.3,33,113,3.4,3,2,2,3,4,2,83,9,18,2,3,30:17,San Francisco 49ers
4,Sun,October 1,boxscore,L,OT,@,Arizona Cardinals,15,18,24,49,210,0,1,3,24,4.8,4.0,49.0,52.3,27,95,3.5,0,5,5,0,0,7,351,5,19,1,1,33:13,San Francisco 49ers
5,Sun,October 8,boxscore,L,OT,@,Indianapolis Colts,23,26,29,46,336,2,0,2,17,7.7,7.0,63.0,99.5,22,66,3.0,0,3,3,2,2,6,274,4,14,2,2,31:05,San Francisco 49ers
6,Sun,October 15,boxscore,L,,@,Washington Redskins,24,26,23,47,250,1,1,3,29,5.9,5.0,48.9,63.3,20,85,4.3,2,1,2,3,3,6,254,6,17,1,2,23:08,San Francisco 49ers
7,Sun,October 22,boxscore,L,,,Dallas Cowboys,10,40,22,38,187,0,0,5,48,6.2,4.3,57.9,70.8,22,103,4.7,1,1,1,1,1,4,180,6,13,0,2,27:10,San Francisco 49ers
8,Sun,October 29,boxscore,L,,@,Philadelphia Eagles,10,33,17,36,144,1,2,4,23,4.6,3.6,47.2,44.2,24,94,3.9,0,1,2,1,1,8,364,3,15,0,0,27:03,San Francisco 49ers
9,Sun,November 5,boxscore,L,,,Arizona Cardinals,10,20,24,51,266,0,1,5,28,5.8,4.8,47.1,54.9,17,63,3.7,1,1,1,1,1,8,352,6,17,0,2,23:38,San Francisco 49ers
10,Sun,November 12,boxscore,W,,,New York Giants,31,21,19,25,288,2,1,0,0,11.5,11.5,76.0,123.4,33,186,5.6,2,1,1,4,4,1,45,8,12,0,1,29:00,San Francisco 49ers
12,Sun,November 26,boxscore,L,,,Seattle Seahawks,13,24,24,40,196,1,1,3,23,5.5,4.6,60.0,70.4,24,84,3.5,0,2,2,1,1,9,342,5,16,1,1,30:29,San Francisco 49ers
13,Sun,December 3,boxscore,W,,@,Chicago Bears,15,14,26,37,278,0,1,2,15,7.9,7.1,70.3,80.7,34,110,3.2,0,5,5,0,0,2,72,10,18,0,0,38:47,San Francisco 49ers
14,Sun,December 10,boxscore,W,,@,Houston Texans,26,16,20,33,314,1,1,2,20,10.1,9.0,60.6,89.7,31,102,3.3,1,4,4,2,2,5,207,2,11,0,0,34:49,San Francisco 49ers
15,Sun,December 17,boxscore,W,,,Tennessee Titans,25,23,31,43,363,1,0,3,18,8.9,7.9,72.1,105.1,22,51,2.3,0,6,6,1,1,1,43,7,14,0,0,32:35,San Francisco 49ers
16,Sun,December 24,boxscore,W,,,Jacksonville Jaguars,44,33,21,30,238,2,1,1,4,8.1,7.7,70.0,101.8,35,131,3.7,3,1,1,5,6,3,131,10,15,0,0,29:11,San Francisco 49ers
17,Sun,December 31,boxscore,W,,@,Los Angeles Rams,34,13,20,33,292,2,2,0,0,8.8,8.8,60.6,84.4,30,169,5.6,2,2,2,4,4,2,87,6,12,0,0,29:09,San Francisco 49ers
2,Sun,September 17,boxscore,W,,,Chicago Bears,29,7,18,31,194,1,0,2,10,6.6,5.9,58.1,87.3,34,117,3.4,1,3,3,2,3,3,146,8,15,0,0,33:11,Tampa Bay Buccaneers
3,Sun,September 24,boxscore,L,,@,Minnesota Vikings,17,34,28,40,316,2,3,2,12,8.2,7.5,70.0,78.7,9,26,2.9,0,1,1,2,2,4,163,1,6,0,0,22:14,Tampa Bay Buccaneers
4,Sun,October 1,boxscore,W,,,New York Giants,25,23,22,38,323,3,0,1,9,8.7,8.3,57.9,112.1,23,111,4.8,0,2,4,1,2,4,199,3,11,0,1,25:47,Tampa Bay Buccaneers
5,Thu,October 5,boxscore,L,,,New England Patriots,14,19,26,46,319,1,0,2,15,7.3,6.6,56.5,85.3,20,90,4.5,1,0,3,2,2,6,271,4,13,0,0,29:10,Tampa Bay Buccaneers
6,Sun,October 15,boxscore,L,,@,Arizona Cardinals,33,38,27,42,344,3,2,2,7,8.4,7.8,64.3,93.8,21,68,3.2,1,0,0,1,1,4,154,7,14,2,3,27:37,Tampa Bay Buccaneers
7,Sun,October 22,boxscore,L,,@,Buffalo Bills,27,30,32,44,378,3,1,1,6,8.7,8.4,72.7,111.7,25,69,2.8,0,2,2,3,3,2,77,6,11,0,0,33:10,Tampa Bay Buccaneers
8,Sun,October 29,boxscore,L,,,Carolina Panthers,3,17,21,38,194,0,2,3,16,5.5,4.7,55.3,47.5,22,85,3.9,0,1,1,0,0,6,274,2,12,0,1,27:49,Tampa Bay Buccaneers
9,Sun,November 5,boxscore,L,,@,New Orleans Saints,10,30,15,28,113,1,0,4,22,4.8,3.5,53.6,75.4,25,87,3.5,0,1,2,1,1,7,239,4,13,0,0,27:42,Tampa Bay Buccaneers
10,Sun,November 12,boxscore,W,,,New York Jets,15,10,17,34,181,1,1,1,6,5.5,5.2,50.0,63.5,31,90,2.9,0,3,3,0,0,6,260,7,16,0,0,31:54,Tampa Bay Buccaneers
11,Sun,November 19,boxscore,W,,@,Miami Dolphins,30,20,22,37,268,2,0,1,7,7.4,7.1,59.5,99.8,24,53,2.2,0,3,4,3,3,6,249,3,13,0,0,31:49,Tampa Bay Buccaneers
12,Sun,November 26,boxscore,L,,@,Atlanta Falcons,20,34,27,44,279,0,0,1,4,6.4,6.2,61.4,79.6,23,94,4.1,2,2,2,2,2,3,160,4,11,1,2,29:54,Tampa Bay Buccaneers
13,Sun,December 3,boxscore,L,OT,@,Green Bay Packers,20,26,21,32,230,2,0,7,40,8.4,5.9,65.6,107.6,35,165,4.7,0,2,2,2,2,5,176,9,16,0,0,37:17,Tampa Bay Buccaneers
14,Sun,December 10,boxscore,L,,,Detroit Lions,21,24,26,38,267,2,2,3,18,7.5,6.5,68.4,84.0,28,133,4.8,1,0,0,3,3,3,148,4,8,0,0,30:13,Tampa Bay Buccaneers
15,Mon,December 18,boxscore,L,,,Atlanta Falcons,21,24,27,35,289,3,0,2,10,8.5,7.8,77.1,129.3,18,84,4.7,0,0,1,3,3,4,191,4,8,0,0,26:45,Tampa Bay Buccaneers
16,Sun,December 24,boxscore,L,,@,Carolina Panthers,19,22,21,27,326,1,0,6,41,13.6,9.9,77.8,129.3,24,66,2.8,0,4,5,1,1,1,50,6,11,0,0,29:30,Tampa Bay Buccaneers
17,Sun,December 31,boxscore,W,,,New Orleans Saints,31,24,28,51,345,1,3,2,18,7.1,6.5,54.9,58.0,28,110,3.9,2,1,1,2,3,2,100,13,18,1,1,31:33,Tampa Bay Buccaneers
1,Sun,September 10,boxscore,L,,,Oakland Raiders,16,26,25,41,255,0,0,1,1,6.2,6.1,61.0,78.8,21,95,4.5,1,3,4,1,1,4,188,7,14,0,0,28:21,Tennessee Titans
2,Sun,September 17,boxscore,W,,@,Jacksonville Jaguars,37,16,15,27,211,1,1,1,4,8.0,7.5,55.6,77.9,36,179,5.0,3,3,3,4,4,3,125,6,13,0,0,30:46,Tennessee Titans
3,Sun,September 24,boxscore,W,,,Seattle Seahawks,33,27,20,32,225,2,0,0,0,7.0,7.0,62.5,104.3,35,195,5.6,1,4,4,3,3,6,341,4,14,0,0,32:41,Tennessee Titans
4,Sun,October 1,boxscore,L,,@,Houston Texans,14,57,10,20,109,0,4,2,8,5.9,5.0,50.0,26.9,19,86,4.5,2,0,0,2,2,5,246,2,8,0,0,20:19,Tennessee Titans
5,Sun,October 8,boxscore,L,,@,Miami Dolphins,10,16,21,32,119,1,0,6,22,4.4,3.1,65.6,82.7,20,69,3.5,0,1,1,1,1,10,549,2,13,0,0,30:15,Tennessee Titans
6,Mon,October 16,boxscore,W,,,Indianapolis Colts,36,22,23,32,305,1,1,1,1,9.6,9.2,71.9,99.1,34,168,4.9,2,5,5,3,3,1,44,6,13,1,1,35:53,Tennessee Titans
7,Sun,October 22,boxscore,W,OT,@,Cleveland Browns,12,9,21,34,189,0,0,2,14,6.0,5.3,61.8,76.7,32,80,2.5,0,4,5,0,0,4,208,5,17,0,1,35:23,Tennessee Titans
9,Sun,November 5,boxscore,W,,,Baltimore Ravens,23,20,19,28,186,2,1,3,32,7.8,6.0,67.9,95.2,21,71,3.4,1,1,1,2,3,5,256,3,11,0,0,27:38,Tennessee Titans
10,Sun,November 12,boxscore,W,,,Cincinnati Bengals,24,20,25,44,236,1,1,4,28,6.0,4.9,56.8,69.9,36,180,5.0,2,1,2,3,3,6,339,7,15,0,0,40:09,Tennessee Titans
11,Thu,November 16,boxscore,L,,@,Pittsburgh Steelers,17,40,22,34,264,1,4,5,42,9.0,6.8,64.7,58.6,21,52,2.5,1,1,2,2,2,3,142,5,13,1,2,28:20,Tennessee Titans
12,Sun,November 26,boxscore,W,,@,Indianapolis Colts,20,16,17,25,184,1,2,0,0,7.4,7.4,68.0,69.4,28,92,3.3,1,2,2,2,2,3,139,3,8,0,0,28:38,Tennessee Titans
13,Sun,December 3,boxscore,W,,,Houston Texans,24,13,15,23,146,1,0,2,4,6.5,5.8,65.2,97.4,25,198,7.9,2,1,2,3,3,4,199,5,11,1,1,26:11,Tennessee Titans
14,Sun,December 10,boxscore,L,,@,Arizona Cardinals,7,12,16,31,139,0,2,3,20,5.1,4.1,51.6,36.9,22,65,3.0,1,0,1,1,1,6,313,4,12,0,2,26:11,Tennessee Titans
15,Sun,December 17,boxscore,L,,@,San Francisco 49ers,23,25,23,33,238,2,0,1,3,7.3,7.0,69.7,110.4,28,90,3.2,0,3,3,2,2,2,111,6,12,1,1,27:25,Tennessee Titans
16,Sun,December 24,boxscore,L,,,Los Angeles Rams,23,27,22,39,269,0,1,1,6,7.1,6.7,56.4,67.1,26,97,3.7,1,3,4,2,2,4,145,3,12,0,1,29:56,Tennessee Titans
17,Sun,December 31,boxscore,W,,,Jacksonville Jaguars,15,10,12,21,116,1,0,3,18,6.4,4.8,57.1,88.6,39,116,3.0,0,3,3,0,1,9,383,3,16,1,1,33:27,Tennessee Titans
18,Sat,January 6,boxscore,W,,@,Kansas City Chiefs,22,21,19,31,195,2,1,2,10,6.6,5.9,61.3,87.4,31,202,6.5,1,1,1,1,1,3,131,8,13,0,0,32:28,Tennessee Titans
19,Sat,January 13,boxscore,L,,@,New England Patriots,14,35,22,37,202,2,0,8,52,6.9,4.5,59.5,92.4,16,65,4.1,0,0,0,2,2,7,316,5,15,2,3,27:04,Tennessee Titans
18,Sat,January 6,boxscore,W,,@,Kansas City Chiefs,22,21,19,31,195,2,1,2,10,6.6,5.9,61.3,87.4,31,202,6.5,1,1,1,1,1,3,131,8,13,0,0,32:28,Tennessee Titans
19,Sat,January 13,boxscore,L,,@,New England Patriots,14,35,22,37,202,2,0,8,52,6.9,4.5,59.5,92.4,16,65,4.1,0,0,0,2,2,7,316,5,15,2,3,27:04,Tennessee Titans
1,Sun,September 10,boxscore,L,,,Philadelphia Eagles,17,30,23,40,200,1,1,4,40,6.0,4.5,57.5,68.7,17,64,3.8,0,1,1,2,2,4,162,3,11,0,1,25:44,Washington Commanders
2,Sun,September 17,boxscore,W,,@,Los Angeles Rams,27,20,18,27,156,1,0,2,23,6.6,5.4,66.7,94.1,39,229,5.9,2,2,3,3,3,4,204,5,13,0,0,36:19,Washington Commanders
3,Sun,September 24,boxscore,W,,,Oakland Raiders,27,10,25,30,356,3,0,1,9,12.2,11.5,83.3,149.4,34,116,3.4,0,2,3,3,3,5,221,7,15,0,0,38:06,Washington Commanders
4,Mon,October 2,boxscore,L,,@,Kansas City Chiefs,20,29,14,24,220,2,0,0,0,9.2,9.2,58.3,116.7,26,111,4.3,0,2,2,2,2,4,169,4,11,1,1,22:51,Washington Commanders
6,Sun,October 15,boxscore,W,,,San Francisco 49ers,26,24,25,37,325,2,1,1,5,8.9,8.6,67.6,101.7,33,94,2.8,1,2,2,2,3,4,181,7,14,0,0,36:52,Washington Commanders
7,Mon,October 23,boxscore,L,,@,Philadelphia Eagles,24,34,30,40,269,3,1,4,34,7.6,6.1,75.0,107.2,18,75,4.2,0,1,1,3,3,5,239,4,12,0,1,30:15,Washington Commanders
8,Sun,October 29,boxscore,L,,,Dallas Cowboys,19,33,26,39,236,1,1,4,27,6.7,5.5,66.7,80.7,15,49,3.3,1,2,3,1,2,3,140,4,13,1,1,26:41,Washington Commanders
9,Sun,November 5,boxscore,W,,@,Seattle Seahawks,17,14,21,31,193,0,0,6,54,8.0,5.2,67.7,84.5,23,51,2.2,2,1,1,2,2,8,320,4,13,0,0,27:41,Washington Commanders
10,Sun,November 12,boxscore,L,,,Minnesota Vikings,30,38,26,45,313,1,1,1,14,7.3,6.8,57.8,77.4,27,81,3.0,2,3,3,3,3,1,52,5,14,3,5,31:06,Washington Commanders
11,Sun,November 19,boxscore,L,OT,@,New Orleans Saints,31,34,22,32,300,3,0,2,22,10.1,8.8,68.8,129.7,33,156,4.7,1,1,1,4,4,5,248,4,12,2,2,32:11,Washington Commanders
12,Thu,November 23,boxscore,W,,,New York Giants,20,10,19,31,201,2,1,6,41,7.8,5.4,61.3,88.2,31,122,3.9,0,2,2,2,2,7,308,4,15,0,1,34:37,Washington Commanders
13,Thu,November 30,boxscore,L,,@,Dallas Cowboys,14,38,26,37,224,2,2,4,27,6.8,5.5,70.3,81.4,19,56,2.9,0,0,0,2,2,5,213,6,14,0,1,27:32,Washington Commanders
14,Sun,December 10,boxscore,L,,@,Los Angeles Chargers,13,30,15,27,136,1,1,2,15,5.6,4.7,55.6,66.3,21,65,3.1,0,0,0,1,2,8,345,2,12,1,2,24:40,Washington Commanders
15,Sun,December 17,boxscore,W,,,Arizona Cardinals,20,15,18,26,187,2,0,1,9,7.5,6.9,69.2,115.4,20,31,1.6,0,2,2,2,2,6,319,1,9,0,0,23:44,Washington Commanders
16,Sun,December 24,boxscore,W,,,Denver Broncos,27,11,19,37,299,3,1,0,0,8.1,8.1,51.4,94.3,29,87,3.0,0,2,2,3,3,5,247,5,13,0,0,29:33,Washington Commanders
17,Sun,December 31,boxscore,L,,@,New York Giants,10,18,20,37,136,0,3,3,22,4.3,3.4,54.1,28.7,16,61,3.8,1,1,2,1,1,9,426,1,13,1,1,28:07,Washington Commanders
